state,video,seq
0,MM_1,0
0,MM_1,10
0,MM_1,20
0,MM_1,30
0,MM_1,40
0,MM_1,50
0,MM_1,60
0,MM_1,70
0,MM_1,80
0,MM_1,90
0,MM_1,100
0,MM_1,110
0,MM_1,120
0,MM_1,130
0,MM_1,140
0,MM_1,150
0,MM_1,160
0,MM_1,170
0,MM_1,180
0,MM_1,190
0,MM_1,200
0,MM_1,210
0,MM_1,220
0,MM_1,230
0,MM_1,240
0,MM_1,250
0,MM_1,260
0,MM_1,270
0,MM_1,280
0,MM_1,290
0,MM_1,300
0,MM_1,310
0,MM_1,320
0,MM_1,330
0,MM_1,340
0,MM_1,350
0,MM_1,360
0,MM_1,370
0,MM_1,380
0,MM_1,390
0,MM_1,400
0,MM_1,410
0,MM_1,420
0,MM_1,430
0,MM_1,440
0,MM_1,450
0,MM_1,460
0,MM_1,470
0,MM_1,480
0,MM_1,490
0,MM_1,500
0,MM_1,510
0,MM_1,520
0,MM_1,530
0,MM_1,540
0,MM_1,550
0,MM_1,560
0,MM_1,570
0,MM_1,580
0,MM_1,590
0,MM_1,600
0,MM_1,610
0,MM_1,620
0,MM_1,630
0,MM_1,640
0,MM_1,650
0,MM_1,660
0,MM_1,670
0,MM_1,680
0,MM_1,690
0,MM_1,700
0,MM_1,710
0,MM_1,720
0,MM_1,730
0,MM_1,740
0,MM_1,750
0,MM_1,760
0,MM_1,770
0,MM_1,780
0,MM_1,790
0,MM_1,800
0,MM_1,810
0,MM_1,820
0,MM_1,830
0,MM_1,840
0,MM_1,850
0,MM_1,860
0,MM_1,870
0,MM_1,880
0,MM_1,890
0,MM_1,900
0,MM_1,910
0,MM_1,920
0,MM_1,930
0,MM_1,940
0,MM_1,950
0,MM_1,960
0,MM_1,970
0,MM_1,980
0,MM_1,990
0,MM_1,1000
0,MM_1,1010
0,MM_1,1020
0,MM_1,1030
0,MM_1,1040
0,MM_1,1050
0,MM_1,1060
0,MM_1,1070
0,MM_1,1080
0,MM_1,1090
0,MM_1,1100
0,MM_1,1110
0,MM_1,1120
0,MM_1,1130
0,MM_1,1140
0,MM_1,1150
0,MM_1,1160
0,MM_1,1170
0,MM_1,1180
0,MM_1,1190
0,MM_1,1200
0,MM_1,1210
0,MM_1,1220
0,MM_1,1230
0,MM_1,1240
0,MM_1,1250
0,MM_1,1260
0,MM_1,1270
0,MM_1,1280
0,MM_1,1290
0,MM_1,1300
0,MM_1,1310
0,MM_1,1320
0,MM_1,1330
0,MM_1,1340
0,MM_1,1350
0,MM_1,1360
0,MM_1,1370
0,MM_1,1380
0,MM_1,1390
0,MM_1,1400
0,MM_1,1410
0,MM_1,1420
0,MM_1,1430
0,MM_1,1440
0,MM_1,1450
0,MM_1,1460
0,MM_1,1470
0,MM_1,1480
0,MM_1,1490
0,MM_1,1500
0,MM_1,1510
0,MM_1,1520
0,MM_1,1530
0,MM_1,1540
0,MM_1,1550
0,MM_1,1560
0,MM_1,1570
0,MM_1,1580
0,MM_1,1590
0,MM_1,1600
0,MM_1,1610
0,MM_1,1620
0,MM_1,1630
0,MM_1,1640
0,MM_1,1650
0,MM_1,1660
0,MM_1,1670
0,MM_1,1680
0,MM_1,1690
0,MM_1,1700
0,MM_1,1710
0,MM_1,1720
0,MM_1,1730
0,MM_1,1740
0,MM_1,1750
0,MM_1,1760
0,MM_1,1770
0,MM_1,1780
0,MM_1,1790
0,MM_1,1800
0,MM_1,1810
0,MM_1,1820
0,MM_1,1830
0,MM_1,1840
0,MM_1,1850
0,MM_1,1860
0,MM_1,1870
0,MM_1,1880
0,MM_1,1890
0,MM_1,1900
0,MM_1,1910
0,MM_1,1920
0,MM_1,1930
0,MM_1,1940
0,MM_1,1950
0,MM_1,1960
0,MM_1,1970
0,MM_1,1980
0,MM_1,1990
0,MM_1,2000
0,MM_1,2010
0,MM_1,2020
0,MM_1,2030
0,MM_1,2040
0,MM_1,2050
0,MM_1,2060
0,MM_1,2070
0,MM_1,2080
0,MM_1,2090
0,MM_1,2100
0,MM_1,2110
0,MM_1,2120
0,MM_1,2130
0,MM_1,2140
0,MM_1,2150
0,MM_1,2160
0,MM_1,2170
0,MM_1,2180
0,MM_1,2190
0,MM_1,2200
0,MM_1,2210
0,MM_1,2220
0,MM_1,2230
0,MM_1,2240
0,MM_1,2250
0,MM_1,2260
0,MM_1,2270
0,MM_1,2280
0,MM_1,2290
0,MM_1,2300
0,MM_1,2310
0,MM_1,2320
0,MM_1,2330
0,MM_1,2340
0,MM_1,2350
0,MM_1,2360
0,MM_1,2370
0,MM_1,2380
0,MM_1,2390
0,MM_1,2400
0,MM_1,2410
0,MM_1,2420
0,MM_1,2430
0,MM_1,2440
0,MM_1,2450
0,MM_1,2460
0,MM_1,2470
0,MM_1,2480
0,MM_1,2490
0,MM_1,2500
0,MM_1,2510
0,MM_1,2520
0,MM_1,2530
0,MM_1,2540
0,MM_1,2550
0,MM_1,2560
0,MM_1,2570
0,MM_1,2580
0,MM_1,2590
0,MM_1,2600
0,MM_1,2610
0,MM_1,2620
0,MM_1,2630
0,MM_1,2640
0,MM_1,2650
0,MM_1,2660
0,MM_1,2670
0,MM_1,2680
0,MM_1,2690
0,MM_1,2700
0,MM_1,2710
0,MM_1,2720
0,MM_1,2730
0,MM_1,2740
0,MM_1,2750
0,MM_1,2760
0,MM_1,2770
0,MM_1,2780
0,MM_1,2790
0,MM_1,2800
0,MM_1,2810
0,MM_1,2820
0,MM_1,2830
0,MM_1,2840
0,MM_1,2850
0,MM_1,2860
0,MM_1,2870
0,MM_1,2880
0,MM_1,2890
0,MM_1,2900
0,MM_1,2910
0,MM_1,2920
0,MM_1,2930
0,MM_1,2940
0,MM_1,2950
0,MM_1,2960
0,MM_1,2970
0,MM_1,2980
0,MM_1,2990
0,MM_1,3000
0,MM_1,3010
0,MM_1,3020
0,MM_1,3030
0,MM_1,3040
0,MM_1,3050
0,MM_1,3060
0,MM_1,3070
0,MM_1,3080
0,MM_1,3090
0,MM_1,3100
0,MM_1,3110
0,MM_1,3120
0,MM_1,3130
0,MM_1,3140
0,MM_1,3150
0,MM_1,3160
0,MM_1,3170
0,MM_1,3180
0,MM_1,3190
0,MM_1,3200
0,MM_1,3210
0,MM_1,3220
0,MM_1,3230
0,MM_1,3240
0,MM_1,3250
0,MM_1,3260
0,MM_1,3270
0,MM_1,3280
0,MM_1,3290
0,MM_1,3300
0,MM_1,3310
0,MM_1,3320
0,MM_1,3330
0,MM_1,3340
0,MM_1,3350
0,MM_1,3360
0,MM_1,3370
0,MM_1,3380
0,MM_1,3390
0,MM_1,3400
0,MM_1,3410
0,MM_1,3420
0,MM_1,3430
0,MM_1,3440
0,MM_1,3450
0,MM_1,3460
0,MM_1,3470
0,MM_1,3480
0,MM_1,3490
0,MM_1,3500
0,MM_1,3510
0,MM_1,3520
0,MM_1,3530
0,MM_1,3540
0,MM_1,3550
0,MM_1,3560
0,MM_1,3570
0,MM_1,3580
0,MM_1,3590
0,MM_1,3600
0,MM_1,3610
0,MM_1,3620
0,MM_1,3630
0,MM_1,3640
0,MM_1,3650
0,MM_1,3660
0,MM_1,3670
0,MM_1,3680
0,MM_1,3690
0,MM_1,3700
0,MM_1,3710
0,MM_1,3720
0,MM_1,3730
0,MM_1,3740
0,MM_1,3750
0,MM_1,3760
0,MM_1,3770
0,MM_1,3780
0,MM_1,3790
0,MM_1,3800
0,MM_1,3810
0,MM_1,3820
0,MM_1,3830
0,MM_1,3840
0,MM_1,3850
0,MM_1,3860
0,MM_1,3870
0,MM_1,3880
0,MM_1,3890
0,MM_1,3900
0,MM_1,3910
0,MM_1,3920
0,MM_1,3930
0,MM_1,3940
0,MM_1,3950
0,MM_1,3960
0,MM_1,3970
0,MM_1,3980
0,MM_1,3990
0,MM_1,4000
0,MM_1,4010
0,MM_1,4020
0,MM_1,4030
0,MM_1,4040
0,MM_1,4050
0,MM_1,4060
0,MM_1,4070
0,MM_1,4080
0,MM_1,4090
0,MM_1,4100
0,MM_1,4110
0,MM_1,4120
0,MM_1,4130
0,MM_1,4140
0,MM_1,4150
0,MM_1,4160
0,MM_1,4170
0,MM_1,4180
0,MM_1,4190
0,MM_1,4200
0,MM_1,4210
0,MM_1,4220
0,MM_1,4230
0,MM_1,4240
0,MM_1,4250
0,MM_1,4260
0,MM_1,4270
0,MM_1,4280
0,MM_1,4290
0,MM_1,4300
0,MM_1,4310
0,MM_1,4320
0,MM_1,4330
0,MM_1,4340
0,MM_1,4350
0,MM_1,4360
0,MM_1,4370
0,MM_1,4380
0,MM_1,4390
0,MM_1,4400
0,MM_1,4410
0,MM_1,4420
0,MM_1,4430
0,MM_1,4440
0,MM_1,4450
0,MM_1,4460
0,MM_1,4470
0,MM_1,4480
0,MM_1,4490
0,MM_1,4500
0,MM_1,4510
0,MM_1,4520
0,MM_1,4530
0,MM_1,4540
0,MM_1,4550
0,MM_1,4560
0,MM_1,4570
0,MM_1,4580
0,MM_1,4590
0,MM_1,4600
0,MM_1,4610
0,MM_1,4620
0,MM_1,4630
0,MM_1,4640
0,MM_1,4650
0,MM_1,4660
0,MM_1,4670
0,MM_1,4680
0,MM_1,4690
0,MM_1,4700
0,MM_1,4710
0,MM_1,4720
0,MM_1,4730
0,MM_1,4740
0,MM_1,4750
0,MM_1,4760
0,MM_1,4770
0,MM_1,4780
0,MM_1,4790
0,MM_1,4800
0,MM_1,4810
0,MM_1,4820
0,MM_1,4830
0,MM_1,4840
0,MM_1,4850
0,MM_1,4860
0,MM_1,4870
0,MM_1,4880
0,MM_1,4890
0,MM_1,4900
0,MM_1,4910
0,MM_1,4920
0,MM_1,4930
0,MM_1,4940
0,MM_1,4950
0,MM_1,4960
0,MM_1,4970
0,MM_1,4980
0,MM_1,4990
0,MM_1,5000
0,MM_1,5010
0,MM_1,5020
0,MM_1,5030
0,MM_1,5040
0,MM_1,5050
0,MM_1,5060
0,MM_1,5070
0,MM_1,5080
0,MM_1,5090
0,MM_1,5100
0,MM_1,5110
0,MM_1,5120
0,MM_1,5130
0,MM_1,5140
0,MM_1,5150
0,MM_1,5160
0,MM_1,5170
0,MM_1,5180
0,MM_1,5190
0,MM_1,5200
0,MM_1,5210
0,MM_1,5220
0,MM_1,5230
0,MM_1,5240
0,MM_1,5250
0,MM_1,5260
0,MM_1,5270
0,MM_1,5280
0,MM_1,5290
0,MM_1,5300
0,MM_1,5310
0,MM_1,5320
0,MM_1,5330
0,MM_1,5340
0,MM_1,5350
0,MM_1,5360
0,MM_1,5370
0,MM_1,5380
0,MM_1,5390
0,MM_1,5400
0,MM_1,5410
0,MM_1,5420
0,MM_1,5430
0,MM_1,5440
0,MM_1,5450
0,MM_1,5460
0,MM_1,5470
0,MM_1,5480
0,MM_1,5490
0,MM_1,5500
0,MM_1,5510
0,MM_1,5520
0,MM_1,5530
0,MM_1,5540
0,MM_1,5550
0,MM_1,5560
0,MM_1,5570
0,MM_1,5580
0,MM_1,5590
0,MM_1,5600
0,MM_1,5610
0,MM_1,5620
0,MM_1,5630
0,MM_1,5640
0,MM_1,5650
0,MM_1,5660
0,MM_1,5670
0,MM_1,5680
0,MM_1,5690
0,MM_1,5700
0,MM_1,5710
0,MM_1,5720
0,MM_1,5730
0,MM_1,5740
0,MM_1,5750
0,MM_1,5760
0,MM_1,5770
0,MM_1,5780
0,MM_1,5790
0,MM_1,5800
0,MM_1,5810
0,MM_1,5820
0,MM_1,5830
0,MM_1,5840
0,MM_1,5850
0,MM_1,5860
0,MM_1,5870
0,MM_1,5880
0,MM_1,5890
0,MM_1,5900
0,MM_1,5910
0,MM_1,5920
0,MM_1,5930
0,MM_1,5940
0,MM_1,5950
0,MM_1,5960
0,MM_1,5970
0,MM_1,5980
0,MM_1,5990
0,MM_1,6000
0,MM_1,6010
0,MM_1,6020
0,MM_1,6030
0,MM_1,6040
0,MM_1,6050
0,MM_1,6060
0,MM_1,6070
0,MM_1,6080
0,MM_1,6090
0,MM_1,6100
0,MM_1,6110
0,MM_1,6120
0,MM_1,6130
0,MM_1,6140
0,MM_1,6150
0,MM_1,6160
0,MM_1,6170
0,MM_1,6180
0,MM_1,6190
0,MM_1,6200
0,MM_1,6210
0,MM_1,6220
0,MM_1,6230
0,MM_1,6240
0,MM_1,6250
0,MM_1,6260
0,MM_1,6270
0,MM_1,6280
0,MM_1,6290
0,MM_1,6300
0,MM_1,6310
0,MM_1,6320
0,MM_1,6330
0,MM_1,6340
0,MM_1,6350
0,MM_1,6360
0,MM_1,6370
0,MM_1,6380
0,MM_1,6390
0,MM_1,6400
0,MM_1,6410
0,MM_1,6420
0,MM_1,6430
0,MM_1,6440
0,MM_1,6450
0,MM_1,6460
0,MM_1,6470
0,MM_1,6480
0,MM_1,6490
0,MM_1,6500
0,MM_1,6510
0,MM_1,6520
0,MM_1,6530
0,MM_1,6540
0,MM_1,6550
0,MM_1,6560
0,MM_1,6570
0,MM_1,6580
0,MM_1,6590
0,MM_1,6600
0,MM_1,6610
0,MM_1,6620
0,MM_1,6630
0,MM_1,6640
0,MM_1,6650
0,MM_1,6660
0,MM_1,6670
0,MM_1,6680
0,MM_1,6690
0,MM_1,6700
0,MM_1,6710
0,MM_1,6720
0,MM_1,6730
0,MM_1,6740
0,MM_1,6750
0,MM_1,6760
0,MM_1,6770
0,MM_1,6780
0,MM_1,6790
0,MM_1,6800
0,MM_1,6810
0,MM_1,6820
0,MM_1,6830
0,MM_1,6840
0,MM_1,6850
0,MM_1,6860
0,MM_1,6870
0,MM_1,6880
0,MM_1,6890
0,MM_1,6900
0,MM_1,6910
0,MM_1,6920
0,MM_1,6930
0,MM_1,6940
0,MM_1,6950
0,MM_1,6960
0,MM_1,6970
0,MM_1,6980
0,MM_1,6990
0,MM_1,7000
0,MM_1,7010
0,MM_1,7020
0,MM_1,7030
0,MM_1,7040
0,MM_1,7050
0,MM_1,7060
0,MM_1,7070
0,MM_1,7080
0,MM_1,7090
0,MM_1,7100
0,MM_1,7110
0,MM_1,7120
0,MM_1,7130
0,MM_1,7140
0,MM_1,7150
0,MM_1,7160
0,MM_1,7170
0,MM_1,7180
0,MM_1,7190
0,MM_1,7200
0,MM_1,7210
0,MM_1,7220
0,MM_1,7230
0,MM_1,7240
0,MM_1,7250
0,MM_1,7260
0,MM_1,7270
0,MM_1,7280
0,MM_1,7290
0,MM_1,7300
0,MM_1,7310
0,MM_1,7320
0,MM_1,7330
0,MM_1,7340
0,MM_1,7350
0,MM_1,7360
0,MM_1,7370
0,MM_1,7380
0,MM_1,7390
0,MM_1,7400
0,MM_1,7410
0,MM_1,7420
0,MM_1,7430
0,MM_1,7440
0,MM_1,7450
0,MM_1,7460
0,MM_1,7470
0,MM_1,7480
0,MM_1,7490
0,MM_1,7500
0,MM_1,7510
0,MM_1,7520
0,MM_1,7530
0,MM_1,7540
0,MM_1,7550
0,MM_1,7560
0,MM_1,7570
0,MM_1,7580
0,MM_1,7590
0,MM_1,7600
0,MM_1,7610
0,MM_1,7620
0,MM_1,7630
0,MM_1,7640
0,MM_1,7650
0,MM_1,7660
0,MM_1,7670
0,MM_1,7680
0,MM_1,7690
0,MM_1,7700
0,MM_1,7710
0,MM_1,7720
0,MM_1,7730
0,MM_1,7740
0,MM_1,7750
0,MM_1,7760
0,MM_1,7770
0,MM_1,7780
0,MM_1,7790
0,MM_1,7800
0,MM_1,7810
0,MM_1,7820
0,MM_1,7830
0,MM_1,7840
0,MM_1,7850
0,MM_1,7860
0,MM_1,7870
0,MM_1,7880
0,MM_1,7890
0,MM_1,7900
0,MM_1,7910
0,MM_1,7920
0,MM_1,7930
0,MM_1,7940
0,MM_1,7950
0,MM_1,7960
0,MM_1,7970
0,MM_1,7980
0,MM_1,7990
0,MM_1,8000
0,MM_1,8010
0,MM_1,8020
0,MM_1,8030
0,MM_1,8040
0,MM_1,8050
0,MM_1,8060
0,MM_1,8070
0,MM_1,8080
0,MM_1,8090
0,MM_1,8100
0,MM_1,8110
0,MM_1,8120
0,MM_1,8130
0,MM_1,8140
0,MM_1,8150
0,MM_1,8160
0,MM_1,8170
0,MM_1,8180
0,MM_1,8190
0,MM_1,8200
0,MM_1,8210
0,MM_1,8220
0,MM_1,8230
0,MM_1,8240
0,MM_1,8250
0,MM_1,8260
0,MM_1,8270
0,MM_1,8280
0,MM_1,8290
0,MM_1,8300
0,MM_1,8310
0,MM_1,8320
0,MM_1,8330
0,MM_1,8340
0,MM_1,8350
0,MM_1,8360
0,MM_1,8370
0,MM_1,8380
0,MM_1,8390
0,MM_1,8400
0,MM_1,8410
0,MM_1,8420
0,MM_1,8430
0,MM_1,8440
0,MM_1,8450
0,MM_1,8460
0,MM_1,8470
0,MM_1,8480
0,MM_1,8490
0,MM_1,8500
0,MM_1,8510
0,MM_1,8520
0,MM_1,8530
0,MM_1,8540
0,MM_1,8550
0,MM_1,8560
0,MM_1,8570
0,MM_1,8580
0,MM_1,8590
0,MM_1,8600
0,MM_1,8610
0,MM_1,8620
0,MM_1,8630
0,MM_1,8640
0,MM_1,8650
0,MM_1,8660
0,MM_1,8670
0,MM_1,8680
0,MM_1,8690
0,MM_1,8700
0,MM_1,8710
0,MM_1,8720
0,MM_1,8730
0,MM_1,8740
0,MM_1,8750
0,MM_1,8760
0,MM_1,8770
0,MM_1,8780
0,MM_1,8790
0,MM_1,8800
0,MM_1,8810
0,MM_1,8820
0,MM_1,8830
0,MM_1,8840
0,MM_1,8850
0,MM_1,8860
0,MM_1,8870
0,MM_1,8880
0,MM_1,8890
0,MM_1,8900
0,MM_1,8910
0,MM_1,8920
0,MM_1,8930
0,MM_1,8940
0,MM_1,8950
0,MM_1,8960
0,MM_1,8970
0,MM_1,8980
0,MM_1,8990
0,MM_1,9000
0,MM_1,9010
0,MM_1,9020
0,MM_1,9030
0,MM_1,9040
0,MM_1,9050
0,MM_1,9060
0,MM_1,9070
0,MM_1,9080
0,MM_1,9090
0,MM_1,9100
0,MM_1,9110
0,MM_1,9120
0,MM_1,9130
0,MM_1,9140
0,MM_1,9150
0,MM_1,9160
0,MM_1,9170
0,MM_1,9180
0,MM_1,9190
0,MM_1,9200
0,MM_1,9210
0,MM_1,9220
0,MM_1,9230
0,MM_1,9240
0,MM_1,9250
0,MM_1,9260
0,MM_1,9270
0,MM_1,9280
0,MM_1,9290
0,MM_1,9300
0,MM_1,9310
0,MM_1,9320
0,MM_1,9330
0,MM_1,9340
0,MM_1,9350
0,MM_1,9360
0,MM_1,9370
0,MM_1,9380
0,MM_1,9390
0,MM_1,9400
0,MM_1,9410
0,MM_1,9420
0,MM_1,9430
0,MM_1,9440
0,MM_1,9450
0,MM_1,9460
0,MM_1,9470
0,MM_1,9480
0,MM_1,9490
0,MM_1,9500
0,MM_1,9510
0,MM_1,9520
0,MM_1,9530
0,MM_1,9540
0,MM_1,9550
0,MM_1,9560
0,MM_1,9570
0,MM_1,9580
0,MM_1,9590
0,MM_1,9600
0,MM_1,9610
0,MM_1,9620
0,MM_1,9630
0,MM_1,9640
0,MM_1,9650
0,MM_1,9660
0,MM_1,9670
0,MM_1,9680
0,MM_1,9690
0,MM_1,9700
0,MM_1,9710
0,MM_1,9720
0,MM_1,9730
0,MM_1,9740
0,MM_1,9750
0,MM_1,9760
0,MM_1,9770
0,MM_1,9780
0,MM_1,9790
0,MM_1,9800
0,MM_1,9810
0,MM_1,9820
0,MM_1,9830
0,MM_1,9840
0,MM_1,9850
0,MM_1,9860
0,MM_1,9870
0,MM_1,9880
0,MM_1,9890
0,MM_1,9900
0,MM_1,9910
0,MM_1,9920
0,MM_1,9930
0,MM_1,9940
0,MM_1,9950
0,MM_1,9960
0,MM_1,9970
0,MM_1,9980
0,MM_1,9990
0,MM_1,10000
0,MM_1,10010
0,MM_1,10020
0,MM_1,10030
0,MM_1,10040
0,MM_1,10050
0,MM_1,10060
0,MM_1,10070
0,MM_1,10080
0,MM_1,10090
0,MM_1,10100
0,MM_1,10110
0,MM_1,10120
0,MM_1,10130
0,MM_1,10140
0,MM_1,10150
0,MM_1,10160
0,MM_1,10170
0,MM_1,10180
0,MM_1,10190
0,MM_1,10200
0,MM_1,10210
0,MM_1,10220
0,MM_1,10230
0,MM_1,10240
0,MM_1,10250
0,MM_1,10260
0,MM_1,10270
0,MM_1,10280
0,MM_1,10290
0,MM_1,10300
0,MM_1,10310
0,MM_1,10320
0,MM_1,10330
0,MM_1,10340
0,MM_1,10350
0,MM_1,10360
0,MM_1,10370
0,MM_1,10380
0,MM_1,10390
0,MM_1,10400
0,MM_1,10410
0,MM_1,10420
0,MM_1,10430
0,MM_1,10440
0,MM_1,10450
0,MM_1,10460
0,MM_1,10470
0,MM_1,10480
0,MM_1,10490
0,MM_1,10500
0,MM_1,10510
0,MM_1,10520
0,MM_1,10530
0,MM_1,10540
0,MM_1,10550
0,MM_1,10560
0,MM_1,10570
0,MM_1,10580
0,MM_1,10590
0,MM_1,10600
0,MM_1,10610
0,MM_1,10620
0,MM_1,10630
0,MM_1,10640
0,MM_1,10650
0,MM_1,10660
0,MM_1,10670
0,MM_1,10680
0,MM_1,10690
0,MM_1,10700
0,MM_1,10710
0,MM_1,10720
0,MM_1,10730
0,MM_1,10740
0,MM_1,10750
0,MM_1,10760
0,MM_1,10770
0,MM_1,10780
0,MM_1,10790
0,MM_1,10800
0,MM_1,10810
0,MM_1,10820
0,MM_1,10830
0,MM_1,10840
0,MM_1,10850
0,MM_1,10860
0,MM_1,10870
0,MM_1,10880
0,MM_1,10890
0,MM_1,10900
0,MM_1,10910
0,MM_1,10920
0,MM_1,10930
0,MM_1,10940
0,MM_1,10950
0,MM_1,10960
0,MM_1,10970
0,MM_1,10980
0,MM_1,10990
0,MM_1,11000
0,MM_1,11010
0,MM_1,11020
0,MM_1,11030
0,MM_1,11040
0,MM_1,11050
0,MM_1,11060
0,MM_1,11070
0,MM_1,11080
0,MM_1,11090
0,MM_1,11100
0,MM_1,11110
0,MM_1,11120
0,MM_1,11130
0,MM_1,11140
0,MM_1,11150
0,MM_1,11160
0,MM_1,11170
0,MM_1,11180
0,MM_1,11190
0,MM_1,11200
0,MM_1,11210
0,MM_1,11220
0,MM_1,11230
0,MM_1,11240
0,MM_1,11250
0,MM_1,11260
0,MM_1,11270
0,MM_1,11280
0,MM_1,11290
0,MM_1,11300
0,MM_1,11310
0,MM_1,11320
0,MM_1,11330
0,MM_1,11340
0,MM_1,11350
0,MM_1,11360
0,MM_1,11370
0,MM_1,11380
0,MM_1,11390
0,MM_1,11400
0,MM_1,11410
0,MM_1,11420
0,MM_1,11430
0,MM_1,11440
0,MM_1,11450
0,MM_1,11460
0,MM_1,11470
0,MM_1,11480
0,MM_1,11490
0,MM_1,11500
0,MM_1,11510
0,MM_1,11520
0,MM_1,11530
0,MM_1,11540
0,MM_1,11550
0,MM_1,11560
0,MM_1,11570
0,MM_1,11580
0,MM_1,11590
0,MM_1,11600
0,MM_1,11610
0,MM_1,11620
0,MM_1,11630
0,MM_1,11640
0,MM_1,11650
0,MM_1,11660
0,MM_1,11670
0,MM_1,11680
0,MM_1,11690
0,MM_1,11700
0,MM_1,11710
0,MM_1,11720
0,MM_1,11730
0,MM_1,11740
0,MM_1,11750
0,MM_1,11760
0,MM_1,11770
0,MM_1,11780
0,MM_1,11790
0,MM_1,11800
0,MM_1,11810
0,MM_1,11820
0,MM_1,11830
0,MM_1,11840
0,MM_1,11850
0,MM_1,11860
0,MM_1,11870
0,MM_1,11880
0,MM_1,11890
0,MM_1,11900
0,MM_1,11910
0,MM_1,11920
0,MM_1,11930
0,MM_1,11940
0,MM_1,11950
0,MM_1,11960
0,MM_1,11970
0,MM_1,11980
0,MM_1,11990
0,MM_1,12000
0,MM_1,12010
0,MM_1,12020
1,MM_1,12040
1,MM_1,12050
1,MM_1,12060
1,MM_1,12070
1,MM_1,12080
1,MM_1,12090
1,MM_1,12100
1,MM_1,12110
1,MM_1,12120
1,MM_1,12130
1,MM_1,12140
1,MM_1,12150
1,MM_1,12160
1,MM_1,12170
1,MM_1,12180
1,MM_1,12190
1,MM_1,12200
1,MM_1,12210
1,MM_1,12220
1,MM_1,12230
1,MM_1,12240
1,MM_1,12250
1,MM_1,12260
1,MM_1,12270
1,MM_1,12280
1,MM_1,12290
1,MM_1,12300
1,MM_1,12310
1,MM_1,12320
1,MM_1,12330
1,MM_1,12340
1,MM_1,12350
1,MM_1,12360
1,MM_1,12370
1,MM_1,12380
1,MM_1,12390
1,MM_1,12400
1,MM_1,12410
1,MM_1,12420
1,MM_1,12430
1,MM_1,12440
1,MM_1,12450
1,MM_1,12460
1,MM_1,12470
1,MM_1,12480
1,MM_1,12490
1,MM_1,12500
1,MM_1,12510
1,MM_1,12520
1,MM_1,12530
1,MM_1,12540
1,MM_1,12550
1,MM_1,12560
3,MM_1,12580
3,MM_1,12590
3,MM_1,12600
3,MM_1,12610
3,MM_1,12620
3,MM_1,12630
3,MM_1,12640
3,MM_1,12650
3,MM_1,12660
3,MM_1,12670
3,MM_1,12680
3,MM_1,12690
3,MM_1,12700
3,MM_1,12710
3,MM_1,12720
3,MM_1,12730
3,MM_1,12740
3,MM_1,12750
3,MM_1,12760
3,MM_1,12770
3,MM_1,12780
3,MM_1,12790
3,MM_1,12800
3,MM_1,12810
3,MM_1,12820
3,MM_1,12830
3,MM_1,12840
3,MM_1,12850
3,MM_1,12860
3,MM_1,12870
3,MM_1,12880
3,MM_1,12890
3,MM_1,12900
3,MM_1,12910
3,MM_1,12920
3,MM_1,12930
3,MM_1,12940
3,MM_1,12950
3,MM_1,12960
3,MM_1,12970
3,MM_1,12980
3,MM_1,12990
3,MM_1,13000
3,MM_1,13010
3,MM_1,13020
3,MM_1,13030
3,MM_1,13040
3,MM_1,13050
3,MM_1,13060
3,MM_1,13070
3,MM_1,13080
3,MM_1,13090
3,MM_1,13100
3,MM_1,13110
3,MM_1,13120
3,MM_1,13130
3,MM_1,13140
3,MM_1,13150
0,MM_2,0
0,MM_2,10
0,MM_2,20
0,MM_2,30
0,MM_2,40
0,MM_2,50
0,MM_2,60
0,MM_2,70
0,MM_2,80
0,MM_2,90
0,MM_2,100
0,MM_2,110
0,MM_2,120
0,MM_2,130
0,MM_2,140
0,MM_2,150
0,MM_2,160
0,MM_2,170
0,MM_2,180
0,MM_2,190
0,MM_2,200
0,MM_2,210
0,MM_2,220
0,MM_2,230
0,MM_2,240
0,MM_2,250
0,MM_2,260
0,MM_2,270
0,MM_2,280
0,MM_2,290
0,MM_2,300
0,MM_2,310
0,MM_2,320
0,MM_2,330
0,MM_2,340
0,MM_2,350
0,MM_2,360
0,MM_2,370
0,MM_2,380
0,MM_2,390
0,MM_2,400
0,MM_2,410
0,MM_2,420
0,MM_2,430
0,MM_2,440
0,MM_2,450
0,MM_2,460
0,MM_2,470
0,MM_2,480
0,MM_2,490
0,MM_2,500
0,MM_2,510
0,MM_2,520
0,MM_2,530
0,MM_2,540
0,MM_2,550
0,MM_2,560
0,MM_2,570
0,MM_2,580
0,MM_2,590
0,MM_2,600
0,MM_2,610
0,MM_2,620
0,MM_2,630
0,MM_2,640
0,MM_2,650
0,MM_2,660
0,MM_2,670
0,MM_2,680
0,MM_2,690
0,MM_2,700
0,MM_2,710
0,MM_2,720
0,MM_2,730
0,MM_2,740
0,MM_2,750
0,MM_2,760
0,MM_2,770
0,MM_2,780
0,MM_2,790
0,MM_2,800
0,MM_2,810
0,MM_2,820
0,MM_2,830
0,MM_2,840
0,MM_2,850
0,MM_2,860
0,MM_2,870
0,MM_2,880
0,MM_2,890
0,MM_2,900
0,MM_2,910
0,MM_2,920
0,MM_2,930
0,MM_2,940
0,MM_2,950
0,MM_2,960
0,MM_2,970
0,MM_2,980
0,MM_2,990
0,MM_2,1000
0,MM_2,1010
0,MM_2,1020
0,MM_2,1030
0,MM_2,1040
0,MM_2,1050
0,MM_2,1060
0,MM_2,1070
0,MM_2,1080
0,MM_2,1090
0,MM_2,1100
0,MM_2,1110
0,MM_2,1120
0,MM_2,1130
0,MM_2,1140
0,MM_2,1150
0,MM_2,1160
0,MM_2,1170
0,MM_2,1180
0,MM_2,1190
0,MM_2,1200
0,MM_2,1210
0,MM_2,1220
0,MM_2,1230
0,MM_2,1240
0,MM_2,1250
0,MM_2,1260
0,MM_2,1270
0,MM_2,1280
0,MM_2,1290
0,MM_2,1300
0,MM_2,1310
0,MM_2,1320
0,MM_2,1330
0,MM_2,1340
0,MM_2,1350
0,MM_2,1360
0,MM_2,1370
0,MM_2,1380
0,MM_2,1390
0,MM_2,1400
0,MM_2,1410
0,MM_2,1420
0,MM_2,1430
0,MM_2,1440
0,MM_2,1450
0,MM_2,1460
0,MM_2,1470
0,MM_2,1480
0,MM_2,1490
0,MM_2,1500
0,MM_2,1510
0,MM_2,1520
0,MM_2,1530
0,MM_2,1540
0,MM_2,1550
0,MM_2,1560
0,MM_2,1570
0,MM_2,1580
0,MM_2,1590
0,MM_2,1600
0,MM_2,1610
0,MM_2,1620
0,MM_2,1630
0,MM_2,1640
0,MM_2,1650
0,MM_2,1660
0,MM_2,1670
0,MM_2,1680
0,MM_2,1690
0,MM_2,1700
0,MM_2,1710
0,MM_2,1720
0,MM_2,1730
0,MM_2,1740
0,MM_2,1750
0,MM_2,1760
0,MM_2,1770
0,MM_2,1780
0,MM_2,1790
0,MM_2,1800
0,MM_2,1810
0,MM_2,1820
0,MM_2,1830
0,MM_2,1840
0,MM_2,1850
0,MM_2,1860
0,MM_2,1870
0,MM_2,1880
0,MM_2,1890
0,MM_2,1900
0,MM_2,1910
0,MM_2,1920
0,MM_2,1930
0,MM_2,1940
0,MM_2,1950
0,MM_2,1960
0,MM_2,1970
0,MM_2,1980
0,MM_2,1990
0,MM_2,2000
0,MM_2,2010
0,MM_2,2020
0,MM_2,2030
0,MM_2,2040
0,MM_2,2050
0,MM_2,2060
0,MM_2,2070
0,MM_2,2080
0,MM_2,2090
0,MM_2,2100
0,MM_2,2110
0,MM_2,2120
0,MM_2,2130
0,MM_2,2140
0,MM_2,2150
0,MM_2,2160
0,MM_2,2170
0,MM_2,2180
0,MM_2,2190
0,MM_2,2200
0,MM_2,2210
0,MM_2,2220
0,MM_2,2230
0,MM_2,2240
0,MM_2,2250
0,MM_2,2260
0,MM_2,2270
0,MM_2,2280
0,MM_2,2290
0,MM_2,2300
0,MM_2,2310
0,MM_2,2320
0,MM_2,2330
0,MM_2,2340
0,MM_2,2350
0,MM_2,2360
0,MM_2,2370
0,MM_2,2380
0,MM_2,2390
0,MM_2,2400
0,MM_2,2410
0,MM_2,2420
0,MM_2,2430
0,MM_2,2440
0,MM_2,2450
0,MM_2,2460
0,MM_2,2470
0,MM_2,2480
0,MM_2,2490
0,MM_2,2500
0,MM_2,2510
0,MM_2,2520
0,MM_2,2530
0,MM_2,2540
0,MM_2,2550
0,MM_2,2560
0,MM_2,2570
0,MM_2,2580
0,MM_2,2590
0,MM_2,2600
0,MM_2,2610
0,MM_2,2620
0,MM_2,2630
0,MM_2,2640
0,MM_2,2650
0,MM_2,2660
0,MM_2,2670
0,MM_2,2680
0,MM_2,2690
0,MM_2,2700
0,MM_2,2710
0,MM_2,2720
0,MM_2,2730
0,MM_2,2740
0,MM_2,2750
0,MM_2,2760
0,MM_2,2770
0,MM_2,2780
0,MM_2,2790
0,MM_2,2800
0,MM_2,2810
0,MM_2,2820
0,MM_2,2830
0,MM_2,2840
0,MM_2,2850
0,MM_2,2860
0,MM_2,2870
0,MM_2,2880
0,MM_2,2890
0,MM_2,2900
0,MM_2,2910
0,MM_2,2920
0,MM_2,2930
0,MM_2,2940
0,MM_2,2950
0,MM_2,2960
0,MM_2,2970
0,MM_2,2980
0,MM_2,2990
0,MM_2,3000
0,MM_2,3010
0,MM_2,3020
0,MM_2,3030
0,MM_2,3040
0,MM_2,3050
0,MM_2,3060
0,MM_2,3070
0,MM_2,3080
0,MM_2,3090
0,MM_2,3100
0,MM_2,3110
0,MM_2,3120
0,MM_2,3130
0,MM_2,3140
0,MM_2,3150
0,MM_2,3160
0,MM_2,3170
0,MM_2,3180
0,MM_2,3190
0,MM_2,3200
0,MM_2,3210
0,MM_2,3220
0,MM_2,3230
0,MM_2,3240
0,MM_2,3250
0,MM_2,3260
0,MM_2,3270
0,MM_2,3280
0,MM_2,3290
0,MM_2,3300
0,MM_2,3310
0,MM_2,3320
0,MM_2,3330
0,MM_2,3340
0,MM_2,3350
0,MM_2,3360
0,MM_2,3370
0,MM_2,3380
0,MM_2,3390
0,MM_2,3400
0,MM_2,3410
0,MM_2,3420
0,MM_2,3430
0,MM_2,3440
0,MM_2,3450
0,MM_2,3460
0,MM_2,3470
0,MM_2,3480
0,MM_2,3490
0,MM_2,3500
0,MM_2,3510
0,MM_2,3520
0,MM_2,3530
0,MM_2,3540
0,MM_2,3550
0,MM_2,3560
0,MM_2,3570
0,MM_2,3580
0,MM_2,3590
0,MM_2,3600
0,MM_2,3610
0,MM_2,3620
0,MM_2,3630
0,MM_2,3640
0,MM_2,3650
0,MM_2,3660
0,MM_2,3670
0,MM_2,3680
0,MM_2,3690
0,MM_2,3700
0,MM_2,3710
0,MM_2,3720
0,MM_2,3730
0,MM_2,3740
0,MM_2,3750
0,MM_2,3760
0,MM_2,3770
0,MM_2,3780
0,MM_2,3790
0,MM_2,3800
0,MM_2,3810
0,MM_2,3820
0,MM_2,3830
0,MM_2,3840
0,MM_2,3850
0,MM_2,3860
0,MM_2,3870
0,MM_2,3880
0,MM_2,3890
0,MM_2,3900
0,MM_2,3910
0,MM_2,3920
0,MM_2,3930
0,MM_2,3940
0,MM_2,3950
0,MM_2,3960
0,MM_2,3970
0,MM_2,3980
0,MM_2,3990
0,MM_2,4000
0,MM_2,4010
0,MM_2,4020
0,MM_2,4030
0,MM_2,4040
0,MM_2,4050
0,MM_2,4060
0,MM_2,4070
0,MM_2,4080
0,MM_2,4090
0,MM_2,4100
0,MM_2,4110
0,MM_2,4120
0,MM_2,4130
0,MM_2,4140
0,MM_2,4150
0,MM_2,4160
0,MM_2,4170
0,MM_2,4180
0,MM_2,4190
0,MM_2,4200
0,MM_2,4210
0,MM_2,4220
0,MM_2,4230
0,MM_2,4240
0,MM_2,4250
0,MM_2,4260
0,MM_2,4270
0,MM_2,4280
0,MM_2,4290
0,MM_2,4300
0,MM_2,4310
0,MM_2,4320
0,MM_2,4330
0,MM_2,4340
0,MM_2,4350
0,MM_2,4360
0,MM_2,4370
0,MM_2,4380
0,MM_2,4390
0,MM_2,4400
0,MM_2,4410
0,MM_2,4420
0,MM_2,4430
0,MM_2,4440
0,MM_2,4450
0,MM_2,4460
0,MM_2,4470
0,MM_2,4480
0,MM_2,4490
0,MM_2,4500
0,MM_2,4510
0,MM_2,4520
0,MM_2,4530
0,MM_2,4540
0,MM_2,4550
0,MM_2,4560
0,MM_2,4570
0,MM_2,4580
0,MM_2,4590
0,MM_2,4600
0,MM_2,4610
0,MM_2,4620
0,MM_2,4630
0,MM_2,4640
0,MM_2,4650
0,MM_2,4660
0,MM_2,4670
0,MM_2,4680
0,MM_2,4690
0,MM_2,4700
0,MM_2,4710
0,MM_2,4720
0,MM_2,4730
0,MM_2,4740
0,MM_2,4750
0,MM_2,4760
0,MM_2,4770
0,MM_2,4780
0,MM_2,4790
0,MM_2,4800
0,MM_2,4810
0,MM_2,4820
0,MM_2,4830
0,MM_2,4840
0,MM_2,4850
0,MM_2,4860
0,MM_2,4870
0,MM_2,4880
0,MM_2,4890
1,MM_2,4900
1,MM_2,4910
1,MM_2,4920
1,MM_2,4930
1,MM_2,4940
1,MM_2,4950
1,MM_2,4960
1,MM_2,4970
1,MM_2,4980
1,MM_2,4990
1,MM_2,5000
1,MM_2,5010
1,MM_2,5020
1,MM_2,5030
1,MM_2,5040
1,MM_2,5050
1,MM_2,5060
1,MM_2,5070
1,MM_2,5080
1,MM_2,5090
1,MM_2,5100
1,MM_2,5110
1,MM_2,5120
1,MM_2,5130
1,MM_2,5140
1,MM_2,5150
1,MM_2,5160
1,MM_2,5170
1,MM_2,5180
1,MM_2,5190
1,MM_2,5200
1,MM_2,5210
1,MM_2,5220
1,MM_2,5230
1,MM_2,5240
1,MM_2,5250
1,MM_2,5260
1,MM_2,5270
1,MM_2,5280
1,MM_2,5290
1,MM_2,5300
1,MM_2,5310
1,MM_2,5320
1,MM_2,5330
1,MM_2,5340
1,MM_2,5350
1,MM_2,5360
1,MM_2,5370
1,MM_2,5380
1,MM_2,5390
1,MM_2,5400
1,MM_2,5410
1,MM_2,5420
1,MM_2,5430
1,MM_2,5440
1,MM_2,5450
1,MM_2,5460
1,MM_2,5470
1,MM_2,5480
1,MM_2,5490
1,MM_2,5500
1,MM_2,5510
1,MM_2,5520
1,MM_2,5530
1,MM_2,5540
1,MM_2,5550
1,MM_2,5560
1,MM_2,5570
1,MM_2,5580
1,MM_2,5590
1,MM_2,5600
1,MM_2,5610
1,MM_2,5620
1,MM_2,5630
1,MM_2,5640
1,MM_2,5650
1,MM_2,5660
1,MM_2,5670
1,MM_2,5680
1,MM_2,5690
1,MM_2,5700
1,MM_2,5710
1,MM_2,5720
1,MM_2,5730
1,MM_2,5740
1,MM_2,5750
1,MM_2,5760
1,MM_2,5770
1,MM_2,5780
1,MM_2,5790
1,MM_2,5800
1,MM_2,5810
1,MM_2,5820
1,MM_2,5830
1,MM_2,5840
1,MM_2,5850
1,MM_2,5860
1,MM_2,5870
1,MM_2,5880
1,MM_2,5890
1,MM_2,5900
1,MM_2,5910
1,MM_2,5920
1,MM_2,5930
1,MM_2,5940
1,MM_2,5950
1,MM_2,5960
1,MM_2,5970
1,MM_2,5980
1,MM_2,5990
1,MM_2,6000
1,MM_2,6010
1,MM_2,6020
1,MM_2,6030
1,MM_2,6040
1,MM_2,6050
1,MM_2,6060
1,MM_2,6070
1,MM_2,6080
1,MM_2,6090
1,MM_2,6100
1,MM_2,6110
1,MM_2,6120
1,MM_2,6130
1,MM_2,6140
1,MM_2,6150
1,MM_2,6160
1,MM_2,6170
1,MM_2,6180
1,MM_2,6190
1,MM_2,6200
1,MM_2,6210
1,MM_2,6220
1,MM_2,6230
1,MM_2,6240
1,MM_2,6250
1,MM_2,6260
1,MM_2,6270
1,MM_2,6280
1,MM_2,6290
1,MM_2,6300
1,MM_2,6310
1,MM_2,6320
1,MM_2,6330
1,MM_2,6340
1,MM_2,6350
1,MM_2,6360
1,MM_2,6370
1,MM_2,6380
1,MM_2,6390
1,MM_2,6400
1,MM_2,6410
1,MM_2,6420
1,MM_2,6430
1,MM_2,6440
1,MM_2,6450
1,MM_2,6460
1,MM_2,6470
1,MM_2,6480
1,MM_2,6490
1,MM_2,6500
1,MM_2,6510
1,MM_2,6520
1,MM_2,6530
1,MM_2,6540
1,MM_2,6550
1,MM_2,6560
1,MM_2,6570
1,MM_2,6580
1,MM_2,6590
1,MM_2,6600
1,MM_2,6610
1,MM_2,6620
1,MM_2,6630
1,MM_2,6640
1,MM_2,6650
1,MM_2,6660
1,MM_2,6670
1,MM_2,6680
1,MM_2,6690
1,MM_2,6700
1,MM_2,6710
1,MM_2,6720
1,MM_2,6730
1,MM_2,6740
1,MM_2,6750
1,MM_2,6760
1,MM_2,6770
1,MM_2,6780
1,MM_2,6790
1,MM_2,6800
1,MM_2,6810
1,MM_2,6820
1,MM_2,6830
1,MM_2,6840
1,MM_2,6850
1,MM_2,6860
1,MM_2,6870
1,MM_2,6880
1,MM_2,6890
1,MM_2,6900
1,MM_2,6910
1,MM_2,6920
1,MM_2,6930
1,MM_2,6940
1,MM_2,6950
1,MM_2,6960
1,MM_2,6970
1,MM_2,6980
1,MM_2,6990
1,MM_2,7000
1,MM_2,7010
1,MM_2,7020
1,MM_2,7030
1,MM_2,7040
1,MM_2,7050
1,MM_2,7060
1,MM_2,7070
1,MM_2,7080
1,MM_2,7090
1,MM_2,7100
1,MM_2,7110
1,MM_2,7120
1,MM_2,7130
1,MM_2,7140
1,MM_2,7150
1,MM_2,7160
1,MM_2,7170
1,MM_2,7180
1,MM_2,7190
1,MM_2,7200
1,MM_2,7210
1,MM_2,7220
1,MM_2,7230
1,MM_2,7240
1,MM_2,7250
1,MM_2,7350
1,MM_2,7360
1,MM_2,7370
1,MM_2,7380
1,MM_2,7390
1,MM_2,7400
1,MM_2,7410
1,MM_2,7420
1,MM_2,7430
1,MM_2,7440
1,MM_2,7450
1,MM_2,7460
1,MM_2,7470
1,MM_2,7480
1,MM_2,7490
1,MM_2,7500
1,MM_2,7510
1,MM_2,7520
1,MM_2,7530
1,MM_2,7540
1,MM_2,7550
1,MM_2,7560
1,MM_2,7570
1,MM_2,7580
1,MM_2,7590
1,MM_2,7600
1,MM_2,7610
1,MM_2,7620
1,MM_2,7630
1,MM_2,7640
1,MM_2,7650
1,MM_2,7660
1,MM_2,7670
1,MM_2,7680
1,MM_2,7690
1,MM_2,7700
1,MM_2,7710
1,MM_2,7720
1,MM_2,7730
1,MM_2,7740
1,MM_2,7750
1,MM_2,7760
1,MM_2,7770
1,MM_2,7780
1,MM_2,7790
1,MM_2,7800
1,MM_2,7810
1,MM_2,7820
1,MM_2,7830
1,MM_2,7840
1,MM_2,7850
1,MM_2,7860
1,MM_2,7870
1,MM_2,7880
1,MM_2,7890
1,MM_2,7900
1,MM_2,7910
1,MM_2,7920
1,MM_2,7930
1,MM_2,7940
1,MM_2,7950
1,MM_2,7960
1,MM_2,7970
1,MM_2,7980
1,MM_2,7990
1,MM_2,8000
1,MM_2,8010
1,MM_2,8020
1,MM_2,8030
1,MM_2,8040
1,MM_2,8050
1,MM_2,8060
1,MM_2,8070
1,MM_2,8080
1,MM_2,8090
1,MM_2,8100
1,MM_2,8110
1,MM_2,8120
1,MM_2,8130
1,MM_2,8140
1,MM_2,8150
1,MM_2,8160
1,MM_2,8170
1,MM_2,8180
1,MM_2,8190
1,MM_2,8200
1,MM_2,8210
1,MM_2,8220
1,MM_2,8230
1,MM_2,8240
1,MM_2,8250
1,MM_2,8260
1,MM_2,8270
1,MM_2,8390
1,MM_2,8400
1,MM_2,8410
1,MM_2,8420
1,MM_2,8430
1,MM_2,8440
1,MM_2,8450
1,MM_2,8460
1,MM_2,8470
1,MM_2,8480
1,MM_2,8490
1,MM_2,8500
1,MM_2,8510
1,MM_2,8520
1,MM_2,8530
1,MM_2,8540
1,MM_2,8550
1,MM_2,8560
1,MM_2,8570
1,MM_2,8580
1,MM_2,8590
1,MM_2,8600
1,MM_2,8610
1,MM_2,8620
1,MM_2,8630
1,MM_2,8640
1,MM_2,8650
1,MM_2,8660
1,MM_2,8670
1,MM_2,8680
1,MM_2,8690
1,MM_2,8700
1,MM_2,8710
1,MM_2,8720
1,MM_2,8730
1,MM_2,8740
1,MM_2,8750
1,MM_2,8760
1,MM_2,8770
1,MM_2,8780
1,MM_2,8790
1,MM_2,8800
1,MM_2,8810
1,MM_2,8820
1,MM_2,8830
1,MM_2,8840
1,MM_2,8850
1,MM_2,8860
1,MM_2,8870
1,MM_2,8880
1,MM_2,8890
1,MM_2,8900
1,MM_2,8910
1,MM_2,8920
1,MM_2,8930
1,MM_2,8940
1,MM_2,8950
1,MM_2,8960
1,MM_2,8970
1,MM_2,8980
1,MM_2,8990
1,MM_2,9000
1,MM_2,9010
1,MM_2,9020
1,MM_2,9030
1,MM_2,9040
1,MM_2,9050
1,MM_2,9060
1,MM_2,9070
1,MM_2,9080
1,MM_2,9090
1,MM_2,9100
1,MM_2,9110
1,MM_2,9120
1,MM_2,9130
1,MM_2,9140
1,MM_2,9150
1,MM_2,9160
1,MM_2,9170
1,MM_2,9180
1,MM_2,9190
1,MM_2,9200
1,MM_2,9210
1,MM_2,9220
1,MM_2,9230
1,MM_2,9240
1,MM_2,9250
1,MM_2,9260
1,MM_2,9270
1,MM_2,9280
1,MM_2,9290
1,MM_2,9300
1,MM_2,9310
1,MM_2,9320
1,MM_2,9330
1,MM_2,9340
1,MM_2,9350
1,MM_2,9360
1,MM_2,9370
1,MM_2,9380
1,MM_2,9390
3,MM_2,9970
3,MM_2,9980
3,MM_2,9990
3,MM_2,10000
3,MM_2,10010
3,MM_2,10020
3,MM_2,10030
3,MM_2,10040
3,MM_2,10050
3,MM_2,10060
3,MM_2,10070
3,MM_2,10080
3,MM_2,10090
3,MM_2,10100
3,MM_2,10110
3,MM_2,10120
3,MM_2,10130
3,MM_2,10140
3,MM_2,10150
3,MM_2,10160
3,MM_2,10170
3,MM_2,10180
3,MM_2,10190
3,MM_2,10200
3,MM_2,10210
3,MM_2,10220
3,MM_2,10230
3,MM_2,10240
3,MM_2,10250
3,MM_2,10260
3,MM_2,10270
3,MM_2,10280
3,MM_2,10290
3,MM_2,10300
3,MM_2,10310
3,MM_2,10320
3,MM_2,10330
3,MM_2,10340
3,MM_2,10350
3,MM_2,10360
3,MM_2,10370
3,MM_2,10380
3,MM_2,10390
3,MM_2,10400
3,MM_2,10410
3,MM_2,10420
3,MM_2,10430
3,MM_2,10440
3,MM_2,10450
3,MM_2,10460
3,MM_2,10470
3,MM_2,10480
3,MM_2,10490
3,MM_2,10500
3,MM_2,10510
3,MM_2,10520
3,MM_2,10530
3,MM_2,10540
3,MM_2,10550
3,MM_2,10560
3,MM_2,10570
3,MM_2,10580
3,MM_2,10590
3,MM_2,10600
3,MM_2,10610
3,MM_2,10620
3,MM_2,10630
3,MM_2,10640
3,MM_2,10650
3,MM_2,10660
3,MM_2,10670
3,MM_2,10680
3,MM_2,10690
3,MM_2,10700
3,MM_2,10710
3,MM_2,10720
3,MM_2,10730
3,MM_2,10740
3,MM_2,10750
3,MM_2,10760
3,MM_2,10770
3,MM_2,10780
3,MM_2,10790
3,MM_2,10800
3,MM_2,10810
3,MM_2,10820
3,MM_2,10830
3,MM_2,10840
3,MM_2,10850
3,MM_2,10860
3,MM_2,10870
3,MM_2,10880
3,MM_2,10890
3,MM_2,10900
3,MM_2,10910
3,MM_2,10920
3,MM_2,10930
3,MM_2,10940
3,MM_2,10950
3,MM_2,10960
3,MM_2,10970
3,MM_2,10980
3,MM_2,10990
3,MM_2,11000
3,MM_2,11010
3,MM_2,11020
3,MM_2,11030
3,MM_2,11040
3,MM_2,11050
3,MM_2,11060
3,MM_2,11070
3,MM_2,11080
3,MM_2,11090
3,MM_2,11100
3,MM_2,11110
3,MM_2,11120
3,MM_2,11130
3,MM_2,11140
3,MM_2,11150
3,MM_2,11160
3,MM_2,11170
0,MM_3,0
0,MM_3,10
0,MM_3,20
0,MM_3,30
0,MM_3,40
0,MM_3,50
0,MM_3,60
0,MM_3,70
0,MM_3,80
0,MM_3,90
0,MM_3,100
0,MM_3,110
0,MM_3,120
0,MM_3,130
0,MM_3,140
0,MM_3,150
0,MM_3,160
0,MM_3,170
0,MM_3,180
0,MM_3,190
0,MM_3,200
0,MM_3,210
0,MM_3,220
0,MM_3,230
0,MM_3,240
0,MM_3,250
0,MM_3,260
0,MM_3,270
0,MM_3,280
0,MM_3,290
0,MM_3,300
0,MM_3,310
0,MM_3,320
0,MM_3,330
0,MM_3,340
0,MM_3,350
0,MM_3,360
0,MM_3,370
0,MM_3,380
0,MM_3,390
0,MM_3,400
0,MM_3,410
0,MM_3,420
0,MM_3,430
0,MM_3,440
0,MM_3,450
0,MM_3,460
0,MM_3,470
0,MM_3,480
0,MM_3,490
0,MM_3,500
0,MM_3,510
0,MM_3,520
0,MM_3,530
0,MM_3,540
0,MM_3,550
0,MM_3,560
0,MM_3,570
0,MM_3,580
0,MM_3,590
0,MM_3,600
0,MM_3,610
0,MM_3,620
0,MM_3,630
0,MM_3,640
0,MM_3,650
0,MM_3,660
0,MM_3,670
0,MM_3,680
0,MM_3,690
0,MM_3,700
0,MM_3,710
0,MM_3,720
0,MM_3,730
0,MM_3,740
0,MM_3,750
0,MM_3,760
0,MM_3,770
0,MM_3,780
0,MM_3,790
0,MM_3,800
0,MM_3,810
0,MM_3,820
0,MM_3,830
0,MM_3,840
0,MM_3,850
0,MM_3,860
0,MM_3,870
0,MM_3,880
0,MM_3,890
0,MM_3,900
0,MM_3,910
0,MM_3,920
0,MM_3,930
0,MM_3,940
0,MM_3,950
0,MM_3,960
0,MM_3,970
0,MM_3,980
0,MM_3,990
0,MM_3,1000
0,MM_3,1010
0,MM_3,1020
0,MM_3,1030
0,MM_3,1040
0,MM_3,1050
0,MM_3,1060
0,MM_3,1070
0,MM_3,1080
0,MM_3,1090
0,MM_3,1100
0,MM_3,1110
0,MM_3,1120
0,MM_3,1130
0,MM_3,1140
0,MM_3,1150
0,MM_3,1160
0,MM_3,1170
0,MM_3,1180
0,MM_3,1190
0,MM_3,1200
0,MM_3,1210
0,MM_3,1220
0,MM_3,1230
0,MM_3,1240
0,MM_3,1250
0,MM_3,1260
0,MM_3,1270
0,MM_3,1280
0,MM_3,1290
0,MM_3,1300
0,MM_3,1310
0,MM_3,1320
0,MM_3,1330
0,MM_3,1340
0,MM_3,1350
0,MM_3,1360
0,MM_3,1370
0,MM_3,1380
0,MM_3,1390
0,MM_3,1400
0,MM_3,1410
0,MM_3,1420
0,MM_3,1430
0,MM_3,1440
0,MM_3,1450
0,MM_3,1460
0,MM_3,1470
0,MM_3,1480
0,MM_3,1490
0,MM_3,1500
0,MM_3,1510
0,MM_3,1520
0,MM_3,1530
0,MM_3,1540
0,MM_3,1550
0,MM_3,1560
0,MM_3,1570
0,MM_3,1580
0,MM_3,1590
0,MM_3,1600
0,MM_3,1610
0,MM_3,1620
0,MM_3,1630
0,MM_3,1640
0,MM_3,1650
0,MM_3,1660
0,MM_3,1670
0,MM_3,1680
0,MM_3,1690
0,MM_3,1700
0,MM_3,1710
0,MM_3,1720
0,MM_3,1730
0,MM_3,1740
0,MM_3,1750
0,MM_3,1760
0,MM_3,1770
0,MM_3,1780
0,MM_3,1790
0,MM_3,1800
0,MM_3,1810
0,MM_3,1820
0,MM_3,1830
0,MM_3,1840
0,MM_3,1850
0,MM_3,1860
0,MM_3,1870
0,MM_3,1880
0,MM_3,1890
0,MM_3,1900
0,MM_3,1910
0,MM_3,1920
0,MM_3,1930
0,MM_3,1940
0,MM_3,1950
0,MM_3,1960
0,MM_3,1970
0,MM_3,1980
0,MM_3,1990
0,MM_3,2000
0,MM_3,2010
0,MM_3,2020
0,MM_3,2030
0,MM_3,2040
0,MM_3,2050
0,MM_3,2060
0,MM_3,2070
0,MM_3,2080
0,MM_3,2090
0,MM_3,2100
0,MM_3,2110
0,MM_3,2120
0,MM_3,2130
0,MM_3,2140
0,MM_3,2150
0,MM_3,2160
0,MM_3,2170
0,MM_3,2180
0,MM_3,2190
0,MM_3,2200
0,MM_3,2210
0,MM_3,2220
0,MM_3,2230
0,MM_3,2240
0,MM_3,2250
0,MM_3,2260
0,MM_3,2270
0,MM_3,2280
0,MM_3,2290
0,MM_3,2300
0,MM_3,2310
0,MM_3,2320
0,MM_3,2330
0,MM_3,2340
0,MM_3,2350
0,MM_3,2360
0,MM_3,2370
0,MM_3,2380
0,MM_3,2390
0,MM_3,2400
0,MM_3,2410
0,MM_3,2420
0,MM_3,2430
0,MM_3,2440
0,MM_3,2450
0,MM_3,2460
0,MM_3,2470
0,MM_3,2480
0,MM_3,2490
0,MM_3,2500
0,MM_3,2510
0,MM_3,2520
0,MM_3,2530
0,MM_3,2540
0,MM_3,2550
0,MM_3,2560
0,MM_3,2570
0,MM_3,2580
0,MM_3,2590
0,MM_3,2600
0,MM_3,2610
0,MM_3,2620
0,MM_3,2630
0,MM_3,2640
0,MM_3,2650
0,MM_3,2660
0,MM_3,2670
0,MM_3,2680
0,MM_3,2690
0,MM_3,2700
0,MM_3,2710
0,MM_3,2720
0,MM_3,2730
0,MM_3,2740
0,MM_3,2750
0,MM_3,2760
0,MM_3,2770
0,MM_3,2780
0,MM_3,2790
0,MM_3,2800
0,MM_3,2810
0,MM_3,2820
0,MM_3,2830
0,MM_3,2840
0,MM_3,2850
0,MM_3,2860
0,MM_3,2870
0,MM_3,2880
0,MM_3,2890
0,MM_3,2900
0,MM_3,2910
0,MM_3,2920
0,MM_3,2930
0,MM_3,2940
0,MM_3,2950
0,MM_3,2960
0,MM_3,2970
0,MM_3,2980
0,MM_3,2990
0,MM_3,3000
0,MM_3,3010
0,MM_3,3020
0,MM_3,3030
0,MM_3,3040
0,MM_3,3050
0,MM_3,3060
0,MM_3,3070
0,MM_3,3080
0,MM_3,3090
0,MM_3,3100
0,MM_3,3110
0,MM_3,3120
0,MM_3,3130
0,MM_3,3140
0,MM_3,3150
0,MM_3,3160
0,MM_3,3170
0,MM_3,3180
0,MM_3,3190
0,MM_3,3200
0,MM_3,3210
0,MM_3,3220
0,MM_3,3230
0,MM_3,3240
0,MM_3,3250
0,MM_3,3260
0,MM_3,3270
0,MM_3,3280
0,MM_3,3290
1,MM_3,3310
1,MM_3,3320
1,MM_3,3330
1,MM_3,3340
1,MM_3,3350
1,MM_3,3360
1,MM_3,3370
1,MM_3,3380
1,MM_3,3390
1,MM_3,3400
1,MM_3,3410
1,MM_3,3420
1,MM_3,3430
1,MM_3,3440
1,MM_3,3450
1,MM_3,3460
1,MM_3,3470
1,MM_3,3480
1,MM_3,3490
1,MM_3,3500
1,MM_3,3510
1,MM_3,3520
1,MM_3,3530
1,MM_3,3540
1,MM_3,3550
1,MM_3,3560
1,MM_3,3570
1,MM_3,3580
1,MM_3,3590
1,MM_3,3600
1,MM_3,3610
1,MM_3,3620
1,MM_3,3630
1,MM_3,3640
1,MM_3,3650
1,MM_3,3660
1,MM_3,3670
1,MM_3,3680
1,MM_3,3690
1,MM_3,3700
1,MM_3,3710
1,MM_3,3720
1,MM_3,3730
1,MM_3,3740
1,MM_3,3750
1,MM_3,3760
1,MM_3,3770
1,MM_3,3780
1,MM_3,3790
1,MM_3,3800
1,MM_3,3810
1,MM_3,3820
1,MM_3,3830
1,MM_3,3840
1,MM_3,3850
1,MM_3,3860
1,MM_3,3870
1,MM_3,3880
1,MM_3,3890
1,MM_3,3900
1,MM_3,3910
1,MM_3,3920
1,MM_3,3930
1,MM_3,3940
1,MM_3,3950
1,MM_3,3960
1,MM_3,3970
1,MM_3,3980
1,MM_3,3990
1,MM_3,4000
1,MM_3,4010
1,MM_3,4020
1,MM_3,4030
2,MM_3,4130
2,MM_3,4140
2,MM_3,4150
2,MM_3,4160
2,MM_3,4170
2,MM_3,4180
2,MM_3,4190
2,MM_3,4200
2,MM_3,4210
2,MM_3,4220
2,MM_3,4230
2,MM_3,4240
2,MM_3,4250
2,MM_3,4260
2,MM_3,4270
2,MM_3,4280
2,MM_3,4290
2,MM_3,4300
2,MM_3,4310
2,MM_3,4320
2,MM_3,4330
2,MM_3,4340
2,MM_3,4350
2,MM_3,4360
2,MM_3,4370
2,MM_3,4380
2,MM_3,4390
2,MM_3,4400
2,MM_3,4410
2,MM_3,4420
2,MM_3,4430
2,MM_3,4440
2,MM_3,4450
2,MM_3,4460
2,MM_3,4470
2,MM_3,4480
2,MM_3,4490
2,MM_3,4500
2,MM_3,4510
2,MM_3,4520
2,MM_3,4530
2,MM_3,4540
2,MM_3,4550
2,MM_3,4560
2,MM_3,4570
2,MM_3,4580
2,MM_3,4590
2,MM_3,4600
2,MM_3,4610
2,MM_3,4620
2,MM_3,4630
2,MM_3,4640
2,MM_3,4650
2,MM_3,4660
2,MM_3,4670
2,MM_3,4680
2,MM_3,4690
2,MM_3,4700
2,MM_3,4710
2,MM_3,4720
2,MM_3,4730
2,MM_3,4740
2,MM_3,4750
2,MM_3,4760
2,MM_3,4770
2,MM_3,4780
2,MM_3,4790
2,MM_3,4800
2,MM_3,4810
2,MM_3,4820
2,MM_3,4830
2,MM_3,4840
2,MM_3,4850
2,MM_3,4860
2,MM_3,4870
2,MM_3,4880
2,MM_3,4890
2,MM_3,4900
2,MM_3,4910
2,MM_3,4920
2,MM_3,4930
2,MM_3,4940
2,MM_3,4950
2,MM_3,4960
2,MM_3,4970
2,MM_3,4980
2,MM_3,4990
2,MM_3,5000
2,MM_3,5010
2,MM_3,5020
2,MM_3,5030
2,MM_3,5040
2,MM_3,5050
2,MM_3,5060
2,MM_3,5070
2,MM_3,5080
2,MM_3,5090
2,MM_3,5100
2,MM_3,5110
2,MM_3,5120
2,MM_3,5130
2,MM_3,5140
2,MM_3,5150
2,MM_3,5160
2,MM_3,5170
2,MM_3,5180
2,MM_3,5190
2,MM_3,5200
2,MM_3,5210
2,MM_3,5220
2,MM_3,5230
2,MM_3,5240
2,MM_3,5250
2,MM_3,5260
2,MM_3,5270
2,MM_3,5280
2,MM_3,5290
2,MM_3,5300
2,MM_3,5310
2,MM_3,5320
2,MM_3,5330
2,MM_3,5340
2,MM_3,5350
2,MM_3,5360
2,MM_3,5370
2,MM_3,5380
2,MM_3,5390
2,MM_3,5400
2,MM_3,5410
2,MM_3,5420
2,MM_3,5430
2,MM_3,5440
2,MM_3,5450
2,MM_3,5460
2,MM_3,5470
2,MM_3,5480
2,MM_3,5490
2,MM_3,5500
2,MM_3,5510
2,MM_3,5520
2,MM_3,5530
2,MM_3,5540
2,MM_3,5550
2,MM_3,5560
2,MM_3,5570
2,MM_3,5580
2,MM_3,5590
2,MM_3,5600
2,MM_3,5610
2,MM_3,5620
2,MM_3,5630
2,MM_3,5640
2,MM_3,5650
2,MM_3,5660
2,MM_3,5670
2,MM_3,5680
2,MM_3,5690
2,MM_3,5700
2,MM_3,5710
2,MM_3,5720
2,MM_3,5730
2,MM_3,5740
2,MM_3,5750
2,MM_3,5760
2,MM_3,5770
2,MM_3,5780
2,MM_3,5790
2,MM_3,5800
2,MM_3,5810
2,MM_3,5820
2,MM_3,5830
2,MM_3,5840
2,MM_3,5850
2,MM_3,5860
2,MM_3,5870
2,MM_3,5880
2,MM_3,5890
2,MM_3,5900
2,MM_3,5910
2,MM_3,5920
2,MM_3,5930
2,MM_3,5940
2,MM_3,5950
3,MM_3,4040
3,MM_3,4050
3,MM_3,4060
3,MM_3,4070
3,MM_3,4080
3,MM_3,4090
3,MM_3,4100
3,MM_3,6100
3,MM_3,6110
3,MM_3,6120
3,MM_3,6130
3,MM_3,6140
3,MM_3,6150
3,MM_3,6160
3,MM_3,6170
3,MM_3,6180
3,MM_3,6190
3,MM_3,6200
3,MM_3,6210
3,MM_3,6220
3,MM_3,6230
3,MM_3,6240
3,MM_3,6250
3,MM_3,6260
3,MM_3,6270
3,MM_3,6280
3,MM_3,6290
3,MM_3,6300
3,MM_3,6310
3,MM_3,6320
3,MM_3,6330
3,MM_3,6340
3,MM_3,6350
3,MM_3,6360
3,MM_3,6370
3,MM_3,6380
3,MM_3,6390
3,MM_3,6400
3,MM_3,6410
3,MM_3,6420
3,MM_3,6430
3,MM_3,6440
3,MM_3,6450
3,MM_3,6460
3,MM_3,6470
3,MM_3,6480
3,MM_3,6490
3,MM_3,6500
3,MM_3,6510
3,MM_3,6520
3,MM_3,6530
3,MM_3,6540
3,MM_3,6550
3,MM_3,6560
3,MM_3,6570
3,MM_3,6580
3,MM_3,6590
3,MM_3,6600
3,MM_3,6610
3,MM_3,6620
3,MM_3,6630
3,MM_3,6640
3,MM_3,6650
3,MM_3,6660
3,MM_3,6670
3,MM_3,6680
3,MM_3,6690
3,MM_3,6700
3,MM_3,6710
3,MM_3,6720
3,MM_3,6730
3,MM_3,6740
3,MM_3,6750
3,MM_3,6760
3,MM_3,6770
3,MM_3,6780
3,MM_3,6790
3,MM_3,6800
3,MM_3,6810
3,MM_3,6820
3,MM_3,6830
3,MM_3,6840
3,MM_3,6850
3,MM_3,6860
3,MM_3,6870
3,MM_3,6880
3,MM_3,6890
3,MM_3,6900
3,MM_3,6910
3,MM_3,6920
3,MM_3,6930
3,MM_3,6940
3,MM_3,6950
0,MM_4,0
0,MM_4,10
0,MM_4,20
0,MM_4,30
0,MM_4,40
0,MM_4,50
0,MM_4,60
0,MM_4,70
0,MM_4,80
0,MM_4,90
0,MM_4,100
0,MM_4,110
0,MM_4,120
0,MM_4,130
0,MM_4,140
0,MM_4,150
0,MM_4,160
0,MM_4,170
0,MM_4,180
0,MM_4,190
0,MM_4,200
0,MM_4,210
0,MM_4,220
0,MM_4,230
0,MM_4,240
0,MM_4,250
0,MM_4,260
0,MM_4,270
0,MM_4,280
0,MM_4,290
0,MM_4,300
0,MM_4,310
0,MM_4,320
0,MM_4,330
0,MM_4,340
0,MM_4,350
0,MM_4,360
0,MM_4,370
0,MM_4,380
0,MM_4,390
0,MM_4,400
0,MM_4,410
0,MM_4,420
0,MM_4,430
0,MM_4,440
0,MM_4,450
0,MM_4,460
0,MM_4,470
0,MM_4,480
0,MM_4,490
0,MM_4,500
0,MM_4,510
0,MM_4,520
0,MM_4,530
0,MM_4,540
0,MM_4,550
0,MM_4,560
0,MM_4,570
0,MM_4,580
0,MM_4,590
0,MM_4,600
0,MM_4,610
0,MM_4,620
0,MM_4,630
0,MM_4,640
0,MM_4,650
0,MM_4,660
0,MM_4,670
0,MM_4,680
0,MM_4,690
0,MM_4,700
0,MM_4,710
0,MM_4,720
0,MM_4,730
0,MM_4,740
0,MM_4,750
0,MM_4,760
0,MM_4,770
0,MM_4,780
0,MM_4,790
0,MM_4,800
0,MM_4,810
0,MM_4,820
0,MM_4,830
0,MM_4,840
0,MM_4,850
0,MM_4,860
0,MM_4,870
0,MM_4,880
0,MM_4,890
0,MM_4,900
0,MM_4,910
1,MM_4,920
1,MM_4,930
1,MM_4,940
1,MM_4,950
1,MM_4,960
1,MM_4,970
1,MM_4,980
1,MM_4,990
1,MM_4,1000
1,MM_4,1010
1,MM_4,1020
1,MM_4,1030
1,MM_4,1040
1,MM_4,1050
1,MM_4,1060
1,MM_4,1070
1,MM_4,1080
1,MM_4,1090
1,MM_4,1100
1,MM_4,1110
1,MM_4,1120
1,MM_4,1130
1,MM_4,1140
1,MM_4,1150
1,MM_4,1160
1,MM_4,1170
3,MM_4,1180
3,MM_4,1190
3,MM_4,1200
3,MM_4,1210
3,MM_4,1220
3,MM_4,1230
3,MM_4,1240
3,MM_4,1250
3,MM_4,1260
3,MM_4,1270
3,MM_4,1280
3,MM_4,1290
3,MM_4,1300
3,MM_4,1310
3,MM_4,1320
3,MM_4,1330
3,MM_4,1340
3,MM_4,1350
3,MM_4,1360
3,MM_4,1370
3,MM_4,1380
3,MM_4,1390
3,MM_4,1400
3,MM_4,1410
3,MM_4,1420
3,MM_4,1430
3,MM_4,1440
3,MM_4,1450
3,MM_4,1460
3,MM_4,1470
3,MM_4,1480
3,MM_4,1490
3,MM_4,1500
3,MM_4,1510
3,MM_4,1520
3,MM_4,1530
3,MM_4,1540
3,MM_4,1550
3,MM_4,1560
3,MM_4,1570
3,MM_4,1580
3,MM_4,1590
3,MM_4,1600
3,MM_4,1610
3,MM_4,1620
3,MM_4,1630
3,MM_4,1640
3,MM_4,1650
3,MM_4,1660
3,MM_4,1670
3,MM_4,1680
3,MM_4,1690
3,MM_4,1700
3,MM_4,1710
3,MM_4,1720
3,MM_4,1730
3,MM_4,1740
3,MM_4,1750
3,MM_4,1760
3,MM_4,1770
3,MM_4,1780
3,MM_4,1790
3,MM_4,1800
3,MM_4,1810
3,MM_4,1820
3,MM_4,1830
3,MM_4,1840
3,MM_4,1850
3,MM_4,1860
3,MM_4,1870
3,MM_4,1880
3,MM_4,1890
3,MM_4,1900
3,MM_4,1910
3,MM_4,1920
3,MM_4,1930
3,MM_4,1940
3,MM_4,1950
3,MM_4,1960
3,MM_4,1970
3,MM_4,1980
3,MM_4,1990
3,MM_4,2000
3,MM_4,2010
3,MM_4,2020
3,MM_4,2030
3,MM_4,2040
3,MM_4,2050
3,MM_4,2060
3,MM_4,2070
3,MM_4,2080
3,MM_4,2090
3,MM_4,2100
3,MM_4,2110
3,MM_4,2120
3,MM_4,2130
3,MM_4,2140
3,MM_4,2150
3,MM_4,2160
3,MM_4,2170
3,MM_4,2180
3,MM_4,2190
3,MM_4,2200
3,MM_4,2210
3,MM_4,2220
3,MM_4,2230
3,MM_4,2240
3,MM_4,2250
3,MM_4,2260
3,MM_4,2270
3,MM_4,2280
3,MM_4,2290
3,MM_4,2300
3,MM_4,2310
3,MM_4,2320
0,MM_5,0
0,MM_5,10
0,MM_5,20
0,MM_5,30
0,MM_5,40
0,MM_5,50
0,MM_5,60
0,MM_5,70
0,MM_5,80
0,MM_5,90
0,MM_5,100
0,MM_5,110
0,MM_5,120
0,MM_5,130
0,MM_5,140
0,MM_5,150
0,MM_5,160
0,MM_5,170
0,MM_5,180
0,MM_5,190
0,MM_5,200
0,MM_5,210
0,MM_5,220
0,MM_5,230
0,MM_5,240
0,MM_5,250
0,MM_5,260
0,MM_5,270
0,MM_5,280
0,MM_5,290
0,MM_5,300
0,MM_5,310
0,MM_5,320
0,MM_5,330
0,MM_5,340
0,MM_5,350
0,MM_5,360
0,MM_5,370
0,MM_5,380
0,MM_5,390
0,MM_5,400
0,MM_5,410
0,MM_5,420
0,MM_5,430
0,MM_5,440
0,MM_5,450
0,MM_5,460
0,MM_5,470
0,MM_5,480
0,MM_5,490
0,MM_5,500
0,MM_5,510
0,MM_5,520
0,MM_5,530
0,MM_5,540
0,MM_5,550
0,MM_5,560
0,MM_5,570
0,MM_5,580
0,MM_5,590
0,MM_5,600
0,MM_5,610
0,MM_5,620
0,MM_5,630
0,MM_5,640
0,MM_5,650
0,MM_5,660
0,MM_5,670
0,MM_5,680
0,MM_5,690
0,MM_5,700
0,MM_5,710
0,MM_5,720
0,MM_5,730
0,MM_5,740
0,MM_5,750
0,MM_5,760
0,MM_5,770
0,MM_5,780
0,MM_5,790
0,MM_5,800
0,MM_5,810
0,MM_5,820
0,MM_5,830
0,MM_5,840
0,MM_5,850
0,MM_5,860
0,MM_5,870
0,MM_5,880
0,MM_5,890
0,MM_5,900
0,MM_5,910
0,MM_5,920
0,MM_5,930
0,MM_5,940
0,MM_5,950
0,MM_5,960
0,MM_5,970
0,MM_5,980
0,MM_5,990
0,MM_5,1000
0,MM_5,1010
0,MM_5,1020
0,MM_5,1030
0,MM_5,1040
0,MM_5,1050
0,MM_5,1060
0,MM_5,1070
0,MM_5,1080
0,MM_5,1090
0,MM_5,1100
0,MM_5,1110
0,MM_5,1120
0,MM_5,1130
0,MM_5,1140
0,MM_5,1150
0,MM_5,1160
0,MM_5,1170
0,MM_5,1180
0,MM_5,1190
0,MM_5,1200
0,MM_5,1210
0,MM_5,1220
0,MM_5,1230
0,MM_5,1240
0,MM_5,1250
0,MM_5,1260
0,MM_5,1270
0,MM_5,1280
0,MM_5,1290
0,MM_5,1300
0,MM_5,1310
0,MM_5,1320
0,MM_5,1330
0,MM_5,1340
0,MM_5,1350
0,MM_5,1360
0,MM_5,1370
0,MM_5,1380
0,MM_5,1390
0,MM_5,1400
0,MM_5,1410
0,MM_5,1420
0,MM_5,1430
0,MM_5,1440
0,MM_5,1450
0,MM_5,1460
0,MM_5,1470
0,MM_5,1480
0,MM_5,1490
0,MM_5,1500
0,MM_5,1510
0,MM_5,1520
0,MM_5,1530
0,MM_5,1540
0,MM_5,1550
0,MM_5,1560
0,MM_5,1570
0,MM_5,1580
0,MM_5,1590
0,MM_5,1600
0,MM_5,1610
0,MM_5,1620
0,MM_5,1630
0,MM_5,1640
0,MM_5,1650
0,MM_5,1660
0,MM_5,1670
0,MM_5,1680
0,MM_5,1690
0,MM_5,1700
1,MM_5,1720
1,MM_5,1730
1,MM_5,1740
1,MM_5,1750
1,MM_5,1760
1,MM_5,1770
1,MM_5,1780
1,MM_5,1790
1,MM_5,1800
1,MM_5,1810
1,MM_5,1820
1,MM_5,1830
1,MM_5,1840
1,MM_5,1850
1,MM_5,1860
1,MM_5,1870
1,MM_5,1880
1,MM_5,1890
1,MM_5,1900
1,MM_5,1910
1,MM_5,1920
1,MM_5,1930
1,MM_5,1940
1,MM_5,1950
1,MM_5,1960
1,MM_5,1970
1,MM_5,1980
1,MM_5,1990
1,MM_5,2000
1,MM_5,2010
1,MM_5,2020
1,MM_5,2030
1,MM_5,2040
1,MM_5,2050
1,MM_5,2060
1,MM_5,2070
1,MM_5,2080
1,MM_5,2090
1,MM_5,2100
1,MM_5,2110
1,MM_5,2120
1,MM_5,2130
1,MM_5,2140
3,MM_5,2150
3,MM_5,2160
3,MM_5,2170
3,MM_5,2180
3,MM_5,2190
3,MM_5,2200
3,MM_5,2210
3,MM_5,2220
3,MM_5,2230
3,MM_5,2240
3,MM_5,2250
3,MM_5,2260
3,MM_5,2270
3,MM_5,2280
3,MM_5,2290
3,MM_5,2300
3,MM_5,2310
3,MM_5,2320
3,MM_5,2330
3,MM_5,2340
3,MM_5,2350
3,MM_5,2360
3,MM_5,2370
3,MM_5,2380
3,MM_5,2390
3,MM_5,2400
3,MM_5,2410
3,MM_5,2420
3,MM_5,2430
3,MM_5,2440
3,MM_5,2450
3,MM_5,2460
3,MM_5,2470
3,MM_5,2480
3,MM_5,2490
3,MM_5,2500
3,MM_5,2510
3,MM_5,2520
3,MM_5,2530
3,MM_5,2540
3,MM_5,2550
3,MM_5,2560
3,MM_5,2570
3,MM_5,2580
3,MM_5,2590
3,MM_5,2600
3,MM_5,2610
3,MM_5,2620
3,MM_5,2630
3,MM_5,2640
3,MM_5,2650
3,MM_5,2660
3,MM_5,2670
3,MM_5,2680
3,MM_5,2690
3,MM_5,2700
3,MM_5,2710
3,MM_5,2720
3,MM_5,2730
3,MM_5,2740
3,MM_5,2750
3,MM_5,2760
3,MM_5,2770
3,MM_5,2780
0,MM_6,0
0,MM_6,10
0,MM_6,20
0,MM_6,30
0,MM_6,40
0,MM_6,50
0,MM_6,60
0,MM_6,70
0,MM_6,80
0,MM_6,90
0,MM_6,100
0,MM_6,110
0,MM_6,120
0,MM_6,130
0,MM_6,140
0,MM_6,150
0,MM_6,160
0,MM_6,170
0,MM_6,180
0,MM_6,190
0,MM_6,200
0,MM_6,210
0,MM_6,220
0,MM_6,230
0,MM_6,240
0,MM_6,250
0,MM_6,260
0,MM_6,270
0,MM_6,280
0,MM_6,290
0,MM_6,300
0,MM_6,310
0,MM_6,320
0,MM_6,330
0,MM_6,340
0,MM_6,350
0,MM_6,360
0,MM_6,370
0,MM_6,380
0,MM_6,390
0,MM_6,400
0,MM_6,410
0,MM_6,420
0,MM_6,430
0,MM_6,440
0,MM_6,450
0,MM_6,460
0,MM_6,470
0,MM_6,480
0,MM_6,490
0,MM_6,500
0,MM_6,510
0,MM_6,520
0,MM_6,530
0,MM_6,540
0,MM_6,550
0,MM_6,560
0,MM_6,570
0,MM_6,580
0,MM_6,590
0,MM_6,600
0,MM_6,610
0,MM_6,620
0,MM_6,630
0,MM_6,640
0,MM_6,650
0,MM_6,660
0,MM_6,670
0,MM_6,680
0,MM_6,690
0,MM_6,700
0,MM_6,710
0,MM_6,720
0,MM_6,730
0,MM_6,740
0,MM_6,750
0,MM_6,760
0,MM_6,770
0,MM_6,780
0,MM_6,790
0,MM_6,800
0,MM_6,810
0,MM_6,820
0,MM_6,830
0,MM_6,840
0,MM_6,850
0,MM_6,860
0,MM_6,870
0,MM_6,880
0,MM_6,890
0,MM_6,900
0,MM_6,910
0,MM_6,920
0,MM_6,930
0,MM_6,940
0,MM_6,950
0,MM_6,960
0,MM_6,970
0,MM_6,980
0,MM_6,990
0,MM_6,1000
0,MM_6,1010
0,MM_6,1020
0,MM_6,1030
0,MM_6,1040
0,MM_6,1050
0,MM_6,1060
0,MM_6,1070
0,MM_6,1080
0,MM_6,1090
0,MM_6,1100
0,MM_6,1110
0,MM_6,1120
0,MM_6,1130
0,MM_6,1140
0,MM_6,1150
0,MM_6,1160
0,MM_6,1170
0,MM_6,1180
0,MM_6,1190
0,MM_6,1200
0,MM_6,1210
0,MM_6,1220
0,MM_6,1230
0,MM_6,1240
0,MM_6,1250
0,MM_6,1260
0,MM_6,1270
0,MM_6,1280
0,MM_6,1290
0,MM_6,1300
0,MM_6,1310
0,MM_6,1320
0,MM_6,1330
0,MM_6,1340
0,MM_6,1350
0,MM_6,1360
0,MM_6,1370
0,MM_6,1380
0,MM_6,1390
0,MM_6,1400
0,MM_6,1410
0,MM_6,1420
0,MM_6,1430
0,MM_6,1440
0,MM_6,1450
0,MM_6,1460
0,MM_6,1470
0,MM_6,1480
0,MM_6,1490
0,MM_6,1500
0,MM_6,1510
0,MM_6,1520
0,MM_6,1530
0,MM_6,1540
0,MM_6,1550
0,MM_6,1560
0,MM_6,1570
0,MM_6,1580
0,MM_6,1590
0,MM_6,1600
0,MM_6,1610
0,MM_6,1620
0,MM_6,1630
0,MM_6,1640
0,MM_6,1650
0,MM_6,1660
0,MM_6,1670
0,MM_6,1680
0,MM_6,1690
0,MM_6,1700
0,MM_6,1710
0,MM_6,1720
0,MM_6,1730
0,MM_6,1740
0,MM_6,1750
0,MM_6,1760
0,MM_6,1770
0,MM_6,1780
0,MM_6,1790
0,MM_6,1800
0,MM_6,1810
0,MM_6,1820
0,MM_6,1830
0,MM_6,1840
0,MM_6,1850
0,MM_6,1860
0,MM_6,1870
0,MM_6,1880
0,MM_6,1890
0,MM_6,1900
1,MM_6,1100
1,MM_6,1110
1,MM_6,1120
1,MM_6,1130
1,MM_6,1140
1,MM_6,1150
1,MM_6,1160
1,MM_6,1170
1,MM_6,1180
1,MM_6,1190
1,MM_6,1200
1,MM_6,1210
1,MM_6,1220
1,MM_6,1230
1,MM_6,1240
1,MM_6,1250
1,MM_6,1260
1,MM_6,1270
1,MM_6,1280
1,MM_6,1290
1,MM_6,1300
1,MM_6,1310
1,MM_6,1320
1,MM_6,1330
1,MM_6,1340
1,MM_6,1350
1,MM_6,1360
1,MM_6,1370
1,MM_6,1380
1,MM_6,1390
1,MM_6,1400
1,MM_6,1410
1,MM_6,1420
1,MM_6,1430
1,MM_6,1440
1,MM_6,1450
1,MM_6,1460
1,MM_6,1470
1,MM_6,1480
1,MM_6,1490
1,MM_6,1500
1,MM_6,1510
1,MM_6,1520
1,MM_6,1530
1,MM_6,1540
1,MM_6,1550
1,MM_6,1560
1,MM_6,1570
1,MM_6,1580
1,MM_6,1590
1,MM_6,1600
1,MM_6,1610
1,MM_6,1620
1,MM_6,1630
1,MM_6,1640
1,MM_6,1650
1,MM_6,1660
1,MM_6,1670
1,MM_6,1680
1,MM_6,1690
1,MM_6,1700
1,MM_6,1710
1,MM_6,1720
1,MM_6,1730
1,MM_6,1740
1,MM_6,1750
1,MM_6,1760
1,MM_6,1770
1,MM_6,1780
1,MM_6,1790
1,MM_6,1800
1,MM_6,1810
1,MM_6,1820
1,MM_6,1830
1,MM_6,1840
1,MM_6,1850
1,MM_6,1860
1,MM_6,1870
1,MM_6,1880
1,MM_6,1890
1,MM_6,1900
1,MM_6,1910
1,MM_6,1920
1,MM_6,1930
1,MM_6,1940
1,MM_6,1950
1,MM_6,1960
1,MM_6,1970
1,MM_6,1980
1,MM_6,1990
1,MM_6,2000
1,MM_6,2010
1,MM_6,2020
3,MM_6,2050
3,MM_6,2060
3,MM_6,2070
3,MM_6,2080
3,MM_6,2090
3,MM_6,2100
3,MM_6,2110
3,MM_6,2120
3,MM_6,2130
3,MM_6,2140
3,MM_6,2150
3,MM_6,2160
3,MM_6,2170
3,MM_6,2180
3,MM_6,2190
3,MM_6,2200
3,MM_6,2210
3,MM_6,2220
3,MM_6,2230
3,MM_6,2240
3,MM_6,2250
3,MM_6,2260
3,MM_6,2270
3,MM_6,2280
3,MM_6,2290
3,MM_6,2300
3,MM_6,2310
3,MM_6,2320
3,MM_6,2330
3,MM_6,2340
3,MM_6,2350
3,MM_6,2360
3,MM_6,2370
3,MM_6,2380
3,MM_6,2390
3,MM_6,2400
3,MM_6,2410
3,MM_6,2420
3,MM_6,2430
3,MM_6,2440
3,MM_6,2450
3,MM_6,2460
3,MM_6,2470
3,MM_6,2480
3,MM_6,2490
3,MM_6,2500
3,MM_6,2510
3,MM_6,2520
3,MM_6,2530
3,MM_6,2540
3,MM_6,2550
3,MM_6,2560
3,MM_6,2570
3,MM_6,2580
3,MM_6,2590
3,MM_6,2600
3,MM_6,2610
3,MM_6,2620
3,MM_6,2630
3,MM_6,2640
3,MM_6,2650
3,MM_6,2660
3,MM_6,2670
3,MM_6,2680
3,MM_6,2690
3,MM_6,2700
3,MM_6,2710
3,MM_6,2720
3,MM_6,2730
3,MM_6,2740
3,MM_6,2750
3,MM_6,2760
3,MM_6,2770
3,MM_6,2780
3,MM_6,2790
3,MM_6,2800
3,MM_6,2810
3,MM_6,2820
3,MM_6,2830
3,MM_6,2840
3,MM_6,2850
3,MM_6,2860
3,MM_6,2870
3,MM_6,2880
3,MM_6,2890
3,MM_6,2900
3,MM_6,2910
3,MM_6,2920
3,MM_6,2930
3,MM_6,2940
3,MM_6,2950
3,MM_6,2960
3,MM_6,2970
3,MM_6,2980
3,MM_6,2990
3,MM_6,3000
3,MM_6,3010
3,MM_6,3020
3,MM_6,3030
3,MM_6,3040
3,MM_6,3050
3,MM_6,3060
3,MM_6,3070
3,MM_6,3080
3,MM_6,3090
3,MM_6,3100
3,MM_6,3110
3,MM_6,3120
3,MM_6,3130
3,MM_6,3140
3,MM_6,3150
3,MM_6,3160
3,MM_6,3170
3,MM_6,3180
3,MM_6,3190
3,MM_6,3200
3,MM_6,3210
3,MM_6,3220
3,MM_6,3230
3,MM_6,3240
3,MM_6,3250
3,MM_6,3260
3,MM_6,3270
3,MM_6,3280
3,MM_6,3290
3,MM_6,3300
3,MM_6,3310
3,MM_6,3320
3,MM_6,3330
3,MM_6,3340
3,MM_6,3350
3,MM_6,3360
3,MM_6,3370
3,MM_6,3380
3,MM_6,3390
3,MM_6,3400
3,MM_6,3410
3,MM_6,3420
3,MM_6,3430
3,MM_6,3440
3,MM_6,3450
3,MM_6,3460
3,MM_6,3470
3,MM_6,3480
3,MM_6,3490
3,MM_6,3500
3,MM_6,3510
3,MM_6,3520
3,MM_6,3530
3,MM_6,3540
3,MM_6,3550
3,MM_6,3560
3,MM_6,3570
3,MM_6,3580
3,MM_6,3590
3,MM_6,3600
3,MM_6,3610
3,MM_6,3620
3,MM_6,3630
3,MM_6,3640
3,MM_6,3650
3,MM_6,3660
3,MM_6,3670
3,MM_6,3680
3,MM_6,3690
3,MM_6,3700
3,MM_6,3710
3,MM_6,3720
3,MM_6,3730
3,MM_6,3740
3,MM_6,3750
3,MM_6,3760
3,MM_6,3770
3,MM_6,3780
3,MM_6,3790
3,MM_6,3800
3,MM_6,3810
3,MM_6,3820
3,MM_6,3830
3,MM_6,3840
3,MM_6,3850
3,MM_6,3860
3,MM_6,3870
3,MM_6,3880
3,MM_6,3890
3,MM_6,3900
3,MM_6,3910
3,MM_6,3920
3,MM_6,3930
3,MM_6,3940
3,MM_6,3950
3,MM_6,3960
3,MM_6,3970
3,MM_6,3980
3,MM_6,3990
3,MM_6,4000
3,MM_6,4010
3,MM_6,4020
3,MM_6,4030
3,MM_6,4040
3,MM_6,4050
3,MM_6,4060
3,MM_6,4070
3,MM_6,4080
3,MM_6,4090
3,MM_6,4100
3,MM_6,4110
3,MM_6,4120
3,MM_6,4130
3,MM_6,4140
3,MM_6,4150
3,MM_6,4160
3,MM_6,4170
3,MM_6,4180
3,MM_6,4190
3,MM_6,4200
3,MM_6,4210
3,MM_6,4220
3,MM_6,4230
3,MM_6,4240
3,MM_6,4250
3,MM_6,4260
3,MM_6,4270
3,MM_6,4280
3,MM_6,4290
3,MM_6,4300
3,MM_6,4310
3,MM_6,4320
3,MM_6,4330
3,MM_6,4340
3,MM_6,4350
3,MM_6,4360
3,MM_6,4370
3,MM_6,4380
3,MM_6,4390
3,MM_6,4400
3,MM_6,4410
3,MM_6,4420
3,MM_6,4430
3,MM_6,4440
3,MM_6,4450
3,MM_6,4460
3,MM_6,4470
3,MM_6,4480
3,MM_6,4490
3,MM_6,4500
3,MM_6,4510
3,MM_6,4520
3,MM_6,4530
3,MM_6,4540
3,MM_6,4550
3,MM_6,4560
3,MM_6,4570
3,MM_6,4580
3,MM_6,4590
3,MM_6,4600
3,MM_6,4610
3,MM_6,4620
3,MM_6,4630
3,MM_6,4640
3,MM_6,4650
3,MM_6,4660
3,MM_6,4670
3,MM_6,4680
3,MM_6,4690
3,MM_6,4700
3,MM_6,4710
3,MM_6,4720
3,MM_6,4730
3,MM_6,4740
3,MM_6,4750
3,MM_6,4760
3,MM_6,4770
3,MM_6,4780
3,MM_6,4790
3,MM_6,4800
3,MM_6,4810
3,MM_6,4820
3,MM_6,4830
3,MM_6,4840
3,MM_6,4850
3,MM_6,4860
3,MM_6,4870
3,MM_6,4880
3,MM_6,4890
3,MM_6,4900
3,MM_6,4910
3,MM_6,4920
3,MM_6,4930
3,MM_6,4940
3,MM_6,4950
3,MM_6,4960
3,MM_6,4970
3,MM_6,4980
3,MM_6,4990
3,MM_6,5000
3,MM_6,5010
3,MM_6,5020
3,MM_6,5030
3,MM_6,5040
3,MM_6,5050
0,MM_7,0
0,MM_7,10
0,MM_7,20
0,MM_7,30
0,MM_7,40
0,MM_7,50
0,MM_7,60
0,MM_7,70
0,MM_7,80
0,MM_7,90
0,MM_7,100
0,MM_7,110
0,MM_7,120
0,MM_7,130
0,MM_7,140
0,MM_7,150
0,MM_7,160
0,MM_7,170
0,MM_7,180
0,MM_7,190
0,MM_7,200
0,MM_7,210
0,MM_7,220
0,MM_7,230
0,MM_7,240
0,MM_7,250
0,MM_7,260
0,MM_7,270
0,MM_7,280
0,MM_7,290
0,MM_7,300
0,MM_7,310
0,MM_7,320
0,MM_7,330
0,MM_7,340
0,MM_7,350
0,MM_7,360
0,MM_7,370
0,MM_7,380
0,MM_7,390
0,MM_7,400
0,MM_7,410
0,MM_7,420
0,MM_7,430
0,MM_7,440
0,MM_7,450
0,MM_7,460
0,MM_7,470
0,MM_7,480
0,MM_7,490
0,MM_7,500
0,MM_7,510
0,MM_7,520
0,MM_7,530
0,MM_7,540
0,MM_7,550
0,MM_7,560
0,MM_7,570
0,MM_7,580
0,MM_7,590
0,MM_7,600
0,MM_7,610
0,MM_7,620
0,MM_7,630
0,MM_7,640
0,MM_7,650
0,MM_7,660
0,MM_7,670
0,MM_7,680
1,MM_7,700
1,MM_7,710
1,MM_7,720
1,MM_7,730
1,MM_7,740
1,MM_7,750
1,MM_7,760
1,MM_7,770
1,MM_7,780
1,MM_7,790
1,MM_7,800
1,MM_7,810
1,MM_7,820
1,MM_7,830
1,MM_7,840
1,MM_7,850
1,MM_7,860
1,MM_7,870
1,MM_7,880
1,MM_7,890
1,MM_7,900
1,MM_7,910
1,MM_7,920
1,MM_7,930
1,MM_7,940
1,MM_7,950
1,MM_7,960
1,MM_7,970
1,MM_7,980
1,MM_7,990
1,MM_7,1000
1,MM_7,1010
1,MM_7,1020
1,MM_7,1030
1,MM_7,1040
1,MM_7,1050
1,MM_7,1060
1,MM_7,1070
1,MM_7,1080
1,MM_7,1090
1,MM_7,1100
1,MM_7,1110
1,MM_7,1120
1,MM_7,1130
1,MM_7,1140
1,MM_7,1150
1,MM_7,1160
1,MM_7,1170
1,MM_7,1180
3,MM_7,1160
3,MM_7,1170
3,MM_7,1180
3,MM_7,1190
3,MM_7,1200
3,MM_7,1210
3,MM_7,1220
3,MM_7,1230
3,MM_7,1240
3,MM_7,1250
3,MM_7,1260
3,MM_7,1270
3,MM_7,1280
3,MM_7,1290
3,MM_7,1300
3,MM_7,1310
3,MM_7,1320
3,MM_7,1330
3,MM_7,1340
3,MM_7,1350
3,MM_7,1360
3,MM_7,1370
3,MM_7,1380
3,MM_7,1390
3,MM_7,1400
3,MM_7,1410
3,MM_7,1420
3,MM_7,1430
3,MM_7,1440
3,MM_7,1450
3,MM_7,1460
3,MM_7,1470
3,MM_7,1480
3,MM_7,1490
3,MM_7,1500
3,MM_7,1510
3,MM_7,1520
3,MM_7,1530
3,MM_7,1540
3,MM_7,1550
3,MM_7,1560
3,MM_7,1570
3,MM_7,1580
3,MM_7,1590
3,MM_7,1600
3,MM_7,1610
3,MM_7,1620
3,MM_7,1630
3,MM_7,1640
3,MM_7,1650
3,MM_7,1660
3,MM_7,1670
3,MM_7,1680
3,MM_7,1690
3,MM_7,1700
3,MM_7,1710
3,MM_7,1720
3,MM_7,1730
3,MM_7,1740
3,MM_7,1750
3,MM_7,1760
3,MM_7,1770
3,MM_7,1780
3,MM_7,1790
3,MM_7,1800
3,MM_7,1810
3,MM_7,1820
3,MM_7,1830
3,MM_7,1840
3,MM_7,1850
3,MM_7,1860
3,MM_7,1870
3,MM_7,1880
3,MM_7,1890
3,MM_7,1900
3,MM_7,1910
3,MM_7,1920
3,MM_7,1930
3,MM_7,1940
3,MM_7,1950
3,MM_7,1960
0,MM_8,0
0,MM_8,10
0,MM_8,20
0,MM_8,30
0,MM_8,40
0,MM_8,50
0,MM_8,60
0,MM_8,70
0,MM_8,80
0,MM_8,90
0,MM_8,100
0,MM_8,110
0,MM_8,120
0,MM_8,130
0,MM_8,140
0,MM_8,150
0,MM_8,160
0,MM_8,170
0,MM_8,180
0,MM_8,190
0,MM_8,200
0,MM_8,210
0,MM_8,220
0,MM_8,230
0,MM_8,240
0,MM_8,250
0,MM_8,260
0,MM_8,270
0,MM_8,280
0,MM_8,290
0,MM_8,300
0,MM_8,310
0,MM_8,320
0,MM_8,330
0,MM_8,340
0,MM_8,350
0,MM_8,360
0,MM_8,370
0,MM_8,380
0,MM_8,390
0,MM_8,400
0,MM_8,410
0,MM_8,420
0,MM_8,430
0,MM_8,440
0,MM_8,450
0,MM_8,460
0,MM_8,470
0,MM_8,480
0,MM_8,490
0,MM_8,500
0,MM_8,510
0,MM_8,520
0,MM_8,530
0,MM_8,540
0,MM_8,550
0,MM_8,560
0,MM_8,570
0,MM_8,580
0,MM_8,590
0,MM_8,600
0,MM_8,610
0,MM_8,620
0,MM_8,630
0,MM_8,640
0,MM_8,650
0,MM_8,660
0,MM_8,670
0,MM_8,680
0,MM_8,690
0,MM_8,700
0,MM_8,710
0,MM_8,720
3,MM_8,750
3,MM_8,760
3,MM_8,770
3,MM_8,780
3,MM_8,790
3,MM_8,800
3,MM_8,810
3,MM_8,820
3,MM_8,830
3,MM_8,840
3,MM_8,850
3,MM_8,860
3,MM_8,870
3,MM_8,880
3,MM_8,890
3,MM_8,900
3,MM_8,910
3,MM_8,920
3,MM_8,930
3,MM_8,940
3,MM_8,950
3,MM_8,960
3,MM_8,970
3,MM_8,980
3,MM_8,990
3,MM_8,1000
3,MM_8,1010
3,MM_8,1020
3,MM_8,1030
3,MM_8,1040
3,MM_8,1050
3,MM_8,1060
3,MM_8,1070
3,MM_8,1080
3,MM_8,1090
3,MM_8,1100
3,MM_8,1110
3,MM_8,1120
3,MM_8,1130
3,MM_8,1140
3,MM_8,1150
3,MM_8,1160
3,MM_8,1170
3,MM_8,1180
3,MM_8,1190
3,MM_8,1200
3,MM_8,1210
3,MM_8,1220
3,MM_8,1230
3,MM_8,1240
3,MM_8,1250
3,MM_8,1260
3,MM_8,1270
3,MM_8,1280
3,MM_8,1290
3,MM_8,1300
3,MM_8,1310
3,MM_8,1320
3,MM_8,1330
3,MM_8,1340
0,MP_1,0
0,MP_1,10
0,MP_1,20
0,MP_1,30
0,MP_1,40
0,MP_1,50
0,MP_1,60
0,MP_1,70
0,MP_1,80
0,MP_1,90
0,MP_1,100
0,MP_1,110
0,MP_1,120
0,MP_1,130
0,MP_1,140
0,MP_1,150
0,MP_1,160
0,MP_1,170
0,MP_1,180
0,MP_1,190
0,MP_1,200
0,MP_1,210
0,MP_1,220
0,MP_1,230
0,MP_1,240
0,MP_1,250
0,MP_1,260
0,MP_1,270
0,MP_1,280
0,MP_1,290
0,MP_1,300
0,MP_1,310
0,MP_1,320
0,MP_1,330
0,MP_1,340
0,MP_1,350
0,MP_1,360
0,MP_1,370
0,MP_1,380
0,MP_1,390
0,MP_1,400
0,MP_1,410
0,MP_1,420
0,MP_1,430
0,MP_1,440
0,MP_1,450
0,MP_1,460
0,MP_1,470
0,MP_1,480
0,MP_1,490
0,MP_1,500
0,MP_1,510
0,MP_1,520
0,MP_1,530
0,MP_1,540
0,MP_1,550
0,MP_1,560
0,MP_1,570
0,MP_1,580
0,MP_1,590
0,MP_1,600
0,MP_1,610
0,MP_1,620
0,MP_1,630
0,MP_1,640
0,MP_1,650
0,MP_1,660
0,MP_1,670
0,MP_1,680
0,MP_1,690
0,MP_1,700
0,MP_1,710
0,MP_1,720
0,MP_1,730
0,MP_1,740
0,MP_1,750
0,MP_1,760
0,MP_1,770
0,MP_1,780
0,MP_1,790
0,MP_1,800
0,MP_1,810
0,MP_1,820
0,MP_1,830
0,MP_1,840
0,MP_1,850
0,MP_1,860
0,MP_1,870
0,MP_1,880
0,MP_1,890
0,MP_1,900
0,MP_1,910
0,MP_1,920
0,MP_1,930
0,MP_1,940
0,MP_1,950
0,MP_1,960
0,MP_1,970
0,MP_1,980
0,MP_1,990
0,MP_1,1000
0,MP_1,1010
0,MP_1,1020
0,MP_1,1030
0,MP_1,1040
0,MP_1,1050
0,MP_1,1060
0,MP_1,1070
0,MP_1,1080
0,MP_1,1090
0,MP_1,1100
0,MP_1,1110
0,MP_1,1120
0,MP_1,1130
0,MP_1,1140
0,MP_1,1150
0,MP_1,1160
0,MP_1,1170
0,MP_1,1180
0,MP_1,1190
0,MP_1,1200
0,MP_1,1210
0,MP_1,1220
0,MP_1,1230
0,MP_1,1240
0,MP_1,1250
0,MP_1,1260
0,MP_1,1270
0,MP_1,1280
0,MP_1,1290
0,MP_1,1300
0,MP_1,1310
0,MP_1,1320
0,MP_1,1330
0,MP_1,1340
0,MP_1,1350
0,MP_1,1360
0,MP_1,1370
0,MP_1,1380
0,MP_1,1390
0,MP_1,1400
0,MP_1,1410
0,MP_1,1420
0,MP_1,1430
0,MP_1,1440
0,MP_1,1450
0,MP_1,1460
0,MP_1,1470
0,MP_1,1480
0,MP_1,1490
0,MP_1,1500
0,MP_1,1510
0,MP_1,1520
0,MP_1,1530
0,MP_1,1540
0,MP_1,1550
0,MP_1,1560
0,MP_1,1570
0,MP_1,1580
0,MP_1,1590
0,MP_1,1600
0,MP_1,1610
0,MP_1,1620
0,MP_1,1630
0,MP_1,1640
0,MP_1,1650
0,MP_1,1660
0,MP_1,1670
0,MP_1,1680
0,MP_1,1690
0,MP_1,1700
0,MP_1,1710
0,MP_1,1720
0,MP_1,1730
0,MP_1,1740
0,MP_1,1750
0,MP_1,1760
0,MP_1,1770
0,MP_1,1780
0,MP_1,1790
0,MP_1,1800
0,MP_1,1810
0,MP_1,1820
0,MP_1,1830
0,MP_1,1840
0,MP_1,1850
0,MP_1,1860
0,MP_1,1870
0,MP_1,1880
0,MP_1,1890
0,MP_1,1900
0,MP_1,1910
0,MP_1,1920
0,MP_1,1930
0,MP_1,1940
0,MP_1,1950
0,MP_1,1960
0,MP_1,1970
0,MP_1,1980
0,MP_1,1990
0,MP_1,2000
0,MP_1,2010
0,MP_1,2020
0,MP_1,2030
0,MP_1,2040
0,MP_1,2050
0,MP_1,2060
0,MP_1,2070
0,MP_1,2080
0,MP_1,2090
0,MP_1,2100
0,MP_1,2110
0,MP_1,2120
0,MP_1,2130
0,MP_1,2140
0,MP_1,2150
0,MP_1,2160
0,MP_1,2170
0,MP_1,2180
0,MP_1,2190
0,MP_1,2200
0,MP_1,2210
0,MP_1,2220
0,MP_1,2230
0,MP_1,2240
0,MP_1,2250
0,MP_1,2260
0,MP_1,2270
0,MP_1,2280
0,MP_1,2290
0,MP_1,2300
0,MP_1,2310
0,MP_1,2320
0,MP_1,2330
0,MP_1,2340
0,MP_1,2350
0,MP_1,2360
0,MP_1,2370
0,MP_1,2380
0,MP_1,2390
0,MP_1,2400
0,MP_1,2410
0,MP_1,2420
0,MP_1,2430
0,MP_1,2440
0,MP_1,2450
0,MP_1,2460
0,MP_1,2470
0,MP_1,2480
0,MP_1,2490
0,MP_1,2500
0,MP_1,2510
0,MP_1,2520
0,MP_1,2530
0,MP_1,2540
0,MP_1,2550
0,MP_1,2560
0,MP_1,2570
0,MP_1,2580
0,MP_1,2590
0,MP_1,2600
0,MP_1,2610
0,MP_1,2620
0,MP_1,2630
0,MP_1,2640
0,MP_1,2650
0,MP_1,2660
0,MP_1,2670
0,MP_1,2680
0,MP_1,2690
0,MP_1,2700
0,MP_1,2710
0,MP_1,2720
0,MP_1,2730
0,MP_1,2740
0,MP_1,2750
0,MP_1,2760
0,MP_1,2770
0,MP_1,2780
0,MP_1,2790
0,MP_1,2800
0,MP_1,2810
0,MP_1,2820
0,MP_1,2830
0,MP_1,2840
0,MP_1,2850
0,MP_1,2860
0,MP_1,2870
0,MP_1,2880
0,MP_1,2890
0,MP_1,2900
0,MP_1,2910
0,MP_1,2920
0,MP_1,2930
0,MP_1,2940
0,MP_1,2950
0,MP_1,2960
0,MP_1,2970
0,MP_1,2980
0,MP_1,2990
0,MP_1,3000
0,MP_1,3010
0,MP_1,3020
0,MP_1,3030
0,MP_1,3040
0,MP_1,3050
0,MP_1,3060
0,MP_1,3070
0,MP_1,3080
0,MP_1,3090
0,MP_1,3100
0,MP_1,3110
0,MP_1,3120
0,MP_1,3130
0,MP_1,3140
0,MP_1,3150
0,MP_1,3160
0,MP_1,3170
0,MP_1,3180
0,MP_1,3190
0,MP_1,3200
0,MP_1,3210
0,MP_1,3220
0,MP_1,3230
0,MP_1,3240
0,MP_1,3250
0,MP_1,3260
0,MP_1,3270
0,MP_1,3280
0,MP_1,3290
0,MP_1,3300
0,MP_1,3310
0,MP_1,3320
0,MP_1,3330
0,MP_1,3340
0,MP_1,3350
0,MP_1,3360
0,MP_1,3370
0,MP_1,3380
0,MP_1,3390
0,MP_1,3400
0,MP_1,3410
0,MP_1,3420
0,MP_1,3430
0,MP_1,3440
0,MP_1,3450
0,MP_1,3460
0,MP_1,3470
0,MP_1,3480
0,MP_1,3490
0,MP_1,3500
0,MP_1,3510
0,MP_1,3520
0,MP_1,3530
0,MP_1,3540
0,MP_1,3550
0,MP_1,3560
0,MP_1,3570
0,MP_1,3580
0,MP_1,3590
0,MP_1,3600
0,MP_1,3610
0,MP_1,3620
0,MP_1,3630
0,MP_1,3640
0,MP_1,3650
0,MP_1,3660
0,MP_1,3670
0,MP_1,3680
0,MP_1,3690
0,MP_1,3700
0,MP_1,3710
0,MP_1,3720
0,MP_1,3730
0,MP_1,3740
0,MP_1,3750
0,MP_1,3760
0,MP_1,3770
0,MP_1,3780
0,MP_1,3790
0,MP_1,3800
0,MP_1,3810
0,MP_1,3820
0,MP_1,3830
0,MP_1,3840
0,MP_1,3850
0,MP_1,3860
0,MP_1,3870
0,MP_1,3880
0,MP_1,3890
0,MP_1,3900
0,MP_1,3910
0,MP_1,3920
0,MP_1,3930
0,MP_1,3940
0,MP_1,3950
0,MP_1,3960
0,MP_1,3970
0,MP_1,3980
0,MP_1,3990
0,MP_1,4000
0,MP_1,4010
0,MP_1,4020
0,MP_1,4030
0,MP_1,4040
0,MP_1,4050
0,MP_1,4060
0,MP_1,4070
0,MP_1,4080
0,MP_1,4090
0,MP_1,4100
0,MP_1,4110
0,MP_1,4120
0,MP_1,4130
0,MP_1,4140
0,MP_1,4150
0,MP_1,4160
0,MP_1,4170
0,MP_1,4180
0,MP_1,4190
0,MP_1,4200
0,MP_1,4210
0,MP_1,4220
0,MP_1,4230
0,MP_1,4240
0,MP_1,4250
0,MP_1,4260
0,MP_1,4270
0,MP_1,4280
0,MP_1,4290
0,MP_1,4300
0,MP_1,4310
0,MP_1,4320
0,MP_1,4330
0,MP_1,4340
0,MP_1,4350
0,MP_1,4360
0,MP_1,4370
0,MP_1,4380
0,MP_1,4390
0,MP_1,4400
0,MP_1,4410
0,MP_1,4420
0,MP_1,4430
0,MP_1,4440
0,MP_1,4450
0,MP_1,4460
0,MP_1,4470
0,MP_1,4480
0,MP_1,4490
0,MP_1,4500
0,MP_1,4510
0,MP_1,4520
0,MP_1,4530
0,MP_1,4540
0,MP_1,4550
0,MP_1,4560
0,MP_1,4570
0,MP_1,4580
0,MP_1,4590
0,MP_1,4600
0,MP_1,4610
0,MP_1,4620
0,MP_1,4630
0,MP_1,4640
0,MP_1,4650
0,MP_1,4660
0,MP_1,4670
0,MP_1,4680
0,MP_1,4690
0,MP_1,4700
0,MP_1,4710
0,MP_1,4720
0,MP_1,4730
0,MP_1,4740
0,MP_1,4750
0,MP_1,4760
0,MP_1,4770
0,MP_1,4780
0,MP_1,4790
0,MP_1,4800
0,MP_1,4810
0,MP_1,4820
0,MP_1,4830
0,MP_1,4840
0,MP_1,4850
0,MP_1,4860
0,MP_1,4870
0,MP_1,4880
0,MP_1,4890
0,MP_1,4900
0,MP_1,4910
0,MP_1,4920
0,MP_1,4930
0,MP_1,4940
0,MP_1,4950
0,MP_1,4960
0,MP_1,4970
0,MP_1,4980
0,MP_1,4990
0,MP_1,5000
0,MP_1,5010
0,MP_1,5020
0,MP_1,5030
0,MP_1,5040
0,MP_1,5050
0,MP_1,5060
0,MP_1,5070
0,MP_1,5080
0,MP_1,5090
0,MP_1,5100
0,MP_1,5110
0,MP_1,5120
0,MP_1,5130
0,MP_1,5140
0,MP_1,5150
0,MP_1,5160
0,MP_1,5170
0,MP_1,5180
0,MP_1,5190
0,MP_1,5200
0,MP_1,5210
0,MP_1,5220
0,MP_1,5230
0,MP_1,5240
0,MP_1,5250
0,MP_1,5260
0,MP_1,5270
0,MP_1,5280
0,MP_1,5290
0,MP_1,5300
0,MP_1,5310
0,MP_1,5320
0,MP_1,5330
0,MP_1,5340
0,MP_1,5350
0,MP_1,5360
0,MP_1,5370
0,MP_1,5380
0,MP_1,5390
0,MP_1,5400
0,MP_1,5410
0,MP_1,5420
0,MP_1,5430
0,MP_1,5440
0,MP_1,5450
0,MP_1,5460
0,MP_1,5470
0,MP_1,5480
0,MP_1,5490
0,MP_1,5500
0,MP_1,5510
0,MP_1,5520
0,MP_1,5530
0,MP_1,5540
0,MP_1,5550
0,MP_1,5560
0,MP_1,5570
0,MP_1,5580
0,MP_1,5590
0,MP_1,5600
0,MP_1,5610
0,MP_1,5620
0,MP_1,5630
0,MP_1,5640
0,MP_1,5650
0,MP_1,5660
0,MP_1,5670
0,MP_1,5680
0,MP_1,5690
0,MP_1,5700
0,MP_1,5710
0,MP_1,5720
0,MP_1,5730
0,MP_1,5740
0,MP_1,5750
0,MP_1,5760
0,MP_1,5770
0,MP_1,5780
0,MP_1,5790
0,MP_1,5800
0,MP_1,5810
0,MP_1,5820
0,MP_1,5830
0,MP_1,5840
0,MP_1,5850
0,MP_1,5860
0,MP_1,5870
0,MP_1,5880
0,MP_1,5890
0,MP_1,5900
0,MP_1,5910
0,MP_1,5920
0,MP_1,5930
0,MP_1,5940
0,MP_1,5950
0,MP_1,5960
0,MP_1,5970
0,MP_1,5980
0,MP_1,5990
0,MP_1,6000
0,MP_1,6010
0,MP_1,6020
0,MP_1,6030
0,MP_1,6040
0,MP_1,6050
0,MP_1,6060
0,MP_1,6070
0,MP_1,6080
0,MP_1,6090
0,MP_1,6100
0,MP_1,6110
0,MP_1,6120
0,MP_1,6130
0,MP_1,6140
0,MP_1,6150
0,MP_1,6160
0,MP_1,6170
0,MP_1,6180
0,MP_1,6190
0,MP_1,6200
0,MP_1,6210
0,MP_1,6220
0,MP_1,6230
0,MP_1,6240
0,MP_1,6250
0,MP_1,6260
0,MP_1,6270
0,MP_1,6280
0,MP_1,6290
0,MP_1,6300
0,MP_1,6310
0,MP_1,6320
0,MP_1,6330
0,MP_1,6340
0,MP_1,6350
0,MP_1,6360
0,MP_1,6370
0,MP_1,6380
0,MP_1,6390
0,MP_1,6400
0,MP_1,6410
0,MP_1,6420
0,MP_1,6430
0,MP_1,6440
0,MP_1,6450
0,MP_1,6460
0,MP_1,6470
0,MP_1,6480
0,MP_1,6490
0,MP_1,6500
0,MP_1,6510
0,MP_1,6520
0,MP_1,6530
0,MP_1,6540
0,MP_1,6550
0,MP_1,6560
0,MP_1,6570
0,MP_1,6580
0,MP_1,6590
0,MP_1,6600
0,MP_1,6610
0,MP_1,6620
0,MP_1,6630
0,MP_1,6640
0,MP_1,6650
0,MP_1,6660
0,MP_1,6670
0,MP_1,6680
0,MP_1,6690
0,MP_1,6700
0,MP_1,6710
0,MP_1,6720
0,MP_1,6730
0,MP_1,6740
0,MP_1,6750
0,MP_1,6760
0,MP_1,6770
0,MP_1,6780
0,MP_1,6790
0,MP_1,6800
0,MP_1,6810
0,MP_1,6820
0,MP_1,6830
0,MP_1,6840
0,MP_1,6850
0,MP_1,6860
0,MP_1,6870
0,MP_1,6880
0,MP_1,6890
0,MP_1,6900
0,MP_1,6910
0,MP_1,6920
0,MP_1,6930
0,MP_1,6940
0,MP_1,6950
0,MP_1,6960
0,MP_1,6970
0,MP_1,6980
0,MP_1,6990
0,MP_1,7000
0,MP_1,7010
0,MP_1,7020
0,MP_1,7030
0,MP_1,7040
0,MP_1,7050
0,MP_1,7060
0,MP_1,7070
0,MP_1,7080
0,MP_1,7090
0,MP_1,7100
0,MP_1,7110
0,MP_1,7120
0,MP_1,7130
0,MP_1,7140
0,MP_1,7150
0,MP_1,7160
0,MP_1,7170
0,MP_1,7180
0,MP_1,7190
0,MP_1,7200
0,MP_1,7210
0,MP_1,7220
0,MP_1,7230
0,MP_1,7240
0,MP_1,7250
0,MP_1,7260
0,MP_1,7270
0,MP_1,7280
0,MP_1,7290
0,MP_1,7300
0,MP_1,7310
0,MP_1,7320
0,MP_1,7330
0,MP_1,7340
0,MP_1,7350
0,MP_1,7360
0,MP_1,7370
0,MP_1,7380
0,MP_1,7390
0,MP_1,7400
0,MP_1,7410
0,MP_1,7420
0,MP_1,7430
0,MP_1,7440
0,MP_1,7450
0,MP_1,7460
0,MP_1,7470
0,MP_1,7480
0,MP_1,7490
0,MP_1,7500
0,MP_1,7510
0,MP_1,7520
0,MP_1,7530
0,MP_1,7540
0,MP_1,7550
0,MP_1,7560
0,MP_1,7570
0,MP_1,7580
0,MP_1,7590
0,MP_1,7600
0,MP_1,7610
0,MP_1,7620
0,MP_1,7630
0,MP_1,7640
0,MP_1,7650
0,MP_1,7660
0,MP_1,7670
0,MP_1,7680
0,MP_1,7690
0,MP_1,7700
0,MP_1,7710
0,MP_1,7720
0,MP_1,7730
0,MP_1,7740
0,MP_1,7750
0,MP_1,7760
0,MP_1,7770
0,MP_1,7780
0,MP_1,7790
0,MP_1,7800
0,MP_1,7810
0,MP_1,7820
0,MP_1,7830
0,MP_1,7840
0,MP_1,7850
0,MP_1,7860
0,MP_1,7870
0,MP_1,7880
0,MP_1,7890
0,MP_1,7900
0,MP_1,7910
0,MP_1,7920
0,MP_1,7930
0,MP_1,7940
0,MP_1,7950
0,MP_1,7960
0,MP_1,7970
0,MP_1,7980
0,MP_1,7990
0,MP_1,8000
0,MP_1,8010
0,MP_1,8020
0,MP_1,8030
0,MP_1,8040
0,MP_1,8050
0,MP_1,8060
0,MP_1,8070
0,MP_1,8080
0,MP_1,8090
0,MP_1,8100
0,MP_1,8110
0,MP_1,8120
0,MP_1,8130
0,MP_1,8140
0,MP_1,8150
0,MP_1,8160
0,MP_1,8170
0,MP_1,8180
0,MP_1,8190
0,MP_1,8200
0,MP_1,8210
0,MP_1,8220
0,MP_1,8230
0,MP_1,8240
0,MP_1,8250
0,MP_1,8260
0,MP_1,8270
0,MP_1,8280
0,MP_1,8290
0,MP_1,8300
0,MP_1,8310
0,MP_1,8320
0,MP_1,8330
0,MP_1,8340
0,MP_1,8350
0,MP_1,8360
0,MP_1,8370
0,MP_1,8380
0,MP_1,8390
0,MP_1,8400
0,MP_1,8410
0,MP_1,8420
0,MP_1,8430
0,MP_1,8440
0,MP_1,8450
0,MP_1,8460
0,MP_1,8470
0,MP_1,8480
0,MP_1,8490
0,MP_1,8500
0,MP_1,8510
0,MP_1,8520
0,MP_1,8530
0,MP_1,8540
0,MP_1,8550
0,MP_1,8560
0,MP_1,8570
0,MP_1,8580
0,MP_1,8590
0,MP_1,8600
0,MP_1,8610
0,MP_1,8620
0,MP_1,8630
0,MP_1,8640
0,MP_1,8650
0,MP_1,8660
0,MP_1,8670
0,MP_1,8680
0,MP_1,8690
0,MP_1,8700
0,MP_1,8710
0,MP_1,8720
0,MP_1,8730
0,MP_1,8740
0,MP_1,8750
0,MP_1,8760
0,MP_1,8770
0,MP_1,8780
0,MP_1,8790
0,MP_1,8800
0,MP_1,8810
0,MP_1,8820
0,MP_1,8830
0,MP_1,8840
0,MP_1,8850
0,MP_1,8860
0,MP_1,8870
0,MP_1,8880
0,MP_1,8890
0,MP_1,8900
0,MP_1,8910
0,MP_1,8920
0,MP_1,8930
0,MP_1,8940
0,MP_1,8950
0,MP_1,8960
0,MP_1,8970
0,MP_1,8980
0,MP_1,8990
0,MP_1,9000
0,MP_1,9010
0,MP_1,9020
0,MP_1,9030
0,MP_1,9040
0,MP_1,9050
0,MP_1,9060
0,MP_1,9070
0,MP_1,9080
0,MP_1,9090
0,MP_1,9100
0,MP_1,9110
0,MP_1,9120
0,MP_1,9130
0,MP_1,9140
0,MP_1,9150
0,MP_1,9160
0,MP_1,9170
0,MP_1,9180
0,MP_1,9190
0,MP_1,9200
0,MP_1,9210
0,MP_1,9220
0,MP_1,9230
0,MP_1,9240
0,MP_1,9250
0,MP_1,9260
0,MP_1,9270
0,MP_1,9280
0,MP_1,9290
0,MP_1,9300
0,MP_1,9310
0,MP_1,9320
0,MP_1,9330
0,MP_1,9340
0,MP_1,9350
0,MP_1,9360
0,MP_1,9370
0,MP_1,9380
0,MP_1,9390
0,MP_1,9400
0,MP_1,9410
0,MP_1,9420
0,MP_1,9430
0,MP_1,9440
0,MP_1,9450
0,MP_1,9460
0,MP_1,9470
0,MP_1,9480
0,MP_1,9490
0,MP_1,9500
0,MP_1,9510
0,MP_1,9520
0,MP_1,9530
0,MP_1,9540
0,MP_1,9550
0,MP_1,9560
0,MP_1,9570
0,MP_1,9580
0,MP_1,9590
0,MP_1,9600
0,MP_1,9610
0,MP_1,9620
0,MP_1,9630
0,MP_1,9640
0,MP_1,9650
0,MP_1,9660
0,MP_1,9670
0,MP_1,9680
0,MP_1,9690
0,MP_1,9700
0,MP_1,9710
0,MP_1,9720
0,MP_1,9730
0,MP_1,9740
0,MP_1,9750
0,MP_1,9760
0,MP_1,9770
0,MP_1,9780
0,MP_1,9790
0,MP_1,9800
0,MP_1,9810
0,MP_1,9820
0,MP_1,9830
0,MP_1,9840
0,MP_1,9850
0,MP_1,9860
0,MP_1,9870
0,MP_1,9880
0,MP_1,9890
0,MP_1,9900
0,MP_1,9910
0,MP_1,9920
0,MP_1,9930
0,MP_1,9940
0,MP_1,9950
0,MP_1,9960
0,MP_1,9970
0,MP_1,9980
0,MP_1,9990
0,MP_1,10000
0,MP_1,10010
0,MP_1,10020
0,MP_1,10030
0,MP_1,10040
0,MP_1,10050
0,MP_1,10060
0,MP_1,10070
0,MP_1,10080
0,MP_1,10090
0,MP_1,10100
0,MP_1,10110
0,MP_1,10120
0,MP_1,10130
0,MP_1,10140
0,MP_1,10150
0,MP_1,10160
0,MP_1,10170
0,MP_1,10180
0,MP_1,10190
0,MP_1,10200
0,MP_1,10210
0,MP_1,10220
0,MP_1,10230
0,MP_1,10240
0,MP_1,10250
0,MP_1,10260
0,MP_1,10270
0,MP_1,10280
0,MP_1,10400
0,MP_1,10410
0,MP_1,10420
0,MP_1,10430
0,MP_1,10440
0,MP_1,10450
0,MP_1,10460
0,MP_1,10470
0,MP_1,10480
0,MP_1,10490
0,MP_1,10500
0,MP_1,10510
0,MP_1,10520
0,MP_1,10530
0,MP_1,10540
0,MP_1,10550
0,MP_1,10560
0,MP_1,10570
0,MP_1,10580
0,MP_1,10590
0,MP_1,10600
0,MP_1,10610
0,MP_1,10620
0,MP_1,10670
1,MP_1,10680
1,MP_1,10690
1,MP_1,10700
1,MP_1,10710
1,MP_1,10720
1,MP_1,10730
1,MP_1,10740
1,MP_1,10750
1,MP_1,10760
1,MP_1,10770
1,MP_1,10780
1,MP_1,10790
1,MP_1,10800
1,MP_1,10810
1,MP_1,10820
1,MP_1,10830
1,MP_1,10890
1,MP_1,10900
1,MP_1,10910
1,MP_1,10920
1,MP_1,10930
1,MP_1,10940
1,MP_1,10950
1,MP_1,10960
1,MP_1,10970
1,MP_1,10980
1,MP_1,11110
1,MP_1,11120
1,MP_1,11130
1,MP_1,11140
3,MP_1,11230
3,MP_1,11240
3,MP_1,11250
3,MP_1,11260
3,MP_1,11270
3,MP_1,11280
3,MP_1,11290
3,MP_1,11300
3,MP_1,11310
3,MP_1,11320
3,MP_1,11330
3,MP_1,11340
3,MP_1,11350
3,MP_1,11360
3,MP_1,11370
3,MP_1,11380
3,MP_1,11390
3,MP_1,11400
3,MP_1,11410
3,MP_1,11420
3,MP_1,11430
3,MP_1,11440
3,MP_1,11450
3,MP_1,11460
3,MP_1,11470
3,MP_1,11480
3,MP_1,11490
3,MP_1,11500
3,MP_1,11510
3,MP_1,11520
3,MP_1,11530
3,MP_1,11540
3,MP_1,11550
3,MP_1,11560
3,MP_1,11570
3,MP_1,11580
3,MP_1,11590
3,MP_1,11600
3,MP_1,11610
3,MP_1,11620
3,MP_1,11630
3,MP_1,11640
3,MP_1,11650
3,MP_1,11660
3,MP_1,11670
3,MP_1,11680
3,MP_1,11690
3,MP_1,11700
3,MP_1,11710
3,MP_1,11720
3,MP_1,11730
3,MP_1,11740
3,MP_1,11750
3,MP_1,11760
3,MP_1,11770
3,MP_1,11780
3,MP_1,11790
3,MP_1,11800
3,MP_1,11810
3,MP_1,11820
3,MP_1,11830
3,MP_1,11840
0,MP_2,0
0,MP_2,10
0,MP_2,20
0,MP_2,30
0,MP_2,40
0,MP_2,50
0,MP_2,60
0,MP_2,70
0,MP_2,80
0,MP_2,90
0,MP_2,100
0,MP_2,110
0,MP_2,120
0,MP_2,130
0,MP_2,140
0,MP_2,150
0,MP_2,160
0,MP_2,170
0,MP_2,180
0,MP_2,190
0,MP_2,200
0,MP_2,210
0,MP_2,220
0,MP_2,230
0,MP_2,240
0,MP_2,250
0,MP_2,260
0,MP_2,270
0,MP_2,280
0,MP_2,290
0,MP_2,300
0,MP_2,310
0,MP_2,320
0,MP_2,330
0,MP_2,340
0,MP_2,350
0,MP_2,360
0,MP_2,370
0,MP_2,380
0,MP_2,390
0,MP_2,400
0,MP_2,410
0,MP_2,420
0,MP_2,430
0,MP_2,440
0,MP_2,450
0,MP_2,460
0,MP_2,470
0,MP_2,480
0,MP_2,490
0,MP_2,500
0,MP_2,510
0,MP_2,520
0,MP_2,530
0,MP_2,540
0,MP_2,550
0,MP_2,560
0,MP_2,570
0,MP_2,580
0,MP_2,590
0,MP_2,600
0,MP_2,610
0,MP_2,620
0,MP_2,630
0,MP_2,640
0,MP_2,650
0,MP_2,660
0,MP_2,670
0,MP_2,680
0,MP_2,690
0,MP_2,700
0,MP_2,710
0,MP_2,720
0,MP_2,730
0,MP_2,740
0,MP_2,750
0,MP_2,760
0,MP_2,770
0,MP_2,780
0,MP_2,790
0,MP_2,800
0,MP_2,810
0,MP_2,820
0,MP_2,830
0,MP_2,840
0,MP_2,850
0,MP_2,860
0,MP_2,870
0,MP_2,880
0,MP_2,890
0,MP_2,900
0,MP_2,910
0,MP_2,920
0,MP_2,930
0,MP_2,940
0,MP_2,950
0,MP_2,960
0,MP_2,970
0,MP_2,980
0,MP_2,990
0,MP_2,1000
0,MP_2,1010
0,MP_2,1020
0,MP_2,1030
0,MP_2,1040
0,MP_2,1050
0,MP_2,1060
0,MP_2,1070
0,MP_2,1080
0,MP_2,1090
0,MP_2,1100
0,MP_2,1110
0,MP_2,1120
0,MP_2,1130
0,MP_2,1140
0,MP_2,1150
0,MP_2,1160
0,MP_2,1170
0,MP_2,1180
0,MP_2,1190
0,MP_2,1200
0,MP_2,1210
0,MP_2,1220
0,MP_2,1230
0,MP_2,1240
0,MP_2,1250
0,MP_2,1260
0,MP_2,1270
0,MP_2,1280
0,MP_2,1290
0,MP_2,1300
0,MP_2,1310
0,MP_2,1320
0,MP_2,1330
0,MP_2,1340
0,MP_2,1350
0,MP_2,1360
0,MP_2,1370
0,MP_2,1380
0,MP_2,1390
0,MP_2,1400
0,MP_2,1410
0,MP_2,1420
0,MP_2,1430
0,MP_2,1440
0,MP_2,1450
0,MP_2,1460
0,MP_2,1470
0,MP_2,1480
0,MP_2,1490
0,MP_2,1500
0,MP_2,1510
0,MP_2,1520
0,MP_2,1530
0,MP_2,1540
0,MP_2,1550
0,MP_2,1560
0,MP_2,1570
0,MP_2,1580
0,MP_2,1590
0,MP_2,1600
0,MP_2,1610
0,MP_2,1620
0,MP_2,1630
0,MP_2,1640
0,MP_2,1650
0,MP_2,1660
0,MP_2,1670
0,MP_2,1680
0,MP_2,1690
0,MP_2,1700
0,MP_2,1710
0,MP_2,1720
0,MP_2,1730
0,MP_2,1740
0,MP_2,1750
0,MP_2,1760
0,MP_2,1770
0,MP_2,1780
0,MP_2,1790
0,MP_2,1800
0,MP_2,1810
0,MP_2,1820
0,MP_2,1830
0,MP_2,1840
0,MP_2,1850
0,MP_2,1860
0,MP_2,1870
0,MP_2,1880
0,MP_2,1890
0,MP_2,1900
0,MP_2,1910
0,MP_2,1920
0,MP_2,1930
0,MP_2,1940
0,MP_2,1950
0,MP_2,1960
0,MP_2,1970
0,MP_2,1980
0,MP_2,1990
0,MP_2,2000
0,MP_2,2010
0,MP_2,2020
0,MP_2,2030
0,MP_2,2040
0,MP_2,2050
0,MP_2,2060
0,MP_2,2070
0,MP_2,2080
0,MP_2,2090
0,MP_2,2100
0,MP_2,2110
0,MP_2,2120
0,MP_2,2130
0,MP_2,2140
0,MP_2,2150
0,MP_2,2160
0,MP_2,2170
0,MP_2,2180
0,MP_2,2190
0,MP_2,2200
0,MP_2,2210
0,MP_2,2220
0,MP_2,2230
0,MP_2,2240
0,MP_2,2250
0,MP_2,2260
0,MP_2,2270
0,MP_2,2280
0,MP_2,2290
0,MP_2,2300
0,MP_2,2310
0,MP_2,2320
0,MP_2,2330
0,MP_2,2340
0,MP_2,2350
0,MP_2,2360
0,MP_2,2370
0,MP_2,2380
0,MP_2,2390
0,MP_2,2400
0,MP_2,2410
0,MP_2,2420
0,MP_2,2430
0,MP_2,2440
0,MP_2,2450
0,MP_2,2460
0,MP_2,2470
0,MP_2,2480
0,MP_2,2490
0,MP_2,2500
0,MP_2,2510
0,MP_2,2520
0,MP_2,2530
0,MP_2,2540
0,MP_2,2550
0,MP_2,2560
0,MP_2,2570
0,MP_2,2580
0,MP_2,2590
0,MP_2,2600
0,MP_2,2610
0,MP_2,2620
0,MP_2,2630
0,MP_2,2640
0,MP_2,2650
0,MP_2,2660
0,MP_2,2670
0,MP_2,2680
0,MP_2,2690
0,MP_2,2700
0,MP_2,2710
0,MP_2,2720
0,MP_2,2730
0,MP_2,2740
0,MP_2,2750
0,MP_2,2760
0,MP_2,2770
0,MP_2,2780
0,MP_2,2790
0,MP_2,2800
0,MP_2,2810
0,MP_2,2820
0,MP_2,2830
0,MP_2,2840
0,MP_2,2850
0,MP_2,2860
0,MP_2,2870
0,MP_2,2880
0,MP_2,2890
0,MP_2,2900
0,MP_2,2910
0,MP_2,2920
0,MP_2,2930
0,MP_2,2940
0,MP_2,2950
0,MP_2,2960
0,MP_2,2970
0,MP_2,2980
0,MP_2,2990
0,MP_2,3000
0,MP_2,3010
0,MP_2,3020
0,MP_2,3030
0,MP_2,3040
0,MP_2,3050
0,MP_2,3060
0,MP_2,3070
0,MP_2,3080
0,MP_2,3090
0,MP_2,3100
0,MP_2,3110
0,MP_2,3120
0,MP_2,3130
0,MP_2,3140
0,MP_2,3150
0,MP_2,3160
0,MP_2,3170
0,MP_2,3180
0,MP_2,3190
0,MP_2,3200
0,MP_2,3210
0,MP_2,3220
0,MP_2,3230
0,MP_2,3240
0,MP_2,3250
0,MP_2,3260
0,MP_2,3270
0,MP_2,3280
0,MP_2,3290
0,MP_2,3300
0,MP_2,3310
0,MP_2,3320
0,MP_2,3330
0,MP_2,3340
0,MP_2,3350
0,MP_2,3360
0,MP_2,3370
0,MP_2,3380
0,MP_2,3390
0,MP_2,3400
0,MP_2,3410
0,MP_2,3420
0,MP_2,3430
0,MP_2,3440
0,MP_2,3450
0,MP_2,3460
0,MP_2,3470
0,MP_2,3480
0,MP_2,3490
0,MP_2,3500
0,MP_2,3510
0,MP_2,3520
0,MP_2,3530
0,MP_2,3540
0,MP_2,3550
0,MP_2,3560
0,MP_2,3570
0,MP_2,3580
0,MP_2,3590
0,MP_2,3600
0,MP_2,3610
0,MP_2,3620
0,MP_2,3630
0,MP_2,3640
0,MP_2,3650
0,MP_2,3660
0,MP_2,3670
0,MP_2,3680
0,MP_2,3690
0,MP_2,3700
0,MP_2,3710
0,MP_2,3720
0,MP_2,3730
0,MP_2,3740
0,MP_2,3750
0,MP_2,3760
0,MP_2,3770
0,MP_2,3780
0,MP_2,3790
0,MP_2,3800
0,MP_2,3810
0,MP_2,3820
0,MP_2,3830
0,MP_2,3840
0,MP_2,3850
0,MP_2,3860
0,MP_2,3870
0,MP_2,3880
0,MP_2,3890
0,MP_2,3900
0,MP_2,3910
0,MP_2,3920
0,MP_2,3930
0,MP_2,3940
0,MP_2,3950
0,MP_2,3960
0,MP_2,3970
0,MP_2,3980
0,MP_2,3990
0,MP_2,4000
0,MP_2,4010
0,MP_2,4020
0,MP_2,4030
0,MP_2,4040
0,MP_2,4050
0,MP_2,4060
0,MP_2,4070
0,MP_2,4080
0,MP_2,4090
0,MP_2,4100
0,MP_2,4110
0,MP_2,4120
0,MP_2,4130
0,MP_2,4140
0,MP_2,4150
0,MP_2,4160
0,MP_2,4170
0,MP_2,4180
0,MP_2,4190
0,MP_2,4200
0,MP_2,4210
0,MP_2,4220
0,MP_2,4230
0,MP_2,4240
0,MP_2,4250
0,MP_2,4260
0,MP_2,4270
0,MP_2,4280
0,MP_2,4290
0,MP_2,4300
0,MP_2,4310
0,MP_2,4320
0,MP_2,4330
0,MP_2,4340
0,MP_2,4350
0,MP_2,4360
0,MP_2,4370
0,MP_2,4380
0,MP_2,4390
0,MP_2,4400
0,MP_2,4410
0,MP_2,4420
0,MP_2,4430
0,MP_2,4440
0,MP_2,4450
0,MP_2,4460
0,MP_2,4470
0,MP_2,4480
0,MP_2,4490
0,MP_2,4500
0,MP_2,4510
0,MP_2,4520
0,MP_2,4530
0,MP_2,4540
0,MP_2,4550
0,MP_2,4560
0,MP_2,4570
0,MP_2,4580
0,MP_2,4590
0,MP_2,4600
0,MP_2,4610
0,MP_2,4620
0,MP_2,4630
0,MP_2,4640
0,MP_2,4650
0,MP_2,4660
0,MP_2,4670
0,MP_2,4680
0,MP_2,4690
0,MP_2,4700
0,MP_2,4710
0,MP_2,4720
0,MP_2,4730
0,MP_2,4740
0,MP_2,4750
0,MP_2,4760
0,MP_2,4770
0,MP_2,4780
0,MP_2,4790
0,MP_2,4800
0,MP_2,4810
0,MP_2,4820
0,MP_2,4830
0,MP_2,4840
0,MP_2,4850
0,MP_2,4860
0,MP_2,4870
0,MP_2,4880
0,MP_2,4890
0,MP_2,4900
0,MP_2,4910
0,MP_2,4920
0,MP_2,4930
1,MP_2,5400
1,MP_2,5410
1,MP_2,5420
1,MP_2,5430
1,MP_2,5440
1,MP_2,5450
1,MP_2,5460
1,MP_2,5470
1,MP_2,5480
1,MP_2,5490
1,MP_2,5500
1,MP_2,5510
1,MP_2,5520
1,MP_2,5530
1,MP_2,5540
1,MP_2,5550
1,MP_2,5560
1,MP_2,5570
1,MP_2,5580
1,MP_2,5590
1,MP_2,5600
1,MP_2,5610
1,MP_2,5620
1,MP_2,5630
1,MP_2,5640
1,MP_2,5650
1,MP_2,5660
1,MP_2,5670
1,MP_2,5680
1,MP_2,5690
1,MP_2,5700
1,MP_2,5710
1,MP_2,5720
1,MP_2,5730
1,MP_2,5740
1,MP_2,5750
1,MP_2,5760
1,MP_2,5770
1,MP_2,5780
1,MP_2,5790
1,MP_2,5800
1,MP_2,5810
1,MP_2,5820
1,MP_2,5830
1,MP_2,5840
1,MP_2,5850
1,MP_2,5860
1,MP_2,5870
1,MP_2,5880
1,MP_2,5890
1,MP_2,5900
1,MP_2,5910
1,MP_2,5920
1,MP_2,5930
1,MP_2,5940
1,MP_2,5950
1,MP_2,5960
1,MP_2,5970
1,MP_2,5980
1,MP_2,5990
1,MP_2,6000
1,MP_2,6010
1,MP_2,6020
1,MP_2,6030
1,MP_2,6040
1,MP_2,6050
1,MP_2,6060
1,MP_2,6070
1,MP_2,6080
1,MP_2,6090
1,MP_2,6100
1,MP_2,6110
1,MP_2,6120
1,MP_2,6130
1,MP_2,6140
1,MP_2,6150
1,MP_2,6160
1,MP_2,6170
1,MP_2,6180
1,MP_2,6190
1,MP_2,6200
1,MP_2,6210
1,MP_2,6220
1,MP_2,6230
1,MP_2,6240
1,MP_2,6250
1,MP_2,6260
1,MP_2,6270
1,MP_2,6280
1,MP_2,6290
1,MP_2,6300
1,MP_2,6310
1,MP_2,6320
1,MP_2,6330
1,MP_2,6340
1,MP_2,6350
1,MP_2,6360
1,MP_2,6370
1,MP_2,6380
1,MP_2,6390
1,MP_2,6400
1,MP_2,6410
1,MP_2,6420
1,MP_2,6430
1,MP_2,6440
1,MP_2,6450
1,MP_2,6460
1,MP_2,6470
1,MP_2,6480
1,MP_2,6490
1,MP_2,6500
1,MP_2,6510
1,MP_2,6520
1,MP_2,6530
1,MP_2,6540
1,MP_2,6550
1,MP_2,6560
1,MP_2,6570
1,MP_2,6580
1,MP_2,6590
1,MP_2,6600
1,MP_2,6610
1,MP_2,6620
1,MP_2,6630
1,MP_2,6640
1,MP_2,6650
1,MP_2,6660
1,MP_2,6670
1,MP_2,6680
1,MP_2,6690
1,MP_2,6700
1,MP_2,6710
1,MP_2,6720
1,MP_2,6730
1,MP_2,6740
1,MP_2,6750
1,MP_2,6760
1,MP_2,6770
1,MP_2,6780
1,MP_2,6790
1,MP_2,6800
1,MP_2,6810
1,MP_2,6820
1,MP_2,6830
1,MP_2,6840
1,MP_2,6850
1,MP_2,6860
1,MP_2,6870
1,MP_2,6880
1,MP_2,6890
1,MP_2,6900
1,MP_2,6910
1,MP_2,6920
1,MP_2,6930
1,MP_2,6940
1,MP_2,6950
1,MP_2,6960
1,MP_2,6970
1,MP_2,6980
1,MP_2,6990
1,MP_2,7000
1,MP_2,7010
1,MP_2,7020
1,MP_2,7030
1,MP_2,7040
1,MP_2,7050
1,MP_2,7060
1,MP_2,7070
1,MP_2,7080
1,MP_2,7090
1,MP_2,7100
1,MP_2,7110
1,MP_2,7120
1,MP_2,7130
1,MP_2,7140
1,MP_2,7150
1,MP_2,7160
1,MP_2,7170
1,MP_2,7180
1,MP_2,7190
1,MP_2,7200
1,MP_2,7210
1,MP_2,7220
1,MP_2,7230
1,MP_2,7240
1,MP_2,7250
1,MP_2,7260
1,MP_2,7270
1,MP_2,7280
1,MP_2,7290
1,MP_2,7300
1,MP_2,7310
1,MP_2,7320
1,MP_2,7440
1,MP_2,7450
1,MP_2,7460
1,MP_2,7470
1,MP_2,7480
1,MP_2,7490
1,MP_2,7500
1,MP_2,7510
1,MP_2,7520
1,MP_2,7530
1,MP_2,7540
1,MP_2,7550
1,MP_2,7560
1,MP_2,7570
1,MP_2,7580
1,MP_2,7590
1,MP_2,7600
1,MP_2,7610
1,MP_2,7620
1,MP_2,7630
1,MP_2,7640
1,MP_2,7650
1,MP_2,7660
1,MP_2,7670
1,MP_2,7680
1,MP_2,7690
1,MP_2,7700
1,MP_2,7710
1,MP_2,7720
1,MP_2,7730
1,MP_2,7740
1,MP_2,7750
1,MP_2,7760
1,MP_2,7770
1,MP_2,7780
1,MP_2,7790
1,MP_2,7800
1,MP_2,7810
1,MP_2,7820
1,MP_2,7830
1,MP_2,7840
1,MP_2,7850
1,MP_2,7860
1,MP_2,7870
1,MP_2,7880
1,MP_2,7890
1,MP_2,7900
1,MP_2,7910
1,MP_2,7920
1,MP_2,7930
1,MP_2,7940
1,MP_2,7950
1,MP_2,7960
1,MP_2,7970
1,MP_2,7980
1,MP_2,7990
1,MP_2,8000
1,MP_2,8010
1,MP_2,8020
1,MP_2,8030
1,MP_2,8040
1,MP_2,8050
1,MP_2,8060
1,MP_2,8070
1,MP_2,8080
1,MP_2,8090
1,MP_2,8100
1,MP_2,8110
1,MP_2,8120
1,MP_2,8130
1,MP_2,8140
1,MP_2,8150
1,MP_2,8160
1,MP_2,8170
1,MP_2,8180
1,MP_2,8190
1,MP_2,8200
1,MP_2,8210
1,MP_2,8220
1,MP_2,8230
1,MP_2,8240
1,MP_2,8250
1,MP_2,8260
1,MP_2,8270
1,MP_2,8280
1,MP_2,8290
1,MP_2,8300
1,MP_2,8310
1,MP_2,8320
1,MP_2,8330
1,MP_2,8400
1,MP_2,8410
1,MP_2,8420
1,MP_2,8430
1,MP_2,8440
1,MP_2,8450
1,MP_2,8460
1,MP_2,8470
1,MP_2,8480
1,MP_2,8490
1,MP_2,8500
1,MP_2,8510
1,MP_2,8520
1,MP_2,8530
1,MP_2,8540
1,MP_2,8550
1,MP_2,8560
1,MP_2,8570
1,MP_2,8580
1,MP_2,8590
1,MP_2,8600
1,MP_2,8610
1,MP_2,8620
1,MP_2,8630
1,MP_2,8640
1,MP_2,8650
1,MP_2,8660
1,MP_2,8670
1,MP_2,8680
1,MP_2,8690
1,MP_2,8700
1,MP_2,8710
1,MP_2,8720
1,MP_2,8730
1,MP_2,8740
1,MP_2,8750
1,MP_2,8760
1,MP_2,8770
1,MP_2,8780
1,MP_2,8790
1,MP_2,8800
1,MP_2,8810
1,MP_2,8820
1,MP_2,8830
1,MP_2,8840
1,MP_2,8850
1,MP_2,8860
1,MP_2,8870
1,MP_2,8880
1,MP_2,8890
1,MP_2,8900
1,MP_2,8910
1,MP_2,8920
1,MP_2,8930
1,MP_2,8940
1,MP_2,8950
1,MP_2,8960
1,MP_2,8970
1,MP_2,8980
1,MP_2,8990
1,MP_2,9000
1,MP_2,9010
1,MP_2,9020
1,MP_2,9030
1,MP_2,9040
1,MP_2,9050
1,MP_2,9060
1,MP_2,9070
1,MP_2,9080
1,MP_2,9090
1,MP_2,9100
1,MP_2,9110
1,MP_2,9120
1,MP_2,9130
1,MP_2,9140
1,MP_2,9150
1,MP_2,9160
1,MP_2,9170
1,MP_2,9180
1,MP_2,9190
1,MP_2,9200
1,MP_2,9210
1,MP_2,9220
1,MP_2,9230
1,MP_2,9240
1,MP_2,9250
1,MP_2,9260
1,MP_2,9270
1,MP_2,9280
1,MP_2,9290
1,MP_2,9300
1,MP_2,9310
1,MP_2,9320
1,MP_2,9330
1,MP_2,9340
1,MP_2,9350
1,MP_2,9360
1,MP_2,9370
1,MP_2,9380
1,MP_2,9390
1,MP_2,9400
1,MP_2,9410
1,MP_2,9420
1,MP_2,9430
1,MP_2,9440
1,MP_2,9450
1,MP_2,9460
1,MP_2,9470
1,MP_2,9480
1,MP_2,9490
1,MP_2,9500
1,MP_2,9510
1,MP_2,9520
1,MP_2,9530
1,MP_2,9610
1,MP_2,9620
1,MP_2,9630
1,MP_2,9640
1,MP_2,9650
1,MP_2,9660
1,MP_2,9670
1,MP_2,9680
1,MP_2,9690
1,MP_2,9700
1,MP_2,9710
1,MP_2,9720
1,MP_2,9730
1,MP_2,9740
1,MP_2,9750
1,MP_2,9760
1,MP_2,9770
1,MP_2,9780
1,MP_2,9790
1,MP_2,9800
1,MP_2,9810
1,MP_2,9820
1,MP_2,9830
1,MP_2,9840
1,MP_2,9850
1,MP_2,9860
1,MP_2,9870
1,MP_2,9880
1,MP_2,9890
1,MP_2,9900
1,MP_2,9910
1,MP_2,9920
1,MP_2,9930
2,MP_2,9970
2,MP_2,9980
2,MP_2,9990
2,MP_2,10000
2,MP_2,10010
2,MP_2,10020
2,MP_2,10030
2,MP_2,10040
2,MP_2,10050
2,MP_2,10060
2,MP_2,10070
2,MP_2,10080
2,MP_2,10090
2,MP_2,10100
2,MP_2,10110
2,MP_2,10120
2,MP_2,10130
2,MP_2,10140
2,MP_2,10150
2,MP_2,10160
2,MP_2,10170
2,MP_2,10180
2,MP_2,10190
2,MP_2,10200
2,MP_2,10210
2,MP_2,10220
2,MP_2,10230
2,MP_2,10240
2,MP_2,10250
2,MP_2,10260
2,MP_2,10270
2,MP_2,10280
2,MP_2,10290
2,MP_2,10300
2,MP_2,10310
2,MP_2,10320
2,MP_2,10330
2,MP_2,10340
2,MP_2,10350
2,MP_2,10360
2,MP_2,10370
2,MP_2,10380
2,MP_2,10390
2,MP_2,10400
2,MP_2,10410
2,MP_2,10420
2,MP_2,10430
2,MP_2,10440
2,MP_2,10450
2,MP_2,10460
2,MP_2,10470
2,MP_2,10480
2,MP_2,10490
2,MP_2,10500
2,MP_2,10510
2,MP_2,10520
2,MP_2,10530
2,MP_2,10540
2,MP_2,10550
2,MP_2,10560
2,MP_2,10570
2,MP_2,10580
2,MP_2,10590
2,MP_2,10600
2,MP_2,10610
2,MP_2,10620
2,MP_2,10630
2,MP_2,10640
2,MP_2,10650
2,MP_2,10660
2,MP_2,10670
2,MP_2,10680
2,MP_2,10690
2,MP_2,10700
2,MP_2,10710
2,MP_2,10720
2,MP_2,10730
2,MP_2,10740
2,MP_2,10750
2,MP_2,10760
2,MP_2,10770
2,MP_2,10780
2,MP_2,10790
2,MP_2,10800
2,MP_2,10810
2,MP_2,10820
2,MP_2,10830
2,MP_2,10840
2,MP_2,10850
2,MP_2,10860
2,MP_2,10870
2,MP_2,10880
2,MP_2,10890
2,MP_2,10900
2,MP_2,10910
2,MP_2,10920
2,MP_2,10930
2,MP_2,10940
2,MP_2,10950
2,MP_2,10960
2,MP_2,10970
2,MP_2,10980
2,MP_2,10990
2,MP_2,11000
2,MP_2,11010
2,MP_2,11020
2,MP_2,11030
2,MP_2,11040
2,MP_2,11050
2,MP_2,11060
2,MP_2,11070
2,MP_2,11080
2,MP_2,11090
2,MP_2,11100
2,MP_2,11110
2,MP_2,11120
2,MP_2,11130
2,MP_2,11140
2,MP_2,11150
2,MP_2,11160
2,MP_2,11170
2,MP_2,11180
2,MP_2,11190
2,MP_2,11200
2,MP_2,11210
2,MP_2,11220
2,MP_2,11230
2,MP_2,11240
2,MP_2,11250
2,MP_2,11260
2,MP_2,11270
2,MP_2,11280
2,MP_2,11290
0,MP_3,0
0,MP_3,10
0,MP_3,20
0,MP_3,30
0,MP_3,40
0,MP_3,50
0,MP_3,60
0,MP_3,70
0,MP_3,80
0,MP_3,90
0,MP_3,100
0,MP_3,110
0,MP_3,120
0,MP_3,130
0,MP_3,140
0,MP_3,150
0,MP_3,160
0,MP_3,170
0,MP_3,180
0,MP_3,190
0,MP_3,200
0,MP_3,210
0,MP_3,220
0,MP_3,230
0,MP_3,240
0,MP_3,250
0,MP_3,260
0,MP_3,270
0,MP_3,280
0,MP_3,290
0,MP_3,300
0,MP_3,310
0,MP_3,320
0,MP_3,330
0,MP_3,340
0,MP_3,350
0,MP_3,360
0,MP_3,370
0,MP_3,380
0,MP_3,390
0,MP_3,400
0,MP_3,410
0,MP_3,420
0,MP_3,430
0,MP_3,440
0,MP_3,450
0,MP_3,460
0,MP_3,470
0,MP_3,480
0,MP_3,490
0,MP_3,500
0,MP_3,510
0,MP_3,520
0,MP_3,530
0,MP_3,540
0,MP_3,550
0,MP_3,560
0,MP_3,570
0,MP_3,580
0,MP_3,590
0,MP_3,600
0,MP_3,610
0,MP_3,620
0,MP_3,630
0,MP_3,640
0,MP_3,650
0,MP_3,660
0,MP_3,670
0,MP_3,680
0,MP_3,690
0,MP_3,700
0,MP_3,710
0,MP_3,720
0,MP_3,730
0,MP_3,740
0,MP_3,750
0,MP_3,760
0,MP_3,770
0,MP_3,780
0,MP_3,790
0,MP_3,800
0,MP_3,810
0,MP_3,820
0,MP_3,830
0,MP_3,840
0,MP_3,850
0,MP_3,860
0,MP_3,870
0,MP_3,880
0,MP_3,890
0,MP_3,900
0,MP_3,910
0,MP_3,920
0,MP_3,930
0,MP_3,940
0,MP_3,950
0,MP_3,960
0,MP_3,970
0,MP_3,980
0,MP_3,990
0,MP_3,1000
0,MP_3,1010
0,MP_3,1020
0,MP_3,1030
0,MP_3,1040
0,MP_3,1050
0,MP_3,1060
0,MP_3,1070
0,MP_3,1080
0,MP_3,1090
0,MP_3,1100
0,MP_3,1110
0,MP_3,1120
0,MP_3,1130
0,MP_3,1140
0,MP_3,1150
0,MP_3,1160
0,MP_3,1170
0,MP_3,1180
0,MP_3,1190
0,MP_3,1200
0,MP_3,1210
0,MP_3,1220
0,MP_3,1230
0,MP_3,1240
0,MP_3,1250
0,MP_3,1260
0,MP_3,1270
0,MP_3,1280
0,MP_3,1290
0,MP_3,1300
0,MP_3,1310
0,MP_3,1320
0,MP_3,1330
0,MP_3,1340
0,MP_3,1350
0,MP_3,1360
0,MP_3,1370
0,MP_3,1380
0,MP_3,1390
0,MP_3,1400
0,MP_3,1410
0,MP_3,1420
0,MP_3,1430
0,MP_3,1440
0,MP_3,1450
0,MP_3,1460
0,MP_3,1470
0,MP_3,1480
0,MP_3,1490
0,MP_3,1500
0,MP_3,1510
0,MP_3,1520
0,MP_3,1530
0,MP_3,1540
0,MP_3,1550
0,MP_3,1560
0,MP_3,1570
0,MP_3,1580
0,MP_3,1590
0,MP_3,1600
0,MP_3,1610
0,MP_3,1620
0,MP_3,1630
0,MP_3,1640
0,MP_3,1650
0,MP_3,1660
0,MP_3,1670
0,MP_3,1680
0,MP_3,1690
0,MP_3,1700
0,MP_3,1710
0,MP_3,1720
0,MP_3,1730
0,MP_3,1740
0,MP_3,1750
0,MP_3,1760
0,MP_3,1770
0,MP_3,1780
0,MP_3,1790
0,MP_3,1800
0,MP_3,1810
0,MP_3,1820
0,MP_3,1830
0,MP_3,1840
0,MP_3,1850
0,MP_3,1860
0,MP_3,1870
0,MP_3,1880
0,MP_3,1890
0,MP_3,1900
0,MP_3,1910
0,MP_3,1920
0,MP_3,1930
0,MP_3,1940
0,MP_3,1950
0,MP_3,1960
0,MP_3,1970
0,MP_3,1980
0,MP_3,1990
0,MP_3,2000
0,MP_3,2010
0,MP_3,2020
0,MP_3,2030
0,MP_3,2040
0,MP_3,2050
0,MP_3,2060
0,MP_3,2070
0,MP_3,2080
0,MP_3,2090
0,MP_3,2100
0,MP_3,2110
0,MP_3,2120
0,MP_3,2130
0,MP_3,2140
0,MP_3,2150
0,MP_3,2160
0,MP_3,2170
0,MP_3,2180
0,MP_3,2190
0,MP_3,2200
0,MP_3,2210
0,MP_3,2220
0,MP_3,2230
0,MP_3,2240
0,MP_3,2250
0,MP_3,2260
0,MP_3,2270
0,MP_3,2280
0,MP_3,2290
0,MP_3,2300
0,MP_3,2310
0,MP_3,2320
0,MP_3,2330
0,MP_3,2340
0,MP_3,2350
0,MP_3,2360
0,MP_3,2370
0,MP_3,2380
0,MP_3,2390
0,MP_3,2400
0,MP_3,2410
0,MP_3,2420
0,MP_3,2430
0,MP_3,2440
0,MP_3,2450
0,MP_3,2460
0,MP_3,2470
0,MP_3,2480
0,MP_3,2490
0,MP_3,2500
0,MP_3,2510
0,MP_3,2520
0,MP_3,2530
0,MP_3,2540
0,MP_3,2550
0,MP_3,2560
0,MP_3,2570
0,MP_3,2580
0,MP_3,2590
0,MP_3,2600
0,MP_3,2610
0,MP_3,2620
0,MP_3,2630
0,MP_3,2640
0,MP_3,2650
0,MP_3,2660
0,MP_3,2670
0,MP_3,2680
0,MP_3,2690
0,MP_3,2700
0,MP_3,2710
0,MP_3,2720
0,MP_3,2730
0,MP_3,2740
0,MP_3,2750
0,MP_3,2760
0,MP_3,2770
0,MP_3,2780
0,MP_3,2790
0,MP_3,2800
0,MP_3,2810
0,MP_3,2820
0,MP_3,2830
0,MP_3,2840
0,MP_3,2850
0,MP_3,2860
0,MP_3,2870
0,MP_3,2880
0,MP_3,2890
0,MP_3,2900
0,MP_3,2910
0,MP_3,2920
0,MP_3,2930
0,MP_3,2940
0,MP_3,2950
0,MP_3,2960
0,MP_3,2970
0,MP_3,2980
0,MP_3,2990
0,MP_3,3000
0,MP_3,3010
0,MP_3,3020
0,MP_3,3030
0,MP_3,3040
0,MP_3,3050
0,MP_3,3060
0,MP_3,3070
0,MP_3,3080
0,MP_3,3090
0,MP_3,3100
0,MP_3,3110
0,MP_3,3120
0,MP_3,3130
0,MP_3,3140
0,MP_3,3150
0,MP_3,3160
0,MP_3,3170
0,MP_3,3180
0,MP_3,3190
0,MP_3,3200
0,MP_3,3210
0,MP_3,3220
0,MP_3,3230
0,MP_3,3240
0,MP_3,3250
1,MP_3,4050
1,MP_3,4060
1,MP_3,4070
1,MP_3,4080
1,MP_3,4090
1,MP_3,4100
1,MP_3,4110
1,MP_3,4120
1,MP_3,4130
1,MP_3,4140
1,MP_3,4150
1,MP_3,4160
1,MP_3,4170
1,MP_3,4180
1,MP_3,4190
1,MP_3,4200
1,MP_3,4210
1,MP_3,4220
1,MP_3,4230
1,MP_3,4240
1,MP_3,4250
1,MP_3,4260
1,MP_3,4270
1,MP_3,4280
1,MP_3,4290
1,MP_3,4300
1,MP_3,4310
1,MP_3,4320
1,MP_3,4330
1,MP_3,4340
1,MP_3,4350
1,MP_3,4360
1,MP_3,4370
1,MP_3,4380
1,MP_3,4390
1,MP_3,4400
1,MP_3,4410
1,MP_3,4420
1,MP_3,4430
1,MP_3,4440
1,MP_3,4450
1,MP_3,4460
1,MP_3,4470
1,MP_3,4480
1,MP_3,4490
1,MP_3,4500
1,MP_3,4510
1,MP_3,4520
1,MP_3,4530
1,MP_3,4540
1,MP_3,4550
1,MP_3,4560
1,MP_3,4570
1,MP_3,4580
1,MP_3,4590
1,MP_3,4600
1,MP_3,4610
1,MP_3,4620
1,MP_3,4630
1,MP_3,4640
1,MP_3,4650
1,MP_3,4660
1,MP_3,4670
1,MP_3,4680
1,MP_3,4690
1,MP_3,4700
1,MP_3,4710
1,MP_3,4720
1,MP_3,4730
1,MP_3,4740
1,MP_3,4750
1,MP_3,4760
1,MP_3,4770
1,MP_3,4780
1,MP_3,4790
1,MP_3,4800
1,MP_3,4810
1,MP_3,4820
1,MP_3,4830
1,MP_3,4840
1,MP_3,4850
1,MP_3,4860
1,MP_3,4870
1,MP_3,4880
1,MP_3,4890
1,MP_3,4900
1,MP_3,4910
1,MP_3,4920
1,MP_3,4930
1,MP_3,4940
1,MP_3,4950
1,MP_3,4960
1,MP_3,4970
1,MP_3,4980
1,MP_3,4990
1,MP_3,5000
1,MP_3,5010
1,MP_3,5020
1,MP_3,5030
1,MP_3,5040
1,MP_3,5050
1,MP_3,5060
1,MP_3,5070
1,MP_3,5080
1,MP_3,5090
1,MP_3,5100
1,MP_3,5110
1,MP_3,5120
1,MP_3,5130
1,MP_3,5140
1,MP_3,5150
1,MP_3,5160
1,MP_3,5170
1,MP_3,5180
1,MP_3,5190
1,MP_3,5200
1,MP_3,5210
1,MP_3,5220
1,MP_3,5230
1,MP_3,5240
1,MP_3,5250
1,MP_3,5260
1,MP_3,5270
1,MP_3,5280
1,MP_3,5290
1,MP_3,5300
1,MP_3,5310
1,MP_3,5320
1,MP_3,5330
1,MP_3,5340
1,MP_3,5350
1,MP_3,5360
1,MP_3,5370
1,MP_3,5380
1,MP_3,5390
1,MP_3,5400
1,MP_3,5410
1,MP_3,5420
1,MP_3,5430
1,MP_3,5440
1,MP_3,5450
1,MP_3,5460
1,MP_3,5470
1,MP_3,5480
1,MP_3,5490
1,MP_3,5500
1,MP_3,5510
1,MP_3,5520
1,MP_3,5530
1,MP_3,5540
1,MP_3,5550
1,MP_3,5560
1,MP_3,5570
1,MP_3,5580
1,MP_3,5590
1,MP_3,5600
1,MP_3,5610
1,MP_3,5620
1,MP_3,5630
1,MP_3,5640
1,MP_3,5650
1,MP_3,5660
1,MP_3,5670
1,MP_3,5680
1,MP_3,5690
1,MP_3,5700
1,MP_3,5710
1,MP_3,5720
1,MP_3,5730
1,MP_3,5740
1,MP_3,5750
1,MP_3,5760
1,MP_3,5770
1,MP_3,5780
1,MP_3,5790
1,MP_3,5800
1,MP_3,5810
1,MP_3,5820
1,MP_3,5830
1,MP_3,5840
1,MP_3,5850
1,MP_3,5860
1,MP_3,5870
1,MP_3,5880
1,MP_3,5890
1,MP_3,5900
1,MP_3,5910
1,MP_3,5920
1,MP_3,5930
1,MP_3,5940
1,MP_3,5950
1,MP_3,5960
1,MP_3,5970
1,MP_3,5980
1,MP_3,5990
2,MP_3,6150
2,MP_3,6160
2,MP_3,6170
2,MP_3,6180
2,MP_3,6190
2,MP_3,6200
2,MP_3,6210
2,MP_3,6220
2,MP_3,6230
2,MP_3,6240
2,MP_3,6250
2,MP_3,6260
2,MP_3,6270
2,MP_3,6280
2,MP_3,6290
2,MP_3,6300
2,MP_3,6310
2,MP_3,6320
2,MP_3,6330
2,MP_3,6340
2,MP_3,6350
2,MP_3,6360
2,MP_3,6370
2,MP_3,6380
2,MP_3,6390
2,MP_3,6400
2,MP_3,6410
2,MP_3,6420
2,MP_3,6430
2,MP_3,6440
2,MP_3,6450
2,MP_3,6460
2,MP_3,6470
2,MP_3,6480
2,MP_3,6490
2,MP_3,6500
2,MP_3,6510
2,MP_3,6520
2,MP_3,6530
2,MP_3,6540
2,MP_3,6550
2,MP_3,6560
2,MP_3,6570
2,MP_3,6580
2,MP_3,6590
2,MP_3,6600
2,MP_3,6610
2,MP_3,6620
2,MP_3,6630
2,MP_3,6640
2,MP_3,6650
2,MP_3,6660
2,MP_3,6670
2,MP_3,6680
2,MP_3,6690
2,MP_3,6700
2,MP_3,6710
2,MP_3,6720
2,MP_3,6730
2,MP_3,6740
2,MP_3,6750
2,MP_3,6760
2,MP_3,6770
2,MP_3,6780
2,MP_3,6790
2,MP_3,6800
2,MP_3,6810
2,MP_3,6820
2,MP_3,6830
2,MP_3,6840
2,MP_3,6850
2,MP_3,6860
2,MP_3,6870
2,MP_3,6880
2,MP_3,6890
2,MP_3,6900
2,MP_3,6910
2,MP_3,6920
2,MP_3,6930
2,MP_3,6940
3,MP_3,4010
3,MP_3,4020
3,MP_3,4030
3,MP_3,4040
3,MP_3,6000
3,MP_3,6010
3,MP_3,6020
3,MP_3,6030
3,MP_3,6040
3,MP_3,6050
3,MP_3,6060
3,MP_3,6070
3,MP_3,6080
0,MP_4,0
0,MP_4,10
0,MP_4,20
0,MP_4,30
0,MP_4,40
0,MP_4,50
0,MP_4,60
0,MP_4,70
0,MP_4,80
0,MP_4,90
0,MP_4,100
0,MP_4,110
0,MP_4,120
0,MP_4,130
0,MP_4,140
0,MP_4,150
0,MP_4,160
0,MP_4,170
0,MP_4,180
0,MP_4,190
0,MP_4,200
0,MP_4,210
0,MP_4,220
0,MP_4,230
0,MP_4,240
0,MP_4,250
0,MP_4,260
0,MP_4,270
0,MP_4,280
0,MP_4,290
0,MP_4,300
0,MP_4,310
0,MP_4,320
0,MP_4,330
0,MP_4,340
0,MP_4,350
0,MP_4,360
0,MP_4,370
0,MP_4,380
0,MP_4,390
0,MP_4,400
0,MP_4,410
0,MP_4,420
0,MP_4,430
0,MP_4,440
0,MP_4,450
0,MP_4,460
0,MP_4,470
0,MP_4,480
0,MP_4,490
0,MP_4,500
0,MP_4,510
0,MP_4,520
0,MP_4,530
0,MP_4,540
0,MP_4,550
0,MP_4,560
0,MP_4,570
0,MP_4,580
0,MP_4,590
0,MP_4,600
0,MP_4,610
0,MP_4,620
0,MP_4,630
0,MP_4,640
0,MP_4,650
0,MP_4,660
0,MP_4,670
0,MP_4,680
0,MP_4,690
0,MP_4,700
0,MP_4,710
0,MP_4,720
0,MP_4,730
0,MP_4,740
0,MP_4,750
0,MP_4,760
0,MP_4,770
0,MP_4,780
0,MP_4,790
0,MP_4,800
0,MP_4,810
0,MP_4,820
0,MP_4,830
0,MP_4,840
0,MP_4,850
0,MP_4,860
0,MP_4,870
0,MP_4,880
0,MP_4,890
0,MP_4,900
0,MP_4,910
1,MP_4,930
1,MP_4,940
1,MP_4,950
1,MP_4,960
1,MP_4,970
1,MP_4,980
1,MP_4,990
1,MP_4,1000
1,MP_4,1010
1,MP_4,1020
1,MP_4,1030
1,MP_4,1040
1,MP_4,1050
1,MP_4,1060
1,MP_4,1070
1,MP_4,1080
1,MP_4,1090
1,MP_4,1100
1,MP_4,1110
1,MP_4,1120
1,MP_4,1130
1,MP_4,1140
1,MP_4,1150
1,MP_4,1160
1,MP_4,1170
1,MP_4,1180
2,MP_4,1350
2,MP_4,1360
2,MP_4,1370
2,MP_4,1380
2,MP_4,1390
2,MP_4,1400
2,MP_4,1410
2,MP_4,1420
2,MP_4,1430
2,MP_4,1440
2,MP_4,1450
2,MP_4,1460
2,MP_4,1470
2,MP_4,1480
2,MP_4,1490
2,MP_4,1500
2,MP_4,1510
2,MP_4,1520
2,MP_4,1530
2,MP_4,1540
2,MP_4,1550
2,MP_4,1560
2,MP_4,1570
2,MP_4,1580
2,MP_4,1590
2,MP_4,1600
2,MP_4,1610
2,MP_4,1620
2,MP_4,1630
2,MP_4,1640
2,MP_4,1650
2,MP_4,1660
2,MP_4,1670
2,MP_4,1680
2,MP_4,1690
2,MP_4,1700
2,MP_4,1710
2,MP_4,1720
2,MP_4,1730
2,MP_4,1740
2,MP_4,1750
2,MP_4,1760
2,MP_4,1770
2,MP_4,1780
2,MP_4,1790
2,MP_4,1800
2,MP_4,1810
2,MP_4,1820
2,MP_4,1830
2,MP_4,1840
2,MP_4,1850
2,MP_4,1860
2,MP_4,1870
2,MP_4,1880
2,MP_4,1890
2,MP_4,1900
2,MP_4,1910
2,MP_4,1920
2,MP_4,1930
2,MP_4,1940
2,MP_4,1950
2,MP_4,1960
2,MP_4,1970
2,MP_4,1980
2,MP_4,1990
2,MP_4,2000
2,MP_4,2010
2,MP_4,2020
2,MP_4,2030
2,MP_4,2040
2,MP_4,2050
2,MP_4,2060
2,MP_4,2070
2,MP_4,2080
2,MP_4,2090
2,MP_4,2100
2,MP_4,2110
2,MP_4,2120
2,MP_4,2130
2,MP_4,2140
2,MP_4,2150
2,MP_4,2160
2,MP_4,2170
2,MP_4,2180
2,MP_4,2190
2,MP_4,2200
2,MP_4,2210
2,MP_4,2220
2,MP_4,2230
2,MP_4,2240
2,MP_4,2250
2,MP_4,2260
2,MP_4,2270
2,MP_4,2280
2,MP_4,2290
2,MP_4,2300
2,MP_4,2310
2,MP_4,2320
2,MP_4,2330
2,MP_4,2340
2,MP_4,2350
3,MP_4,1200
3,MP_4,1210
3,MP_4,1220
3,MP_4,1230
3,MP_4,1240
3,MP_4,1250
3,MP_4,1260
3,MP_4,1270
3,MP_4,1280
3,MP_4,1290
3,MP_4,1300
0,MP_5,0
0,MP_5,10
0,MP_5,20
0,MP_5,30
0,MP_5,40
0,MP_5,50
0,MP_5,60
0,MP_5,70
0,MP_5,80
0,MP_5,90
0,MP_5,100
0,MP_5,110
0,MP_5,120
0,MP_5,130
0,MP_5,140
0,MP_5,150
0,MP_5,160
0,MP_5,170
0,MP_5,180
0,MP_5,190
0,MP_5,200
0,MP_5,210
0,MP_5,220
0,MP_5,230
0,MP_5,240
0,MP_5,250
0,MP_5,260
0,MP_5,270
0,MP_5,280
0,MP_5,290
0,MP_5,300
0,MP_5,310
0,MP_5,320
0,MP_5,330
0,MP_5,340
0,MP_5,350
0,MP_5,360
0,MP_5,370
0,MP_5,380
0,MP_5,390
0,MP_5,400
0,MP_5,410
0,MP_5,420
0,MP_5,430
0,MP_5,440
0,MP_5,450
0,MP_5,460
0,MP_5,470
0,MP_5,480
0,MP_5,490
0,MP_5,500
0,MP_5,510
0,MP_5,520
0,MP_5,530
0,MP_5,540
0,MP_5,550
0,MP_5,560
0,MP_5,570
0,MP_5,580
0,MP_5,590
0,MP_5,600
0,MP_5,610
0,MP_5,620
0,MP_5,630
0,MP_5,640
0,MP_5,650
0,MP_5,660
0,MP_5,670
0,MP_5,680
0,MP_5,690
0,MP_5,700
0,MP_5,710
0,MP_5,720
0,MP_5,730
0,MP_5,740
0,MP_5,750
0,MP_5,760
0,MP_5,770
0,MP_5,780
0,MP_5,790
0,MP_5,800
0,MP_5,810
0,MP_5,820
0,MP_5,830
0,MP_5,840
0,MP_5,850
0,MP_5,860
0,MP_5,870
0,MP_5,880
0,MP_5,890
0,MP_5,900
0,MP_5,910
0,MP_5,920
0,MP_5,930
0,MP_5,940
0,MP_5,950
0,MP_5,960
0,MP_5,970
0,MP_5,980
0,MP_5,990
0,MP_5,1000
0,MP_5,1010
0,MP_5,1020
0,MP_5,1030
0,MP_5,1040
0,MP_5,1050
0,MP_5,1060
0,MP_5,1070
0,MP_5,1080
0,MP_5,1090
0,MP_5,1100
0,MP_5,1110
0,MP_5,1120
0,MP_5,1130
0,MP_5,1140
0,MP_5,1150
0,MP_5,1160
0,MP_5,1170
0,MP_5,1180
0,MP_5,1190
0,MP_5,1200
0,MP_5,1210
0,MP_5,1220
0,MP_5,1230
0,MP_5,1240
0,MP_5,1250
0,MP_5,1260
0,MP_5,1270
0,MP_5,1280
0,MP_5,1290
0,MP_5,1300
0,MP_5,1310
0,MP_5,1320
0,MP_5,1330
0,MP_5,1340
0,MP_5,1350
0,MP_5,1360
0,MP_5,1370
0,MP_5,1380
0,MP_5,1390
0,MP_5,1400
0,MP_5,1410
0,MP_5,1420
0,MP_5,1430
0,MP_5,1440
0,MP_5,1450
0,MP_5,1460
0,MP_5,1470
0,MP_5,1480
0,MP_5,1490
0,MP_5,1500
0,MP_5,1510
0,MP_5,1520
0,MP_5,1530
0,MP_5,1540
0,MP_5,1550
0,MP_5,1560
0,MP_5,1570
0,MP_5,1580
0,MP_5,1590
0,MP_5,1600
0,MP_5,1610
0,MP_5,1620
0,MP_5,1630
0,MP_5,1640
1,MP_5,1660
1,MP_5,1670
1,MP_5,1680
1,MP_5,1690
1,MP_5,1700
1,MP_5,1710
1,MP_5,1720
1,MP_5,1730
1,MP_5,1740
1,MP_5,1750
1,MP_5,1760
1,MP_5,1770
1,MP_5,1780
1,MP_5,1790
1,MP_5,1800
1,MP_5,1810
1,MP_5,1820
1,MP_5,1830
1,MP_5,1840
1,MP_5,1850
1,MP_5,1860
1,MP_5,1870
1,MP_5,1880
1,MP_5,1890
1,MP_5,1900
1,MP_5,1910
1,MP_5,1920
1,MP_5,1930
1,MP_5,1940
1,MP_5,1950
1,MP_5,1960
1,MP_5,1970
1,MP_5,1980
1,MP_5,1990
1,MP_5,2000
1,MP_5,2010
1,MP_5,2020
1,MP_5,2030
1,MP_5,2040
1,MP_5,2050
1,MP_5,2060
1,MP_5,2070
1,MP_5,2080
1,MP_5,2090
1,MP_5,2100
2,MP_5,2220
2,MP_5,2230
2,MP_5,2240
2,MP_5,2250
2,MP_5,2260
2,MP_5,2270
2,MP_5,2280
2,MP_5,2290
2,MP_5,2300
2,MP_5,2310
2,MP_5,2320
2,MP_5,2330
2,MP_5,2340
2,MP_5,2350
2,MP_5,2360
2,MP_5,2370
2,MP_5,2380
2,MP_5,2390
2,MP_5,2400
2,MP_5,2410
2,MP_5,2420
2,MP_5,2430
2,MP_5,2440
2,MP_5,2450
2,MP_5,2460
2,MP_5,2470
2,MP_5,2480
2,MP_5,2490
2,MP_5,2500
2,MP_5,2510
2,MP_5,2520
2,MP_5,2530
2,MP_5,2540
2,MP_5,2550
2,MP_5,2560
2,MP_5,2570
2,MP_5,2580
2,MP_5,2590
2,MP_5,2600
2,MP_5,2610
2,MP_5,2620
2,MP_5,2630
2,MP_5,2640
2,MP_5,2650
2,MP_5,2660
2,MP_5,2670
2,MP_5,2680
2,MP_5,2690
2,MP_5,2700
2,MP_5,2710
2,MP_5,2720
2,MP_5,2730
2,MP_5,2740
2,MP_5,2750
2,MP_5,2760
2,MP_5,2770
3,MP_5,2110
3,MP_5,2120
3,MP_5,2130
3,MP_5,2140
3,MP_5,2150
3,MP_5,2160
3,MP_5,2170
3,MP_5,2180
0,MP_6,0
0,MP_6,10
0,MP_6,20
0,MP_6,30
0,MP_6,40
0,MP_6,50
0,MP_6,60
0,MP_6,70
0,MP_6,80
0,MP_6,90
0,MP_6,100
0,MP_6,110
0,MP_6,120
0,MP_6,130
0,MP_6,140
0,MP_6,150
0,MP_6,160
0,MP_6,170
0,MP_6,180
0,MP_6,190
0,MP_6,200
0,MP_6,210
0,MP_6,220
0,MP_6,230
0,MP_6,240
0,MP_6,250
0,MP_6,260
0,MP_6,270
0,MP_6,280
0,MP_6,290
0,MP_6,300
0,MP_6,310
0,MP_6,320
0,MP_6,330
0,MP_6,340
0,MP_6,350
0,MP_6,360
0,MP_6,370
0,MP_6,380
0,MP_6,390
0,MP_6,400
0,MP_6,410
0,MP_6,420
0,MP_6,430
0,MP_6,440
0,MP_6,450
0,MP_6,460
0,MP_6,470
0,MP_6,480
0,MP_6,490
0,MP_6,500
0,MP_6,510
0,MP_6,520
0,MP_6,530
0,MP_6,540
0,MP_6,550
0,MP_6,560
0,MP_6,570
0,MP_6,580
0,MP_6,590
0,MP_6,600
0,MP_6,610
0,MP_6,620
0,MP_6,630
0,MP_6,640
0,MP_6,650
0,MP_6,660
0,MP_6,670
0,MP_6,680
0,MP_6,690
0,MP_6,700
0,MP_6,710
0,MP_6,720
0,MP_6,730
0,MP_6,740
0,MP_6,750
0,MP_6,760
0,MP_6,770
0,MP_6,780
0,MP_6,790
0,MP_6,800
0,MP_6,810
0,MP_6,820
0,MP_6,830
0,MP_6,840
0,MP_6,850
0,MP_6,860
0,MP_6,870
0,MP_6,880
0,MP_6,890
0,MP_6,900
0,MP_6,910
0,MP_6,920
0,MP_6,930
0,MP_6,940
0,MP_6,950
0,MP_6,960
0,MP_6,970
0,MP_6,980
0,MP_6,990
0,MP_6,1000
0,MP_6,1010
0,MP_6,1020
0,MP_6,1030
0,MP_6,1040
1,MP_6,1050
1,MP_6,1060
1,MP_6,1070
1,MP_6,1080
1,MP_6,1090
1,MP_6,1100
1,MP_6,1110
1,MP_6,1120
1,MP_6,1130
1,MP_6,1140
1,MP_6,1150
1,MP_6,1160
1,MP_6,1170
1,MP_6,1180
1,MP_6,1190
1,MP_6,1200
1,MP_6,1210
1,MP_6,1220
1,MP_6,1230
1,MP_6,1240
1,MP_6,1250
1,MP_6,1260
1,MP_6,1270
1,MP_6,1280
1,MP_6,1290
1,MP_6,1300
1,MP_6,1310
1,MP_6,1320
1,MP_6,1330
1,MP_6,1340
1,MP_6,1350
1,MP_6,1360
1,MP_6,1370
1,MP_6,1380
1,MP_6,1390
1,MP_6,1400
1,MP_6,1410
1,MP_6,1420
1,MP_6,1430
1,MP_6,1440
1,MP_6,1450
1,MP_6,1460
1,MP_6,1470
1,MP_6,1480
1,MP_6,1490
1,MP_6,1500
1,MP_6,1510
1,MP_6,1520
1,MP_6,1530
1,MP_6,1540
1,MP_6,1550
1,MP_6,1560
1,MP_6,1570
1,MP_6,1580
1,MP_6,1590
1,MP_6,1600
1,MP_6,1610
1,MP_6,1620
1,MP_6,1630
1,MP_6,1640
1,MP_6,1650
1,MP_6,1660
1,MP_6,1670
1,MP_6,1680
1,MP_6,1690
1,MP_6,1700
1,MP_6,1710
1,MP_6,1720
1,MP_6,1730
1,MP_6,1740
1,MP_6,1750
1,MP_6,1760
1,MP_6,1770
1,MP_6,1780
1,MP_6,1790
1,MP_6,1800
1,MP_6,1810
1,MP_6,1820
1,MP_6,1830
1,MP_6,1840
1,MP_6,1850
1,MP_6,1860
1,MP_6,1870
1,MP_6,1880
1,MP_6,1890
1,MP_6,1900
1,MP_6,1910
1,MP_6,1920
1,MP_6,1930
1,MP_6,1940
1,MP_6,1950
1,MP_6,1960
1,MP_6,1970
1,MP_6,1980
1,MP_6,1990
1,MP_6,2000
1,MP_6,2010
1,MP_6,2020
1,MP_6,2030
1,MP_6,2040
1,MP_6,2050
1,MP_6,2060
1,MP_6,2070
1,MP_6,2080
1,MP_6,2090
1,MP_6,2100
1,MP_6,2110
1,MP_6,2120
1,MP_6,2130
1,MP_6,2140
1,MP_6,2150
1,MP_6,2160
1,MP_6,2170
1,MP_6,2180
1,MP_6,2190
1,MP_6,2200
1,MP_6,2210
1,MP_6,2220
1,MP_6,2230
1,MP_6,2240
1,MP_6,2250
1,MP_6,2260
1,MP_6,2270
1,MP_6,2280
1,MP_6,2290
1,MP_6,2300
1,MP_6,2310
1,MP_6,2320
1,MP_6,2330
1,MP_6,2340
1,MP_6,2350
1,MP_6,2360
1,MP_6,2370
1,MP_6,2380
1,MP_6,2390
1,MP_6,2400
1,MP_6,2410
1,MP_6,2420
1,MP_6,2430
1,MP_6,2440
1,MP_6,2450
1,MP_6,2460
1,MP_6,2470
1,MP_6,2480
1,MP_6,2490
1,MP_6,2500
1,MP_6,2510
1,MP_6,2520
1,MP_6,2530
1,MP_6,2540
1,MP_6,2550
1,MP_6,2560
1,MP_6,2570
1,MP_6,2580
1,MP_6,2590
1,MP_6,2600
1,MP_6,2610
1,MP_6,2620
1,MP_6,2630
1,MP_6,2640
1,MP_6,2650
1,MP_6,2660
1,MP_6,2670
1,MP_6,2680
1,MP_6,2690
1,MP_6,2700
1,MP_6,2710
1,MP_6,2720
1,MP_6,2730
1,MP_6,2740
1,MP_6,2750
1,MP_6,2760
1,MP_6,2770
1,MP_6,2780
1,MP_6,2790
1,MP_6,2800
1,MP_6,2810
1,MP_6,2820
1,MP_6,2830
1,MP_6,2840
1,MP_6,2850
1,MP_6,2860
1,MP_6,2870
1,MP_6,2880
1,MP_6,2890
1,MP_6,2900
1,MP_6,2910
1,MP_6,2920
1,MP_6,2930
1,MP_6,2940
1,MP_6,2950
1,MP_6,2960
1,MP_6,2970
1,MP_6,2980
1,MP_6,2990
1,MP_6,3000
1,MP_6,3010
1,MP_6,3020
1,MP_6,3030
1,MP_6,3040
1,MP_6,3050
1,MP_6,3060
1,MP_6,3070
1,MP_6,3080
1,MP_6,3090
1,MP_6,3100
1,MP_6,3110
1,MP_6,3120
1,MP_6,3130
1,MP_6,3140
1,MP_6,3150
1,MP_6,3160
1,MP_6,3170
1,MP_6,3180
1,MP_6,3190
1,MP_6,3200
1,MP_6,3210
1,MP_6,3220
1,MP_6,3230
1,MP_6,3240
1,MP_6,3250
1,MP_6,3260
1,MP_6,3270
1,MP_6,3280
1,MP_6,3290
1,MP_6,3300
1,MP_6,3310
1,MP_6,3320
1,MP_6,3330
1,MP_6,3340
1,MP_6,3350
1,MP_6,3360
1,MP_6,3370
1,MP_6,3380
1,MP_6,3390
1,MP_6,3400
1,MP_6,3410
1,MP_6,3420
1,MP_6,3430
1,MP_6,3440
1,MP_6,3450
1,MP_6,3460
1,MP_6,3470
1,MP_6,3480
1,MP_6,3490
1,MP_6,3500
1,MP_6,3510
1,MP_6,3520
1,MP_6,3530
1,MP_6,3540
1,MP_6,3550
1,MP_6,3560
1,MP_6,3570
1,MP_6,3580
1,MP_6,3590
1,MP_6,3600
1,MP_6,3610
1,MP_6,3620
1,MP_6,3630
1,MP_6,3640
1,MP_6,3650
1,MP_6,3660
1,MP_6,3670
1,MP_6,3680
1,MP_6,3690
1,MP_6,3700
1,MP_6,3710
1,MP_6,3720
1,MP_6,3730
1,MP_6,3740
1,MP_6,3750
1,MP_6,3760
1,MP_6,3770
1,MP_6,3780
1,MP_6,3790
1,MP_6,3800
1,MP_6,3810
1,MP_6,3820
1,MP_6,3830
1,MP_6,3840
1,MP_6,3850
1,MP_6,3860
1,MP_6,3870
2,MP_6,3930
2,MP_6,3940
2,MP_6,3950
2,MP_6,3960
2,MP_6,3970
2,MP_6,3980
2,MP_6,3990
2,MP_6,4000
2,MP_6,4010
2,MP_6,4020
2,MP_6,4030
2,MP_6,4040
2,MP_6,4050
2,MP_6,4060
2,MP_6,4070
2,MP_6,4080
2,MP_6,4090
2,MP_6,4100
2,MP_6,4110
2,MP_6,4120
2,MP_6,4130
2,MP_6,4140
2,MP_6,4150
2,MP_6,4160
2,MP_6,4170
2,MP_6,4180
2,MP_6,4190
2,MP_6,4200
2,MP_6,4210
2,MP_6,4220
2,MP_6,4230
2,MP_6,4240
2,MP_6,4250
2,MP_6,4260
2,MP_6,4270
2,MP_6,4280
2,MP_6,4290
2,MP_6,4300
2,MP_6,4310
2,MP_6,4320
2,MP_6,4330
2,MP_6,4340
2,MP_6,4350
2,MP_6,4360
2,MP_6,4370
2,MP_6,4380
2,MP_6,4390
2,MP_6,4400
2,MP_6,4410
2,MP_6,4420
2,MP_6,4430
2,MP_6,4440
2,MP_6,4450
2,MP_6,4460
2,MP_6,4470
2,MP_6,4480
2,MP_6,4490
2,MP_6,4500
2,MP_6,4510
2,MP_6,4520
2,MP_6,4530
2,MP_6,4540
2,MP_6,4550
2,MP_6,4560
2,MP_6,4570
2,MP_6,4580
2,MP_6,4590
2,MP_6,4600
2,MP_6,4610
2,MP_6,4620
2,MP_6,4630
2,MP_6,4640
2,MP_6,4650
2,MP_6,4660
2,MP_6,4670
2,MP_6,4680
2,MP_6,4690
2,MP_6,4700
2,MP_6,4710
2,MP_6,4720
2,MP_6,4730
2,MP_6,4740
2,MP_6,4750
2,MP_6,4760
2,MP_6,4770
2,MP_6,4780
2,MP_6,4790
2,MP_6,4800
2,MP_6,4810
2,MP_6,4820
2,MP_6,4830
2,MP_6,4840
2,MP_6,4850
2,MP_6,4860
2,MP_6,4870
2,MP_6,4880
2,MP_6,4890
2,MP_6,4900
2,MP_6,4910
2,MP_6,4920
2,MP_6,4930
2,MP_6,4940
2,MP_6,4950
2,MP_6,4960
2,MP_6,4970
2,MP_6,4980
2,MP_6,4990
2,MP_6,5000
2,MP_6,5010
2,MP_6,5020
2,MP_6,5030
2,MP_6,5040
2,MP_6,5050
2,MP_6,5060
2,MP_6,5070
2,MP_6,5080
2,MP_6,5090
0,MP_7,0
0,MP_7,10
0,MP_7,20
0,MP_7,30
0,MP_7,40
0,MP_7,50
0,MP_7,60
0,MP_7,70
0,MP_7,80
0,MP_7,90
0,MP_7,100
0,MP_7,110
0,MP_7,120
0,MP_7,130
0,MP_7,140
0,MP_7,150
0,MP_7,160
0,MP_7,170
0,MP_7,180
0,MP_7,190
0,MP_7,200
0,MP_7,210
0,MP_7,220
0,MP_7,230
0,MP_7,240
0,MP_7,250
0,MP_7,260
0,MP_7,270
0,MP_7,280
0,MP_7,290
0,MP_7,300
0,MP_7,310
0,MP_7,320
0,MP_7,330
0,MP_7,340
0,MP_7,350
0,MP_7,360
0,MP_7,370
0,MP_7,380
0,MP_7,390
0,MP_7,400
0,MP_7,410
0,MP_7,420
0,MP_7,430
0,MP_7,440
0,MP_7,450
0,MP_7,460
0,MP_7,470
0,MP_7,480
0,MP_7,490
0,MP_7,500
0,MP_7,510
0,MP_7,520
0,MP_7,530
0,MP_7,540
0,MP_7,550
0,MP_7,560
0,MP_7,570
0,MP_7,580
0,MP_7,590
0,MP_7,600
0,MP_7,610
0,MP_7,620
0,MP_7,630
0,MP_7,640
0,MP_7,650
0,MP_7,660
0,MP_7,670
0,MP_7,680
0,MP_7,690
0,MP_7,700
0,MP_7,710
0,MP_7,720
0,MP_7,730
0,MP_7,740
0,MP_7,750
0,MP_7,760
0,MP_7,770
0,MP_7,780
0,MP_7,790
0,MP_7,800
0,MP_7,810
0,MP_7,820
0,MP_7,830
0,MP_7,840
0,MP_7,850
0,MP_7,860
0,MP_7,870
0,MP_7,880
0,MP_7,890
0,MP_7,900
0,MP_7,910
0,MP_7,920
0,MP_7,930
0,MP_7,940
0,MP_7,950
0,MP_7,960
0,MP_7,970
0,MP_7,980
0,MP_7,990
0,MP_7,1000
0,MP_7,1010
0,MP_7,1020
0,MP_7,1030
0,MP_7,1040
0,MP_7,1050
0,MP_7,1060
0,MP_7,1070
0,MP_7,1080
0,MP_7,1090
0,MP_7,1100
0,MP_7,1110
0,MP_7,1120
0,MP_7,1130
1,MP_7,1150
2,MP_7,1230
2,MP_7,1240
2,MP_7,1250
2,MP_7,1260
2,MP_7,1270
2,MP_7,1280
2,MP_7,1290
2,MP_7,1300
2,MP_7,1310
2,MP_7,1320
2,MP_7,1330
2,MP_7,1340
2,MP_7,1350
2,MP_7,1360
2,MP_7,1370
2,MP_7,1380
2,MP_7,1390
2,MP_7,1400
2,MP_7,1410
2,MP_7,1420
2,MP_7,1430
2,MP_7,1440
2,MP_7,1450
2,MP_7,1460
2,MP_7,1470
2,MP_7,1480
2,MP_7,1490
2,MP_7,1500
2,MP_7,1510
2,MP_7,1520
2,MP_7,1530
2,MP_7,1540
2,MP_7,1550
2,MP_7,1560
2,MP_7,1570
2,MP_7,1580
2,MP_7,1590
2,MP_7,1600
2,MP_7,1610
2,MP_7,1620
2,MP_7,1630
2,MP_7,1640
2,MP_7,1650
2,MP_7,1660
2,MP_7,1670
2,MP_7,1680
2,MP_7,1690
2,MP_7,1700
2,MP_7,1710
2,MP_7,1720
2,MP_7,1730
2,MP_7,1740
2,MP_7,1750
2,MP_7,1760
2,MP_7,1770
2,MP_7,1780
2,MP_7,1790
2,MP_7,1800
2,MP_7,1810
2,MP_7,1820
2,MP_7,1830
2,MP_7,1840
2,MP_7,1850
2,MP_7,1860
2,MP_7,1870
2,MP_7,1880
2,MP_7,1890
2,MP_7,1900
2,MP_7,1910
2,MP_7,1920
2,MP_7,1930
2,MP_7,1940
2,MP_7,1950
2,MP_7,1960
3,MP_7,1170
3,MP_7,1180
3,MP_7,1190
3,MP_7,1200
0,MP_8,0
0,MP_8,10
0,MP_8,20
0,MP_8,30
0,MP_8,40
0,MP_8,50
0,MP_8,60
0,MP_8,70
0,MP_8,80
0,MP_8,90
0,MP_8,100
0,MP_8,110
0,MP_8,120
0,MP_8,130
0,MP_8,140
0,MP_8,150
0,MP_8,160
0,MP_8,170
0,MP_8,180
0,MP_8,190
0,MP_8,200
0,MP_8,210
0,MP_8,220
0,MP_8,230
0,MP_8,240
0,MP_8,250
0,MP_8,260
0,MP_8,270
0,MP_8,280
0,MP_8,290
0,MP_8,300
0,MP_8,310
0,MP_8,320
0,MP_8,330
0,MP_8,340
0,MP_8,350
0,MP_8,360
0,MP_8,370
0,MP_8,380
0,MP_8,390
0,MP_8,400
0,MP_8,410
0,MP_8,420
0,MP_8,430
0,MP_8,440
0,MP_8,450
0,MP_8,460
0,MP_8,470
0,MP_8,480
0,MP_8,490
0,MP_8,500
0,MP_8,510
0,MP_8,520
0,MP_8,530
0,MP_8,540
0,MP_8,550
0,MP_8,560
0,MP_8,570
0,MP_8,580
0,MP_8,590
0,MP_8,600
0,MP_8,610
0,MP_8,620
0,MP_8,630
0,MP_8,640
0,MP_8,650
2,MP_8,760
2,MP_8,770
2,MP_8,780
2,MP_8,790
2,MP_8,800
2,MP_8,810
2,MP_8,820
2,MP_8,830
2,MP_8,840
2,MP_8,850
2,MP_8,860
2,MP_8,870
2,MP_8,880
2,MP_8,890
2,MP_8,900
2,MP_8,910
2,MP_8,920
2,MP_8,930
2,MP_8,940
2,MP_8,950
2,MP_8,960
2,MP_8,970
2,MP_8,980
2,MP_8,990
2,MP_8,1000
2,MP_8,1010
2,MP_8,1020
2,MP_8,1030
2,MP_8,1040
2,MP_8,1050
2,MP_8,1060
2,MP_8,1070
2,MP_8,1080
2,MP_8,1090
2,MP_8,1100
2,MP_8,1110
2,MP_8,1120
2,MP_8,1130
2,MP_8,1140
2,MP_8,1150
2,MP_8,1160
2,MP_8,1170
2,MP_8,1180
2,MP_8,1190
2,MP_8,1200
2,MP_8,1210
2,MP_8,1220
2,MP_8,1230
2,MP_8,1240
2,MP_8,1250
2,MP_8,1260
2,MP_8,1270
2,MP_8,1280
3,MP_8,710
3,MP_8,720
3,MP_8,730
3,MP_8,740
0,MP_9,0
0,MP_9,10
0,MP_9,20
0,MP_9,30
0,MP_9,40
0,MP_9,50
0,MP_9,60
0,MP_9,70
0,MP_9,80
0,MP_9,90
0,MP_9,100
0,MP_9,110
0,MP_9,120
0,MP_9,130
0,MP_9,140
0,MP_9,150
0,MP_9,160
0,MP_9,170
0,MP_9,180
0,MP_9,190
0,MP_9,200
0,MP_9,210
0,MP_9,220
0,MP_9,230
0,MP_9,240
0,MP_9,250
0,MP_9,260
0,MP_9,270
0,MP_9,280
0,MP_9,290
0,MP_9,300
0,MP_9,310
0,MP_9,320
0,MP_9,330
0,MP_9,340
0,MP_9,350
0,MP_9,360
0,MP_9,370
0,MP_9,380
0,MP_9,390
0,MP_9,400
0,MP_9,410
0,MP_9,420
0,MP_9,430
0,MP_9,440
0,MP_9,450
0,MP_9,460
0,MP_9,470
0,MP_9,480
0,MP_9,490
0,MP_9,500
0,MP_9,510
0,MP_9,520
0,MP_9,530
0,MP_9,540
0,MP_9,550
0,MP_9,560
0,MP_9,570
0,MP_9,580
0,MP_9,590
0,MP_9,600
0,MP_9,610
0,MP_9,620
0,MP_9,630
0,MP_9,640
0,MP_9,650
0,MP_9,660
0,MP_9,670
0,MP_9,680
0,MP_9,690
0,MP_9,700
0,MP_9,710
0,MP_9,720
0,MP_9,730
0,MP_9,740
0,MP_9,750
0,MP_9,760
0,MP_9,770
0,MP_9,780
0,MP_9,790
0,MP_9,800
0,MP_9,810
0,MP_9,820
0,MP_9,830
0,MP_9,840
0,MP_9,850
0,MP_9,860
0,MP_9,870
0,MP_9,880
0,MP_9,890
0,MP_9,900
0,MP_9,910
0,MP_9,920
0,MP_9,930
0,MP_9,940
0,MP_9,950
0,MP_9,960
0,MP_9,970
0,MP_9,980
0,MP_9,990
0,MP_9,1000
0,MP_9,1010
0,MP_9,1020
0,MP_9,1030
0,MP_9,1040
0,MP_9,1050
0,MP_9,1060
0,MP_9,1070
0,MP_9,1080
0,MP_9,1090
0,MP_9,1100
0,MP_9,1110
0,MP_9,1120
0,MP_9,1130
0,MP_9,1140
0,MP_9,1150
0,MP_9,1160
0,MP_9,1170
0,MP_9,1180
0,MP_9,1190
0,MP_9,1200
0,MP_9,1210
0,MP_9,1220
0,MP_9,1230
0,MP_9,1240
0,MP_9,1250
0,MP_9,1260
0,MP_9,1270
0,MP_9,1280
0,MP_9,1290
0,MP_9,1300
0,MP_9,1310
0,MP_9,1320
0,MP_9,1330
0,MP_9,1340
0,MP_9,1350
0,MP_9,1360
2,MP_9,1470
2,MP_9,1480
2,MP_9,1490
2,MP_9,1500
2,MP_9,1510
2,MP_9,1520
2,MP_9,1530
2,MP_9,1540
2,MP_9,1550
2,MP_9,1560
2,MP_9,1570
2,MP_9,1580
2,MP_9,1590
2,MP_9,1600
2,MP_9,1610
2,MP_9,1620
2,MP_9,1630
2,MP_9,1640
2,MP_9,1650
2,MP_9,1660
2,MP_9,1670
2,MP_9,1680
2,MP_9,1690
2,MP_9,1700
2,MP_9,1710
2,MP_9,1720
3,MP_9,1370
3,MP_9,1380
3,MP_9,1390
3,MP_9,1400
3,MP_9,1410
3,MP_9,1420
3,MP_9,1430
3,MP_9,1440
0,MP_10,0
0,MP_10,10
0,MP_10,20
0,MP_10,30
0,MP_10,40
0,MP_10,50
0,MP_10,60
0,MP_10,70
0,MP_10,80
0,MP_10,90
0,MP_10,100
0,MP_10,110
0,MP_10,120
0,MP_10,130
0,MP_10,140
0,MP_10,150
0,MP_10,160
0,MP_10,170
0,MP_10,180
0,MP_10,190
0,MP_10,200
0,MP_10,210
0,MP_10,220
0,MP_10,230
0,MP_10,240
0,MP_10,250
0,MP_10,260
0,MP_10,270
0,MP_10,280
0,MP_10,290
0,MP_10,300
0,MP_10,310
0,MP_10,320
0,MP_10,330
0,MP_10,340
0,MP_10,350
0,MP_10,360
0,MP_10,370
0,MP_10,380
0,MP_10,390
0,MP_10,400
0,MP_10,410
0,MP_10,420
0,MP_10,430
0,MP_10,440
0,MP_10,450
0,MP_10,460
0,MP_10,470
1,MP_10,570
1,MP_10,580
1,MP_10,590
1,MP_10,600
1,MP_10,610
1,MP_10,620
1,MP_10,630
1,MP_10,640
1,MP_10,650
1,MP_10,660
1,MP_10,670
1,MP_10,680
1,MP_10,690
1,MP_10,700
1,MP_10,710
1,MP_10,720
1,MP_10,730
1,MP_10,740
1,MP_10,750
1,MP_10,760
1,MP_10,770
1,MP_10,780
1,MP_10,790
1,MP_10,800
1,MP_10,810
1,MP_10,820
1,MP_10,830
1,MP_10,840
1,MP_10,850
1,MP_10,860
2,MP_10,1100
2,MP_10,1110
2,MP_10,1120
2,MP_10,1130
2,MP_10,1140
2,MP_10,1150
2,MP_10,1160
2,MP_10,1170
2,MP_10,1180
2,MP_10,1190
3,MP_10,500
3,MP_10,510
3,MP_10,520
3,MP_10,530
3,MP_10,540
3,MP_10,550
3,MP_10,560
3,MP_10,870
3,MP_10,880
3,MP_10,890
3,MP_10,900
3,MP_10,910
3,MP_10,920
3,MP_10,930
3,MP_10,940
3,MP_10,950
3,MP_10,960
3,MP_10,970
0,MP_11,0
0,MP_11,10
0,MP_11,20
0,MP_11,30
0,MP_11,40
0,MP_11,50
0,MP_11,60
0,MP_11,70
0,MP_11,80
0,MP_11,90
0,MP_11,100
0,MP_11,110
0,MP_11,120
0,MP_11,130
0,MP_11,140
0,MP_11,150
0,MP_11,160
0,MP_11,170
0,MP_11,180
0,MP_11,190
0,MP_11,200
0,MP_11,210
0,MP_11,220
0,MP_11,230
0,MP_11,240
0,MP_11,250
0,MP_11,260
0,MP_11,270
0,MP_11,280
0,MP_11,290
0,MP_11,300
0,MP_11,310
0,MP_11,320
0,MP_11,330
0,MP_11,340
0,MP_11,350
0,MP_11,360
0,MP_11,370
0,MP_11,380
0,MP_11,390
0,MP_11,400
0,MP_11,410
0,MP_11,420
0,MP_11,430
0,MP_11,440
0,MP_11,450
0,MP_11,460
0,MP_11,470
0,MP_11,480
0,MP_11,490
0,MP_11,500
0,MP_11,510
0,MP_11,520
0,MP_11,530
0,MP_11,540
0,MP_11,550
0,MP_11,560
0,MP_11,570
0,MP_11,580
0,MP_11,590
0,MP_11,600
0,MP_11,610
0,MP_11,620
0,MP_11,630
0,MP_11,640
0,MP_11,650
0,MP_11,660
0,MP_11,670
0,MP_11,680
0,MP_11,690
0,MP_11,700
0,MP_11,710
0,MP_11,720
0,MP_11,730
0,MP_11,740
0,MP_11,750
0,MP_11,760
0,MP_11,770
0,MP_11,780
0,MP_11,790
0,MP_11,800
0,MP_11,810
0,MP_11,820
0,MP_11,830
0,MP_11,840
0,MP_11,850
0,MP_11,860
0,MP_11,870
0,MP_11,880
0,MP_11,890
0,MP_11,900
0,MP_11,910
0,MP_11,920
0,MP_11,930
0,MP_11,940
0,MP_11,950
0,MP_11,960
0,MP_11,970
0,MP_11,980
0,MP_11,990
0,MP_11,1000
0,MP_11,1010
0,MP_11,1020
0,MP_11,1030
0,MP_11,1040
0,MP_11,1050
0,MP_11,1060
0,MP_11,1070
0,MP_11,1080
0,MP_11,1090
0,MP_11,1100
0,MP_11,1110
0,MP_11,1120
0,MP_11,1130
0,MP_11,1140
0,MP_11,1150
0,MP_11,1160
0,MP_11,1170
0,MP_11,1180
0,MP_11,1190
0,MP_11,1200
0,MP_11,1210
0,MP_11,1220
0,MP_11,1230
0,MP_11,1240
0,MP_11,1250
0,MP_11,1260
0,MP_11,1270
0,MP_11,1280
0,MP_11,1290
0,MP_11,1300
0,MP_11,1310
0,MP_11,1320
0,MP_11,1330
0,MP_11,1340
0,MP_11,1350
0,MP_11,1360
0,MP_11,1370
0,MP_11,1380
0,MP_11,1390
0,MP_11,1400
0,MP_11,1410
0,MP_11,1420
0,MP_11,1430
0,MP_11,1440
0,MP_11,1450
0,MP_11,1460
0,MP_11,1470
2,MP_11,1610
2,MP_11,1620
2,MP_11,1630
2,MP_11,1640
2,MP_11,1650
2,MP_11,1660
2,MP_11,1670
2,MP_11,1680
2,MP_11,1690
2,MP_11,1700
2,MP_11,1710
2,MP_11,1720
2,MP_11,1730
2,MP_11,1740
2,MP_11,1750
2,MP_11,1760
2,MP_11,1770
2,MP_11,1780
2,MP_11,1790
2,MP_11,1800
2,MP_11,1810
3,MP_11,1490
3,MP_11,1500
3,MP_11,1510
3,MP_11,1520
3,MP_11,1530
3,MP_11,1540
3,MP_11,1550
3,MP_11,1560
0,MP_12,0
0,MP_12,10
0,MP_12,20
0,MP_12,30
0,MP_12,40
0,MP_12,50
0,MP_12,60
0,MP_12,70
0,MP_12,80
0,MP_12,90
0,MP_12,100
0,MP_12,110
0,MP_12,120
0,MP_12,130
0,MP_12,140
0,MP_12,150
0,MP_12,160
0,MP_12,170
0,MP_12,180
0,MP_12,190
0,MP_12,200
0,MP_12,210
0,MP_12,220
0,MP_12,230
0,MP_12,240
0,MP_12,250
0,MP_12,260
0,MP_12,270
0,MP_12,280
0,MP_12,290
0,MP_12,300
0,MP_12,310
0,MP_12,320
0,MP_12,330
0,MP_12,340
0,MP_12,350
0,MP_12,360
0,MP_12,370
0,MP_12,380
0,MP_12,390
0,MP_12,400
0,MP_12,410
0,MP_12,420
0,MP_12,430
0,MP_12,440
0,MP_12,450
2,MP_12,600
2,MP_12,610
2,MP_12,620
2,MP_12,630
2,MP_12,640
2,MP_12,650
2,MP_12,660
2,MP_12,670
2,MP_12,680
2,MP_12,690
2,MP_12,700
2,MP_12,710
2,MP_12,720
2,MP_12,730
2,MP_12,740
2,MP_12,750
2,MP_12,760
2,MP_12,770
2,MP_12,780
2,MP_12,790
2,MP_12,800
2,MP_12,810
2,MP_12,820
2,MP_12,830
2,MP_12,840
2,MP_12,850
2,MP_12,860
2,MP_12,870
2,MP_12,880
2,MP_12,890
2,MP_12,900
2,MP_12,910
2,MP_12,920
2,MP_12,930
2,MP_12,940
3,MP_12,530
3,MP_12,540
3,MP_12,550
3,MP_12,560
3,MP_12,570
3,MP_12,580
0,MP_13,0
0,MP_13,10
0,MP_13,20
0,MP_13,30
0,MP_13,40
0,MP_13,50
0,MP_13,60
0,MP_13,70
0,MP_13,80
0,MP_13,90
0,MP_13,100
0,MP_13,110
0,MP_13,120
0,MP_13,130
0,MP_13,140
0,MP_13,150
0,MP_13,160
0,MP_13,170
0,MP_13,180
0,MP_13,190
0,MP_13,200
0,MP_13,210
0,MP_13,220
0,MP_13,230
0,MP_13,240
0,MP_13,250
0,MP_13,260
0,MP_13,270
0,MP_13,280
0,MP_13,290
0,MP_13,300
0,MP_13,310
0,MP_13,320
0,MP_13,330
0,MP_13,340
0,MP_13,350
0,MP_13,360
0,MP_13,370
0,MP_13,380
0,MP_13,390
0,MP_13,400
0,MP_13,410
0,MP_13,420
0,MP_13,430
0,MP_13,440
0,MP_13,450
0,MP_13,460
0,MP_13,470
0,MP_13,480
0,MP_13,490
0,MP_13,500
0,MP_13,510
0,MP_13,520
0,MP_13,530
0,MP_13,540
0,MP_13,550
0,MP_13,560
0,MP_13,570
0,MP_13,580
0,MP_13,590
0,MP_13,600
0,MP_13,610
0,MP_13,620
0,MP_13,630
0,MP_13,640
0,MP_13,650
0,MP_13,660
0,MP_13,670
0,MP_13,680
0,MP_13,690
0,MP_13,700
0,MP_13,710
0,MP_13,720
0,MP_13,730
0,MP_13,740
0,MP_13,750
0,MP_13,760
0,MP_13,770
0,MP_13,780
0,MP_13,790
0,MP_13,800
0,MP_13,810
0,MP_13,820
0,MP_13,830
0,MP_13,840
0,MP_13,850
0,MP_13,860
0,MP_13,870
0,MP_13,880
0,MP_13,890
0,MP_13,900
0,MP_13,910
0,MP_13,920
0,MP_13,930
0,MP_13,940
0,MP_13,950
0,MP_13,960
0,MP_13,970
0,MP_13,980
0,MP_13,990
0,MP_13,1000
0,MP_13,1010
0,MP_13,1020
0,MP_13,1030
0,MP_13,1040
0,MP_13,1050
0,MP_13,1060
0,MP_13,1070
0,MP_13,1080
0,MP_13,1090
0,MP_13,1100
0,MP_13,1110
0,MP_13,1120
0,MP_13,1130
0,MP_13,1140
0,MP_13,1150
0,MP_13,1160
0,MP_13,1170
0,MP_13,1180
0,MP_13,1190
0,MP_13,1200
0,MP_13,1210
0,MP_13,1220
0,MP_13,1230
0,MP_13,1240
0,MP_13,1250
0,MP_13,1260
0,MP_13,1270
0,MP_13,1280
0,MP_13,1290
0,MP_13,1300
0,MP_13,1310
0,MP_13,1320
0,MP_13,1330
0,MP_13,1340
0,MP_13,1350
0,MP_13,1360
0,MP_13,1370
0,MP_13,1380
0,MP_13,1390
0,MP_13,1400
0,MP_13,1410
0,MP_13,1420
0,MP_13,1430
0,MP_13,1440
0,MP_13,1450
0,MP_13,1460
0,MP_13,1470
0,MP_13,1480
0,MP_13,1490
0,MP_13,1500
0,MP_13,1510
0,MP_13,1520
0,MP_13,1530
0,MP_13,1540
0,MP_13,1550
0,MP_13,1560
0,MP_13,1570
0,MP_13,1580
0,MP_13,1590
0,MP_13,1600
0,MP_13,1610
0,MP_13,1620
0,MP_13,1630
0,MP_13,1640
0,MP_13,1650
0,MP_13,1660
0,MP_13,1670
0,MP_13,1680
0,MP_13,1690
0,MP_13,1700
0,MP_13,1710
0,MP_13,1720
0,MP_13,1730
0,MP_13,1740
0,MP_13,1750
0,MP_13,1760
0,MP_13,1770
0,MP_13,1780
0,MP_13,1790
0,MP_13,1800
0,MP_13,1810
0,MP_13,1820
0,MP_13,1830
0,MP_13,1840
0,MP_13,1850
0,MP_13,1860
2,MP_13,1950
2,MP_13,1960
2,MP_13,1970
2,MP_13,1980
2,MP_13,1990
2,MP_13,2000
2,MP_13,2010
2,MP_13,2020
2,MP_13,2030
2,MP_13,2040
2,MP_13,2050
2,MP_13,2060
2,MP_13,2070
2,MP_13,2080
2,MP_13,2090
2,MP_13,2100
2,MP_13,2110
2,MP_13,2120
2,MP_13,2130
2,MP_13,2140
2,MP_13,2150
2,MP_13,2160
2,MP_13,2170
2,MP_13,2180
2,MP_13,2190
2,MP_13,2200
2,MP_13,2210
2,MP_13,2220
2,MP_13,2230
2,MP_13,2240
2,MP_13,2250
2,MP_13,2260
2,MP_13,2270
2,MP_13,2280
2,MP_13,2290
2,MP_13,2300
2,MP_13,2310
2,MP_13,2320
2,MP_13,2330
2,MP_13,2340
2,MP_13,2350
2,MP_13,2360
2,MP_13,2370
2,MP_13,2380
2,MP_13,2390
2,MP_13,2400
2,MP_13,2410
2,MP_13,2420
2,MP_13,2430
2,MP_13,2440
2,MP_13,2450
2,MP_13,2460
2,MP_13,2470
2,MP_13,2480
2,MP_13,2490
2,MP_13,2500
3,MP_13,1880
3,MP_13,1890
3,MP_13,1900
3,MP_13,1910
3,MP_13,1920
3,MP_13,1930
0,MP_14,0
0,MP_14,10
0,MP_14,20
0,MP_14,30
0,MP_14,40
0,MP_14,50
0,MP_14,60
0,MP_14,70
0,MP_14,80
0,MP_14,90
0,MP_14,100
0,MP_14,110
0,MP_14,120
0,MP_14,130
0,MP_14,140
0,MP_14,150
0,MP_14,160
0,MP_14,170
0,MP_14,180
0,MP_14,190
0,MP_14,200
0,MP_14,210
0,MP_14,220
0,MP_14,230
0,MP_14,240
0,MP_14,250
0,MP_14,260
0,MP_14,270
0,MP_14,280
0,MP_14,290
0,MP_14,300
0,MP_14,310
0,MP_14,320
0,MP_14,330
0,MP_14,340
0,MP_14,350
0,MP_14,360
0,MP_14,370
0,MP_14,380
0,MP_14,390
0,MP_14,400
0,MP_14,410
0,MP_14,420
0,MP_14,430
0,MP_14,440
0,MP_14,450
0,MP_14,460
0,MP_14,470
0,MP_14,480
0,MP_14,490
0,MP_14,500
0,MP_14,510
0,MP_14,520
0,MP_14,530
0,MP_14,540
0,MP_14,550
0,MP_14,560
0,MP_14,570
0,MP_14,580
0,MP_14,590
0,MP_14,600
0,MP_14,610
0,MP_14,620
0,MP_14,630
0,MP_14,640
0,MP_14,650
0,MP_14,660
0,MP_14,670
0,MP_14,680
0,MP_14,690
0,MP_14,700
0,MP_14,710
0,MP_14,720
0,MP_14,730
0,MP_14,740
0,MP_14,750
0,MP_14,760
0,MP_14,770
0,MP_14,780
0,MP_14,790
0,MP_14,800
0,MP_14,810
0,MP_14,820
0,MP_14,830
0,MP_14,840
0,MP_14,850
0,MP_14,860
0,MP_14,870
0,MP_14,880
0,MP_14,890
0,MP_14,900
0,MP_14,910
1,MP_14,920
1,MP_14,930
1,MP_14,940
1,MP_14,950
1,MP_14,960
1,MP_14,970
1,MP_14,980
1,MP_14,990
1,MP_14,1000
1,MP_14,1010
1,MP_14,1020
1,MP_14,1030
1,MP_14,1040
1,MP_14,1050
1,MP_14,1060
1,MP_14,1070
1,MP_14,1080
1,MP_14,1090
1,MP_14,1100
1,MP_14,1110
1,MP_14,1120
1,MP_14,1130
1,MP_14,1140
1,MP_14,1150
1,MP_14,1160
1,MP_14,1170
1,MP_14,1180
1,MP_14,1190
1,MP_14,1200
1,MP_14,1210
1,MP_14,1220
1,MP_14,1230
1,MP_14,1240
1,MP_14,1250
1,MP_14,1260
1,MP_14,1270
1,MP_14,1280
1,MP_14,1290
1,MP_14,1300
1,MP_14,1310
1,MP_14,1320
1,MP_14,1330
1,MP_14,1340
1,MP_14,1350
1,MP_14,1360
1,MP_14,1370
1,MP_14,1380
1,MP_14,1390
1,MP_14,1400
1,MP_14,1410
1,MP_14,1420
1,MP_14,1430
1,MP_14,1440
1,MP_14,1450
1,MP_14,1460
1,MP_14,1470
1,MP_14,1480
1,MP_14,1490
1,MP_14,1500
1,MP_14,1510
1,MP_14,1520
1,MP_14,1530
1,MP_14,1540
1,MP_14,1550
1,MP_14,1560
1,MP_14,1570
1,MP_14,1580
1,MP_14,1590
1,MP_14,1600
1,MP_14,1610
1,MP_14,1620
1,MP_14,1630
1,MP_14,1640
1,MP_14,1650
1,MP_14,1660
1,MP_14,1670
1,MP_14,1680
1,MP_14,1690
1,MP_14,1700
1,MP_14,1710
1,MP_14,1720
1,MP_14,1730
1,MP_14,1740
2,MP_14,1820
2,MP_14,1830
2,MP_14,1840
2,MP_14,1850
2,MP_14,1860
2,MP_14,1870
2,MP_14,1880
2,MP_14,1890
2,MP_14,1900
2,MP_14,1910
2,MP_14,1920
2,MP_14,1930
2,MP_14,1940
2,MP_14,1950
2,MP_14,1960
2,MP_14,1970
2,MP_14,1980
2,MP_14,1990
2,MP_14,2000
2,MP_14,2010
2,MP_14,2020
3,MP_14,1760
3,MP_14,1770
3,MP_14,1780
3,MP_14,1790
3,MP_14,1800
0,MP_15,0
0,MP_15,10
0,MP_15,20
0,MP_15,30
0,MP_15,40
0,MP_15,50
0,MP_15,60
0,MP_15,70
0,MP_15,80
0,MP_15,90
0,MP_15,100
0,MP_15,110
0,MP_15,120
0,MP_15,130
0,MP_15,140
0,MP_15,150
0,MP_15,160
0,MP_15,170
0,MP_15,180
0,MP_15,190
0,MP_15,200
0,MP_15,210
0,MP_15,220
0,MP_15,230
0,MP_15,240
0,MP_15,250
0,MP_15,260
0,MP_15,270
0,MP_15,280
0,MP_15,290
2,MP_15,390
2,MP_15,400
2,MP_15,410
2,MP_15,420
2,MP_15,430
2,MP_15,440
2,MP_15,450
2,MP_15,460
2,MP_15,470
2,MP_15,480
2,MP_15,490
2,MP_15,500
2,MP_15,510
2,MP_15,520
2,MP_15,530
2,MP_15,540
2,MP_15,550
2,MP_15,560
2,MP_15,570
2,MP_15,580
2,MP_15,590
2,MP_15,600
2,MP_15,610
2,MP_15,620
2,MP_15,630
2,MP_15,640
2,MP_15,650
2,MP_15,660
2,MP_15,670
2,MP_15,680
2,MP_15,690
3,MP_15,320
3,MP_15,330
3,MP_15,340
3,MP_15,350
3,MP_15,360
0,MP_16,0
0,MP_16,10
0,MP_16,20
0,MP_16,30
0,MP_16,40
0,MP_16,50
0,MP_16,60
0,MP_16,70
0,MP_16,80
0,MP_16,90
0,MP_16,100
0,MP_16,110
0,MP_16,120
0,MP_16,130
0,MP_16,140
0,MP_16,150
0,MP_16,160
0,MP_16,170
0,MP_16,180
0,MP_16,190
0,MP_16,200
0,MP_16,210
0,MP_16,220
0,MP_16,230
0,MP_16,240
0,MP_16,250
0,MP_16,260
0,MP_16,270
0,MP_16,280
0,MP_16,290
0,MP_16,300
0,MP_16,310
0,MP_16,320
0,MP_16,330
0,MP_16,340
0,MP_16,350
0,MP_16,360
0,MP_16,370
0,MP_16,380
0,MP_16,390
0,MP_16,400
0,MP_16,410
0,MP_16,420
0,MP_16,430
0,MP_16,440
0,MP_16,450
0,MP_16,460
0,MP_16,470
0,MP_16,480
0,MP_16,490
0,MP_16,500
0,MP_16,510
0,MP_16,520
0,MP_16,530
0,MP_16,540
0,MP_16,550
0,MP_16,560
0,MP_16,570
0,MP_16,580
0,MP_16,590
0,MP_16,600
0,MP_16,610
0,MP_16,620
0,MP_16,630
0,MP_16,640
0,MP_16,650
0,MP_16,660
0,MP_16,670
0,MP_16,680
0,MP_16,690
0,MP_16,700
0,MP_16,710
0,MP_16,720
0,MP_16,730
0,MP_16,740
0,MP_16,750
0,MP_16,760
0,MP_16,770
0,MP_16,780
0,MP_16,790
0,MP_16,800
1,MP_16,860
1,MP_16,870
1,MP_16,880
1,MP_16,890
1,MP_16,900
1,MP_16,910
1,MP_16,920
1,MP_16,930
1,MP_16,940
1,MP_16,950
1,MP_16,960
1,MP_16,970
1,MP_16,980
1,MP_16,990
1,MP_16,1000
1,MP_16,1010
1,MP_16,1020
2,MP_16,820
2,MP_16,830
2,MP_16,840
3,MP_16,1030
3,MP_16,1040
3,MP_16,1050
3,MP_16,1060
3,MP_16,1070
3,MP_16,1080
3,MP_16,1090
3,MP_16,1100
3,MP_16,1110
3,MP_16,1120
3,MP_16,1130
3,MP_16,1140
3,MP_16,1150
3,MP_16,1160
3,MP_16,1170
3,MP_16,1180
3,MP_16,1190
3,MP_16,1200
3,MP_16,1210
3,MP_16,1220
3,MP_16,1230
3,MP_16,1240
3,MP_16,1250
3,MP_16,1260
3,MP_16,1270
3,MP_16,1280
3,MP_16,1290
3,MP_16,1300
3,MP_16,1310
3,MP_16,1320
3,MP_16,1330
3,MP_16,1340
3,MP_16,1350
3,MP_16,1360
3,MP_16,1370
3,MP_16,1380
3,MP_16,1390
3,MP_16,1400
3,MP_16,1410
3,MP_16,1420
3,MP_16,1430
3,MP_16,1440
3,MP_16,1450
3,MP_16,1460
3,MP_16,1470
3,MP_16,1480
3,MP_16,1490
3,MP_16,1500
3,MP_16,1510
3,MP_16,1520
3,MP_16,1530
3,MP_16,1540
3,MP_16,1550
3,MP_16,1560
0,MP_17,0
0,MP_17,10
0,MP_17,20
0,MP_17,30
0,MP_17,40
0,MP_17,50
0,MP_17,60
0,MP_17,70
0,MP_17,80
0,MP_17,90
0,MP_17,100
0,MP_17,110
0,MP_17,120
0,MP_17,130
0,MP_17,140
0,MP_17,150
0,MP_17,160
0,MP_17,170
0,MP_17,180
0,MP_17,190
0,MP_17,200
0,MP_17,210
0,MP_17,220
0,MP_17,230
0,MP_17,240
0,MP_17,250
0,MP_17,260
0,MP_17,270
0,MP_17,280
0,MP_17,290
0,MP_17,300
0,MP_17,310
0,MP_17,320
0,MP_17,330
0,MP_17,340
0,MP_17,350
0,MP_17,360
0,MP_17,370
0,MP_17,380
0,MP_17,390
0,MP_17,400
0,MP_17,410
0,MP_17,420
0,MP_17,430
0,MP_17,440
0,MP_17,450
0,MP_17,460
0,MP_17,470
0,MP_17,480
0,MP_17,490
0,MP_17,500
0,MP_17,510
0,MP_17,520
0,MP_17,530
0,MP_17,540
0,MP_17,550
0,MP_17,560
0,MP_17,570
0,MP_17,580
0,MP_17,590
0,MP_17,600
0,MP_17,610
0,MP_17,620
0,MP_17,630
0,MP_17,640
0,MP_17,650
0,MP_17,660
0,MP_17,670
0,MP_17,680
0,MP_17,690
0,MP_17,700
0,MP_17,710
0,MP_17,720
0,MP_17,730
0,MP_17,740
0,MP_17,750
0,MP_17,760
0,MP_17,770
0,MP_17,780
0,MP_17,790
0,MP_17,800
0,MP_17,810
0,MP_17,820
0,MP_17,830
0,MP_17,840
0,MP_17,850
0,MP_17,860
0,MP_17,870
0,MP_17,880
0,MP_17,890
0,MP_17,900
0,MP_17,910
0,MP_17,920
0,MP_17,930
0,MP_17,940
0,MP_17,950
0,MP_17,960
0,MP_17,970
0,MP_17,980
0,MP_17,990
0,MP_17,1000
0,MP_17,1010
0,MP_17,1020
0,MP_17,1030
0,MP_17,1040
0,MP_17,1050
0,MP_17,1060
0,MP_17,1070
0,MP_17,1080
0,MP_17,1090
0,MP_17,1100
0,MP_17,1110
0,MP_17,1120
0,MP_17,1130
0,MP_17,1140
0,MP_17,1150
0,MP_17,1160
0,MP_17,1170
0,MP_17,1180
0,MP_17,1190
0,MP_17,1200
0,MP_17,1210
0,MP_17,1220
0,MP_17,1230
0,MP_17,1240
0,MP_17,1250
0,MP_17,1260
0,MP_17,1270
0,MP_17,1280
0,MP_17,1290
0,MP_17,1300
0,MP_17,1310
0,MP_17,1320
0,MP_17,1330
0,MP_17,1340
0,MP_17,1350
0,MP_17,1360
0,MP_17,1370
0,MP_17,1380
0,MP_17,1390
0,MP_17,1400
0,MP_17,1410
0,MP_17,1420
0,MP_17,1430
0,MP_17,1440
0,MP_17,1450
0,MP_17,1460
0,MP_17,1470
0,MP_17,1480
0,MP_17,1490
0,MP_17,1500
0,MP_17,1510
0,MP_17,1520
0,MP_17,1530
0,MP_17,1540
0,MP_17,1550
0,MP_17,1560
0,MP_17,1570
0,MP_17,1580
0,MP_17,1590
0,MP_17,1600
0,MP_17,1610
0,MP_17,1620
0,MP_17,1630
0,MP_17,1640
0,MP_17,1650
0,MP_17,1660
0,MP_17,1670
0,MP_17,1680
0,MP_17,1690
0,MP_17,1700
0,MP_17,1710
0,MP_17,1720
0,MP_17,1730
0,MP_17,1740
0,MP_17,1750
0,MP_17,1760
0,MP_17,1770
0,MP_17,1780
0,MP_17,1790
0,MP_17,1800
0,MP_17,1810
0,MP_17,1820
0,MP_17,1830
0,MP_17,1840
0,MP_17,1850
0,MP_17,1860
0,MP_17,1870
1,MP_17,2000
1,MP_17,2010
1,MP_17,2020
1,MP_17,2030
1,MP_17,2040
1,MP_17,2050
1,MP_17,2060
1,MP_17,2070
1,MP_17,2080
1,MP_17,2090
1,MP_17,2100
1,MP_17,2110
1,MP_17,2120
1,MP_17,2130
1,MP_17,2140
1,MP_17,2150
1,MP_17,2160
1,MP_17,2170
1,MP_17,2180
1,MP_17,2190
1,MP_17,2200
1,MP_17,2210
1,MP_17,2220
1,MP_17,2230
1,MP_17,2240
1,MP_17,2250
1,MP_17,2260
1,MP_17,2270
1,MP_17,2280
1,MP_17,2290
1,MP_17,2300
1,MP_17,2310
1,MP_17,2320
1,MP_17,2330
1,MP_17,2340
1,MP_17,2350
1,MP_17,2360
1,MP_17,2370
1,MP_17,2380
1,MP_17,2390
1,MP_17,2400
1,MP_17,2410
1,MP_17,2420
1,MP_17,2430
1,MP_17,2440
1,MP_17,2450
1,MP_17,2460
1,MP_17,2470
1,MP_17,2480
1,MP_17,2490
1,MP_17,2500
1,MP_17,2510
1,MP_17,2520
1,MP_17,2530
1,MP_17,2540
1,MP_17,2550
1,MP_17,2560
1,MP_17,2570
1,MP_17,2580
1,MP_17,2590
1,MP_17,2600
1,MP_17,2610
1,MP_17,2620
1,MP_17,2630
1,MP_17,2640
1,MP_17,2650
1,MP_17,2660
1,MP_17,2670
1,MP_17,2680
1,MP_17,2690
1,MP_17,2700
1,MP_17,2710
1,MP_17,2720
1,MP_17,2730
1,MP_17,2740
1,MP_17,2750
1,MP_17,2760
1,MP_17,2770
1,MP_17,2780
1,MP_17,2790
1,MP_17,2800
1,MP_17,2810
1,MP_17,2820
1,MP_17,2830
1,MP_17,2840
1,MP_17,2850
1,MP_17,2860
1,MP_17,2870
1,MP_17,2880
1,MP_17,2890
1,MP_17,2900
1,MP_17,2910
1,MP_17,2920
1,MP_17,2930
1,MP_17,2940
1,MP_17,2950
1,MP_17,2960
1,MP_17,2970
1,MP_17,2980
1,MP_17,2990
1,MP_17,3000
1,MP_17,3010
1,MP_17,3020
1,MP_17,3030
1,MP_17,3040
1,MP_17,3050
1,MP_17,3060
1,MP_17,3070
1,MP_17,3080
1,MP_17,3090
1,MP_17,3100
1,MP_17,3110
1,MP_17,3120
1,MP_17,3130
1,MP_17,3140
1,MP_17,3150
1,MP_17,3160
1,MP_17,3170
1,MP_17,3180
1,MP_17,3190
1,MP_17,3200
1,MP_17,3210
1,MP_17,3220
1,MP_17,3230
1,MP_17,3240
2,MP_17,3400
2,MP_17,3410
2,MP_17,3420
2,MP_17,3430
2,MP_17,3440
2,MP_17,3450
2,MP_17,3460
2,MP_17,3470
2,MP_17,3480
2,MP_17,3490
2,MP_17,3500
2,MP_17,3510
2,MP_17,3520
2,MP_17,3530
2,MP_17,3540
2,MP_17,3550
2,MP_17,3560
2,MP_17,3570
2,MP_17,3580
2,MP_17,3590
3,MP_17,3260
3,MP_17,3270
3,MP_17,3280
3,MP_17,3290
3,MP_17,3300
3,MP_17,3310
3,MP_17,3320
3,MP_17,3330
3,MP_17,3340
3,MP_17,3350
0,MP_18,0
0,MP_18,10
0,MP_18,20
0,MP_18,30
0,MP_18,40
0,MP_18,50
0,MP_18,60
0,MP_18,70
0,MP_18,80
0,MP_18,90
0,MP_18,100
0,MP_18,110
0,MP_18,120
0,MP_18,130
0,MP_18,140
0,MP_18,150
0,MP_18,160
0,MP_18,170
0,MP_18,180
0,MP_18,190
0,MP_18,200
0,MP_18,210
0,MP_18,220
0,MP_18,230
0,MP_18,240
0,MP_18,250
0,MP_18,260
0,MP_18,270
0,MP_18,280
0,MP_18,290
0,MP_18,300
0,MP_18,310
0,MP_18,320
0,MP_18,330
0,MP_18,340
0,MP_18,350
0,MP_18,360
0,MP_18,370
0,MP_18,380
0,MP_18,390
0,MP_18,400
0,MP_18,410
0,MP_18,420
0,MP_18,430
0,MP_18,440
0,MP_18,450
0,MP_18,460
0,MP_18,470
0,MP_18,480
0,MP_18,490
0,MP_18,500
0,MP_18,510
0,MP_18,520
0,MP_18,530
0,MP_18,540
0,MP_18,550
0,MP_18,560
0,MP_18,570
0,MP_18,580
0,MP_18,590
0,MP_18,600
0,MP_18,610
0,MP_18,620
0,MP_18,630
0,MP_18,640
0,MP_18,650
0,MP_18,660
0,MP_18,670
0,MP_18,680
0,MP_18,690
0,MP_18,700
0,MP_18,710
0,MP_18,720
0,MP_18,730
0,MP_18,740
0,MP_18,750
0,MP_18,760
0,MP_18,770
0,MP_18,780
0,MP_18,790
0,MP_18,800
0,MP_18,810
0,MP_18,820
0,MP_18,830
0,MP_18,840
0,MP_18,850
0,MP_18,860
0,MP_18,870
0,MP_18,880
0,MP_18,890
0,MP_18,900
0,MP_18,910
0,MP_18,920
0,MP_18,930
0,MP_18,940
0,MP_18,950
0,MP_18,960
0,MP_18,970
0,MP_18,980
0,MP_18,990
0,MP_18,1000
0,MP_18,1010
0,MP_18,1020
0,MP_18,1030
0,MP_18,1040
0,MP_18,1050
0,MP_18,1060
0,MP_18,1070
0,MP_18,1080
0,MP_18,1090
0,MP_18,1100
0,MP_18,1110
0,MP_18,1120
0,MP_18,1130
0,MP_18,1140
0,MP_18,1150
0,MP_18,1160
0,MP_18,1170
0,MP_18,1180
0,MP_18,1190
0,MP_18,1200
0,MP_18,1210
0,MP_18,1220
0,MP_18,1230
0,MP_18,1240
0,MP_18,1250
0,MP_18,1260
0,MP_18,1270
0,MP_18,1280
0,MP_18,1290
0,MP_18,1300
0,MP_18,1310
0,MP_18,1320
0,MP_18,1330
0,MP_18,1340
0,MP_18,1350
0,MP_18,1360
0,MP_18,1370
0,MP_18,1380
0,MP_18,1390
0,MP_18,1400
0,MP_18,1410
0,MP_18,1420
0,MP_18,1430
0,MP_18,1440
0,MP_18,1450
0,MP_18,1460
0,MP_18,1470
0,MP_18,1480
0,MP_18,1490
0,MP_18,1500
0,MP_18,1510
0,MP_18,1520
0,MP_18,1530
0,MP_18,1540
0,MP_18,1550
0,MP_18,1560
0,MP_18,1570
0,MP_18,1580
0,MP_18,1590
0,MP_18,1600
0,MP_18,1610
0,MP_18,1620
0,MP_18,1630
0,MP_18,1640
0,MP_18,1650
0,MP_18,1660
0,MP_18,1670
0,MP_18,1680
0,MP_18,1690
0,MP_18,1700
0,MP_18,1710
0,MP_18,1720
0,MP_18,1730
0,MP_18,1740
0,MP_18,1750
0,MP_18,1760
0,MP_18,1770
0,MP_18,1780
0,MP_18,1790
0,MP_18,1800
0,MP_18,1810
0,MP_18,1820
0,MP_18,1830
0,MP_18,1840
0,MP_18,1850
0,MP_18,1860
0,MP_18,1870
0,MP_18,1880
0,MP_18,1890
0,MP_18,1900
0,MP_18,1910
0,MP_18,1920
0,MP_18,1930
0,MP_18,1940
0,MP_18,1950
0,MP_18,1960
0,MP_18,1970
0,MP_18,1980
0,MP_18,1990
0,MP_18,2000
0,MP_18,2010
0,MP_18,2020
0,MP_18,2030
0,MP_18,2040
1,MP_18,2080
1,MP_18,2090
1,MP_18,2100
1,MP_18,2110
1,MP_18,2120
1,MP_18,2130
1,MP_18,2140
1,MP_18,2150
1,MP_18,2160
1,MP_18,2170
1,MP_18,2180
1,MP_18,2190
1,MP_18,2200
1,MP_18,2210
1,MP_18,2220
1,MP_18,2230
1,MP_18,2240
1,MP_18,2250
1,MP_18,2260
1,MP_18,2270
1,MP_18,2280
1,MP_18,2290
1,MP_18,2300
1,MP_18,2310
1,MP_18,2320
1,MP_18,2330
1,MP_18,2340
1,MP_18,2350
1,MP_18,2360
1,MP_18,2370
1,MP_18,2380
1,MP_18,2390
1,MP_18,2400
1,MP_18,2410
1,MP_18,2420
1,MP_18,2430
1,MP_18,2440
1,MP_18,2450
1,MP_18,2460
1,MP_18,2470
1,MP_18,2480
1,MP_18,2490
1,MP_18,2500
1,MP_18,2510
1,MP_18,2520
1,MP_18,2530
1,MP_18,2540
1,MP_18,2550
1,MP_18,2560
1,MP_18,2570
1,MP_18,2580
1,MP_18,2590
1,MP_18,2600
1,MP_18,2610
1,MP_18,2620
1,MP_18,2630
1,MP_18,2640
1,MP_18,2650
1,MP_18,2660
1,MP_18,2670
1,MP_18,2680
1,MP_18,2690
1,MP_18,2700
1,MP_18,2710
1,MP_18,2720
1,MP_18,2730
1,MP_18,2740
1,MP_18,2750
1,MP_18,2760
1,MP_18,2770
1,MP_18,2780
1,MP_18,2790
1,MP_18,2800
1,MP_18,2810
1,MP_18,2820
1,MP_18,2830
1,MP_18,2840
1,MP_18,2850
1,MP_18,2860
1,MP_18,2870
1,MP_18,2880
1,MP_18,2890
1,MP_18,2900
1,MP_18,2910
1,MP_18,2920
1,MP_18,2930
1,MP_18,2940
1,MP_18,2950
1,MP_18,2960
1,MP_18,2970
1,MP_18,2980
1,MP_18,2990
1,MP_18,3000
1,MP_18,3010
1,MP_18,3020
1,MP_18,3030
1,MP_18,3040
1,MP_18,3050
1,MP_18,3060
1,MP_18,3070
1,MP_18,3080
1,MP_18,3090
2,MP_18,3280
2,MP_18,3290
2,MP_18,3300
2,MP_18,3310
2,MP_18,3320
2,MP_18,3330
2,MP_18,3340
2,MP_18,3350
2,MP_18,3360
2,MP_18,3370
2,MP_18,3380
2,MP_18,3390
2,MP_18,3400
2,MP_18,3410
2,MP_18,3420
3,MP_18,3110
3,MP_18,3120
3,MP_18,3130
3,MP_18,3140
3,MP_18,3150
3,MP_18,3160
3,MP_18,3170
3,MP_18,3180
3,MP_18,3190
3,MP_18,3200
3,MP_18,3210
3,MP_18,3220
0,MP_19,0
0,MP_19,10
0,MP_19,20
0,MP_19,30
0,MP_19,40
0,MP_19,50
0,MP_19,60
0,MP_19,70
0,MP_19,80
0,MP_19,90
0,MP_19,100
0,MP_19,110
0,MP_19,120
0,MP_19,130
0,MP_19,140
0,MP_19,150
0,MP_19,160
0,MP_19,170
0,MP_19,180
0,MP_19,190
0,MP_19,200
0,MP_19,210
0,MP_19,220
0,MP_19,230
0,MP_19,240
0,MP_19,250
0,MP_19,260
0,MP_19,270
0,MP_19,280
0,MP_19,290
0,MP_19,300
0,MP_19,310
0,MP_19,320
0,MP_19,330
0,MP_19,340
0,MP_19,350
0,MP_19,360
0,MP_19,370
0,MP_19,380
0,MP_19,390
0,MP_19,400
0,MP_19,410
0,MP_19,420
0,MP_19,430
0,MP_19,440
0,MP_19,450
0,MP_19,460
0,MP_19,470
0,MP_19,480
0,MP_19,490
0,MP_19,500
0,MP_19,510
0,MP_19,520
0,MP_19,530
0,MP_19,540
0,MP_19,550
0,MP_19,560
0,MP_19,570
0,MP_19,580
0,MP_19,590
0,MP_19,600
0,MP_19,610
0,MP_19,620
0,MP_19,630
0,MP_19,640
0,MP_19,650
0,MP_19,660
0,MP_19,670
0,MP_19,680
0,MP_19,690
0,MP_19,700
0,MP_19,710
0,MP_19,720
0,MP_19,730
0,MP_19,740
0,MP_19,750
0,MP_19,760
0,MP_19,770
0,MP_19,780
0,MP_19,790
0,MP_19,800
0,MP_19,810
0,MP_19,820
0,MP_19,830
0,MP_19,840
0,MP_19,850
0,MP_19,860
0,MP_19,870
0,MP_19,880
0,MP_19,890
0,MP_19,900
0,MP_19,910
0,MP_19,920
0,MP_19,930
0,MP_19,940
0,MP_19,950
0,MP_19,960
0,MP_19,970
0,MP_19,980
0,MP_19,990
0,MP_19,1000
0,MP_19,1010
0,MP_19,1020
0,MP_19,1030
0,MP_19,1040
0,MP_19,1050
0,MP_19,1060
0,MP_19,1070
0,MP_19,1080
0,MP_19,1090
1,MP_19,1110
1,MP_19,1120
1,MP_19,1130
1,MP_19,1140
1,MP_19,1150
1,MP_19,1160
1,MP_19,1170
1,MP_19,1180
1,MP_19,1190
1,MP_19,1200
1,MP_19,1210
1,MP_19,1220
1,MP_19,1230
1,MP_19,1240
1,MP_19,1250
1,MP_19,1260
1,MP_19,1270
1,MP_19,1280
1,MP_19,1290
1,MP_19,1300
1,MP_19,1310
1,MP_19,1320
1,MP_19,1330
1,MP_19,1340
1,MP_19,1350
1,MP_19,1360
1,MP_19,1370
1,MP_19,1380
1,MP_19,1390
1,MP_19,1400
1,MP_19,1410
1,MP_19,1420
1,MP_19,1430
1,MP_19,1440
1,MP_19,1450
1,MP_19,1460
1,MP_19,1470
1,MP_19,1480
1,MP_19,1490
1,MP_19,1500
1,MP_19,1510
1,MP_19,1520
1,MP_19,1530
1,MP_19,1540
1,MP_19,1550
1,MP_19,1560
1,MP_19,1570
1,MP_19,1580
1,MP_19,1590
1,MP_19,1600
1,MP_19,1610
1,MP_19,1620
1,MP_19,1630
1,MP_19,1640
1,MP_19,1650
1,MP_19,1660
2,MP_19,1770
2,MP_19,1780
2,MP_19,1790
2,MP_19,1800
2,MP_19,1810
2,MP_19,1820
2,MP_19,1830
2,MP_19,1840
2,MP_19,1850
2,MP_19,1860
2,MP_19,1870
2,MP_19,1880
2,MP_19,1890
2,MP_19,1900
2,MP_19,1910
2,MP_19,1920
2,MP_19,1930
2,MP_19,1940
2,MP_19,1950
2,MP_19,1960
2,MP_19,1970
2,MP_19,1980
2,MP_19,1990
2,MP_19,2000
2,MP_19,2010
2,MP_19,2020
2,MP_19,2030
2,MP_19,2040
2,MP_19,2050
2,MP_19,2060
3,MP_19,1680
3,MP_19,1690
3,MP_19,1700
3,MP_19,1710
3,MP_19,1720
3,MP_19,1730
3,MP_19,1740
3,MP_19,1750
0,MP_20,0
0,MP_20,10
0,MP_20,20
0,MP_20,30
0,MP_20,40
0,MP_20,50
0,MP_20,60
0,MP_20,70
0,MP_20,80
0,MP_20,90
0,MP_20,100
0,MP_20,110
0,MP_20,120
0,MP_20,130
0,MP_20,140
0,MP_20,150
0,MP_20,160
0,MP_20,170
0,MP_20,180
0,MP_20,190
0,MP_20,200
0,MP_20,210
0,MP_20,220
0,MP_20,230
0,MP_20,240
0,MP_20,250
0,MP_20,260
0,MP_20,270
0,MP_20,280
0,MP_20,290
0,MP_20,300
0,MP_20,310
0,MP_20,320
0,MP_20,330
0,MP_20,340
0,MP_20,350
0,MP_20,360
0,MP_20,370
0,MP_20,380
0,MP_20,390
0,MP_20,400
0,MP_20,410
0,MP_20,420
0,MP_20,430
0,MP_20,440
0,MP_20,450
0,MP_20,460
0,MP_20,470
0,MP_20,480
0,MP_20,490
0,MP_20,500
0,MP_20,510
0,MP_20,520
0,MP_20,530
0,MP_20,540
0,MP_20,550
0,MP_20,560
0,MP_20,570
0,MP_20,580
0,MP_20,590
0,MP_20,600
0,MP_20,610
0,MP_20,620
0,MP_20,630
0,MP_20,640
0,MP_20,650
0,MP_20,660
0,MP_20,670
0,MP_20,680
0,MP_20,690
0,MP_20,700
0,MP_20,710
0,MP_20,720
0,MP_20,730
0,MP_20,740
0,MP_20,750
0,MP_20,760
0,MP_20,770
0,MP_20,780
0,MP_20,790
0,MP_20,800
0,MP_20,810
0,MP_20,820
0,MP_20,830
0,MP_20,840
0,MP_20,850
0,MP_20,860
0,MP_20,870
0,MP_20,880
0,MP_20,890
0,MP_20,900
0,MP_20,910
0,MP_20,920
0,MP_20,930
0,MP_20,940
0,MP_20,950
0,MP_20,960
0,MP_20,970
0,MP_20,980
1,MP_20,1050
1,MP_20,1060
1,MP_20,1070
1,MP_20,1080
1,MP_20,1090
1,MP_20,1100
1,MP_20,1110
1,MP_20,1120
1,MP_20,1130
1,MP_20,1140
1,MP_20,1150
1,MP_20,1160
1,MP_20,1170
1,MP_20,1180
1,MP_20,1190
1,MP_20,1200
1,MP_20,1210
1,MP_20,1220
1,MP_20,1230
1,MP_20,1240
1,MP_20,1250
1,MP_20,1260
1,MP_20,1270
1,MP_20,1280
1,MP_20,1290
1,MP_20,1300
1,MP_20,1310
1,MP_20,1320
1,MP_20,1330
1,MP_20,1340
1,MP_20,1350
1,MP_20,1360
1,MP_20,1370
1,MP_20,1380
1,MP_20,1390
1,MP_20,1400
1,MP_20,1410
1,MP_20,1420
1,MP_20,1430
1,MP_20,1440
1,MP_20,1450
1,MP_20,1460
1,MP_20,1470
1,MP_20,1480
1,MP_20,1490
1,MP_20,1500
1,MP_20,1510
1,MP_20,1520
1,MP_20,1530
1,MP_20,1540
1,MP_20,1550
1,MP_20,1560
1,MP_20,1570
1,MP_20,1580
2,MP_20,990
2,MP_20,1000
2,MP_20,1010
0,MP_21,0
0,MP_21,10
0,MP_21,20
0,MP_21,30
0,MP_21,40
0,MP_21,50
0,MP_21,60
0,MP_21,70
0,MP_21,80
0,MP_21,90
0,MP_21,100
0,MP_21,110
0,MP_21,120
0,MP_21,130
0,MP_21,140
0,MP_21,150
0,MP_21,160
0,MP_21,170
0,MP_21,180
0,MP_21,190
0,MP_21,200
0,MP_21,210
0,MP_21,220
0,MP_21,230
0,MP_21,240
0,MP_21,250
0,MP_21,260
0,MP_21,270
0,MP_21,280
0,MP_21,290
0,MP_21,300
0,MP_21,310
0,MP_21,320
0,MP_21,330
0,MP_21,340
0,MP_21,350
0,MP_21,360
0,MP_21,370
0,MP_21,380
0,MP_21,390
0,MP_21,400
0,MP_21,410
0,MP_21,420
0,MP_21,430
0,MP_21,440
0,MP_21,450
0,MP_21,460
0,MP_21,470
0,MP_21,480
0,MP_21,490
0,MP_21,500
0,MP_21,510
0,MP_21,520
0,MP_21,530
0,MP_21,540
0,MP_21,550
0,MP_21,560
0,MP_21,570
0,MP_21,580
0,MP_21,590
0,MP_21,600
0,MP_21,610
0,MP_21,620
0,MP_21,630
0,MP_21,640
0,MP_21,650
0,MP_21,660
0,MP_21,670
0,MP_21,680
0,MP_21,690
0,MP_21,700
0,MP_21,710
0,MP_21,720
0,MP_21,730
0,MP_21,740
0,MP_21,750
0,MP_21,760
0,MP_21,770
0,MP_21,780
0,MP_21,790
0,MP_21,800
0,MP_21,810
0,MP_21,820
0,MP_21,830
0,MP_21,840
0,MP_21,850
0,MP_21,860
0,MP_21,870
0,MP_21,880
0,MP_21,890
0,MP_21,900
0,MP_21,910
0,MP_21,920
0,MP_21,930
0,MP_21,940
0,MP_21,950
0,MP_21,960
0,MP_21,970
0,MP_21,980
0,MP_21,990
0,MP_21,1000
0,MP_21,1010
0,MP_21,1020
0,MP_21,1030
0,MP_21,1040
0,MP_21,1050
0,MP_21,1060
0,MP_21,1070
0,MP_21,1080
0,MP_21,1090
0,MP_21,1100
0,MP_21,1110
0,MP_21,1120
0,MP_21,1130
0,MP_21,1140
0,MP_21,1150
0,MP_21,1160
0,MP_21,1170
0,MP_21,1180
0,MP_21,1190
0,MP_21,1200
0,MP_21,1210
0,MP_21,1220
0,MP_21,1230
0,MP_21,1240
0,MP_21,1250
0,MP_21,1260
0,MP_21,1270
0,MP_21,1280
0,MP_21,1290
0,MP_21,1300
0,MP_21,1310
0,MP_21,1320
0,MP_21,1330
0,MP_21,1340
0,MP_21,1350
0,MP_21,1360
0,MP_21,1370
0,MP_21,1380
0,MP_21,1390
0,MP_21,1400
0,MP_21,1410
0,MP_21,1420
0,MP_21,1430
0,MP_21,1440
0,MP_21,1450
0,MP_21,1460
0,MP_21,1470
0,MP_21,1480
0,MP_21,1490
0,MP_21,1500
0,MP_21,1510
0,MP_21,1520
0,MP_21,1530
0,MP_21,1540
0,MP_21,1550
0,MP_21,1560
0,MP_21,1570
0,MP_21,1580
0,MP_21,1590
0,MP_21,1600
0,MP_21,1610
0,MP_21,1620
0,MP_21,1630
0,MP_21,1640
0,MP_21,1650
0,MP_21,1660
0,MP_21,1670
0,MP_21,1680
0,MP_21,1690
0,MP_21,1700
0,MP_21,1710
0,MP_21,1720
0,MP_21,1730
0,MP_21,1740
0,MP_21,1750
0,MP_21,1760
0,MP_21,1770
0,MP_21,1780
0,MP_21,1790
0,MP_21,1800
0,MP_21,1810
0,MP_21,1820
1,MP_21,1950
1,MP_21,1960
1,MP_21,1970
1,MP_21,1980
1,MP_21,1990
1,MP_21,2000
1,MP_21,2010
1,MP_21,2020
1,MP_21,2030
1,MP_21,2040
1,MP_21,2050
1,MP_21,2060
1,MP_21,2070
1,MP_21,2080
1,MP_21,2090
1,MP_21,2100
1,MP_21,2110
1,MP_21,2120
1,MP_21,2130
1,MP_21,2140
1,MP_21,2150
1,MP_21,2160
1,MP_21,2170
1,MP_21,2180
1,MP_21,2190
1,MP_21,2200
1,MP_21,2210
1,MP_21,2220
1,MP_21,2230
1,MP_21,2240
1,MP_21,2250
1,MP_21,2260
1,MP_21,2270
1,MP_21,2280
1,MP_21,2290
1,MP_21,2300
1,MP_21,2310
1,MP_21,2320
1,MP_21,2330
1,MP_21,2340
1,MP_21,2350
1,MP_21,2360
1,MP_21,2370
1,MP_21,2380
1,MP_21,2390
1,MP_21,2400
1,MP_21,2410
1,MP_21,2420
1,MP_21,2430
1,MP_21,2440
1,MP_21,2450
1,MP_21,2460
1,MP_21,2470
1,MP_21,2480
1,MP_21,2490
1,MP_21,2500
1,MP_21,2510
1,MP_21,2520
1,MP_21,2530
1,MP_21,2540
1,MP_21,2550
1,MP_21,2560
1,MP_21,2570
1,MP_21,2580
1,MP_21,2590
1,MP_21,2600
1,MP_21,2610
1,MP_21,2620
1,MP_21,2630
1,MP_21,2640
1,MP_21,2650
1,MP_21,2660
1,MP_21,2670
1,MP_21,2680
1,MP_21,2690
1,MP_21,2700
1,MP_21,2710
1,MP_21,2720
1,MP_21,2730
1,MP_21,2740
1,MP_21,2750
1,MP_21,2760
1,MP_21,2770
1,MP_21,2780
1,MP_21,2790
1,MP_21,2800
1,MP_21,2810
1,MP_21,2820
1,MP_21,2830
1,MP_21,2840
1,MP_21,2850
1,MP_21,2860
1,MP_21,2870
1,MP_21,2880
1,MP_21,2890
1,MP_21,2900
1,MP_21,2910
1,MP_21,2920
1,MP_21,2930
1,MP_21,2940
1,MP_21,2950
1,MP_21,2960
1,MP_21,2970
1,MP_21,2980
1,MP_21,2990
1,MP_21,3000
1,MP_21,3010
1,MP_21,3020
1,MP_21,3030
1,MP_21,3040
1,MP_21,3050
1,MP_21,3060
1,MP_21,3070
1,MP_21,3080
1,MP_21,3090
1,MP_21,3100
1,MP_21,3110
1,MP_21,3120
1,MP_21,3130
1,MP_21,3140
1,MP_21,3150
1,MP_21,3160
1,MP_21,3170
1,MP_21,3180
1,MP_21,3190
1,MP_21,3250
1,MP_21,3260
1,MP_21,3270
1,MP_21,3280
1,MP_21,3290
1,MP_21,3300
1,MP_21,3310
1,MP_21,3320
1,MP_21,3330
1,MP_21,3340
1,MP_21,3350
1,MP_21,3360
1,MP_21,3370
1,MP_21,3380
1,MP_21,3390
1,MP_21,3400
1,MP_21,3410
1,MP_21,3420
1,MP_21,3430
1,MP_21,3440
1,MP_21,3450
1,MP_21,3460
1,MP_21,3470
1,MP_21,3480
2,MP_21,3210
2,MP_21,3220
2,MP_21,3230
0,VID_20250114_112800,0
0,VID_20250114_112800,10
0,VID_20250114_112800,20
0,VID_20250114_112800,30
0,VID_20250114_112800,40
0,VID_20250114_112800,50
0,VID_20250114_112800,60
0,VID_20250114_112800,70
0,VID_20250114_112800,80
0,VID_20250114_112800,90
0,VID_20250114_112800,100
0,VID_20250114_112800,110
0,VID_20250114_112800,120
0,VID_20250114_112800,130
0,VID_20250114_112800,140
0,VID_20250114_112800,150
0,VID_20250114_112800,160
0,VID_20250114_112800,170
0,VID_20250114_112800,180
0,VID_20250114_112800,190
0,VID_20250114_112800,200
0,VID_20250114_112800,210
0,VID_20250114_112800,220
0,VID_20250114_112800,230
0,VID_20250114_112800,240
0,VID_20250114_112800,250
0,VID_20250114_112800,260
0,VID_20250114_112800,270
0,VID_20250114_112800,280
0,VID_20250114_112800,290
0,VID_20250114_112800,300
0,VID_20250114_112800,310
0,VID_20250114_112800,320
0,VID_20250114_112800,330
0,VID_20250114_112800,340
0,VID_20250114_112800,350
0,VID_20250114_112800,360
0,VID_20250114_112800,370
0,VID_20250114_112800,380
0,VID_20250114_112800,390
0,VID_20250114_112800,400
0,VID_20250114_112800,410
0,VID_20250114_112800,420
0,VID_20250114_112800,430
0,VID_20250114_112800,440
0,VID_20250114_112800,450
0,VID_20250114_112800,460
0,VID_20250114_112800,470
0,VID_20250114_112800,480
0,VID_20250114_112800,490
0,VID_20250114_112800,500
0,VID_20250114_112800,510
0,VID_20250114_112800,520
0,VID_20250114_112800,530
0,VID_20250114_112800,540
0,VID_20250114_112800,550
0,VID_20250114_112800,560
0,VID_20250114_112800,570
0,VID_20250114_112800,580
0,VID_20250114_112800,590
0,VID_20250114_112800,600
0,VID_20250114_112800,610
0,VID_20250114_112800,620
0,VID_20250114_112800,630
0,VID_20250114_112800,640
0,VID_20250114_112800,650
0,VID_20250114_112800,660
0,VID_20250114_112800,670
0,VID_20250114_112800,680
0,VID_20250114_112800,690
0,VID_20250114_112800,700
0,VID_20250114_112800,710
0,VID_20250114_112800,720
0,VID_20250114_112800,730
0,VID_20250114_112800,740
0,VID_20250114_112800,750
0,VID_20250114_112800,760
0,VID_20250114_112800,770
0,VID_20250114_112800,780
0,VID_20250114_112800,790
0,VID_20250114_112800,800
0,VID_20250114_112800,810
0,VID_20250114_112800,820
0,VID_20250114_112800,830
0,VID_20250114_112800,840
0,VID_20250114_112800,850
0,VID_20250114_112800,860
0,VID_20250114_112800,870
0,VID_20250114_112800,880
0,VID_20250114_112800,890
0,VID_20250114_112800,900
0,VID_20250114_112800,910
0,VID_20250114_112800,920
0,VID_20250114_112800,930
0,VID_20250114_112800,940
0,VID_20250114_112800,950
0,VID_20250114_112800,960
0,VID_20250114_112800,970
0,VID_20250114_112800,980
0,VID_20250114_112800,990
0,VID_20250114_112800,1000
0,VID_20250114_112800,1010
0,VID_20250114_112800,1020
0,VID_20250114_112800,1030
0,VID_20250114_112800,1040
0,VID_20250114_112800,1050
0,VID_20250114_112800,1060
0,VID_20250114_112800,1070
0,VID_20250114_112800,1080
0,VID_20250114_112800,1090
0,VID_20250114_112800,1100
0,VID_20250114_112800,1110
0,VID_20250114_112800,1120
0,VID_20250114_112800,1130
0,VID_20250114_112800,1140
0,VID_20250114_112800,1150
0,VID_20250114_112800,1160
0,VID_20250114_112800,1170
0,VID_20250114_112800,1180
0,VID_20250114_112800,1190
0,VID_20250114_112800,1200
0,VID_20250114_112800,1210
0,VID_20250114_112800,1220
0,VID_20250114_112800,1230
0,VID_20250114_112800,1240
0,VID_20250114_112800,1250
0,VID_20250114_112800,1260
0,VID_20250114_112800,1270
0,VID_20250114_112800,1280
0,VID_20250114_112800,1290
0,VID_20250114_112800,1300
0,VID_20250114_112800,1310
0,VID_20250114_112800,1320
0,VID_20250114_112800,1330
0,VID_20250114_112800,1340
0,VID_20250114_112800,1350
0,VID_20250114_112800,1360
0,VID_20250114_112800,1370
0,VID_20250114_112800,1380
0,VID_20250114_112800,1390
0,VID_20250114_112800,1400
0,VID_20250114_112800,1410
0,VID_20250114_112800,1420
0,VID_20250114_112800,1430
0,VID_20250114_112800,1440
0,VID_20250114_112800,1450
0,VID_20250114_112800,1460
0,VID_20250114_112800,1470
0,VID_20250114_112800,1480
0,VID_20250114_112800,1490
0,VID_20250114_112800,1500
0,VID_20250114_112800,1510
0,VID_20250114_112800,1520
0,VID_20250114_112800,1530
0,VID_20250114_112800,1540
0,VID_20250114_112800,1550
0,VID_20250114_112800,1560
0,VID_20250114_112800,1570
0,VID_20250114_112800,1580
0,VID_20250114_112800,1590
0,VID_20250114_112800,1600
0,VID_20250114_112800,1610
0,VID_20250114_112800,1620
0,VID_20250114_112800,1630
0,VID_20250114_112800,1640
0,VID_20250114_112800,1650
0,VID_20250114_112800,1660
0,VID_20250114_112800,1670
0,VID_20250114_112800,1680
0,VID_20250114_112800,1690
0,VID_20250114_112800,1700
0,VID_20250114_112800,1710
0,VID_20250114_112800,1720
0,VID_20250114_112800,1730
0,VID_20250114_112800,1740
0,VID_20250114_112800,1750
0,VID_20250114_112800,1760
0,VID_20250114_112800,1770
0,VID_20250114_112800,1780
0,VID_20250114_112800,1790
0,VID_20250114_112800,1800
0,VID_20250114_112800,1810
0,VID_20250114_112800,1820
0,VID_20250114_112800,1830
0,VID_20250114_112800,1840
0,VID_20250114_112800,1850
0,VID_20250114_112800,1860
0,VID_20250114_112800,1870
0,VID_20250114_112800,1880
0,VID_20250114_112800,1890
0,VID_20250114_112800,1900
0,VID_20250114_112800,1910
0,VID_20250114_112800,1920
0,VID_20250114_112800,1930
0,VID_20250114_112800,1940
0,VID_20250114_112800,1950
0,VID_20250114_112800,1960
0,VID_20250114_112800,1970
0,VID_20250114_112800,1980
0,VID_20250114_112800,1990
0,VID_20250114_112800,2000
0,VID_20250114_112800,2010
0,VID_20250114_112800,2020
0,VID_20250114_112800,2030
0,VID_20250114_112800,2040
0,VID_20250114_112800,2050
0,VID_20250114_112800,2060
0,VID_20250114_112800,2070
0,VID_20250114_112800,2080
0,VID_20250114_112800,2090
0,VID_20250114_112800,2100
0,VID_20250114_112800,2110
0,VID_20250114_112800,2120
0,VID_20250114_112800,2130
0,VID_20250114_112800,2140
0,VID_20250114_112800,2150
0,VID_20250114_112800,2160
0,VID_20250114_112800,2170
0,VID_20250114_112800,2180
0,VID_20250114_112800,2190
0,VID_20250114_112800,2200
0,VID_20250114_112800,2210
0,VID_20250114_112800,2220
0,VID_20250114_112800,2230
0,VID_20250114_112800,2240
0,VID_20250114_112800,2250
0,VID_20250114_112800,2260
0,VID_20250114_112800,2270
0,VID_20250114_112800,2280
0,VID_20250114_112800,2290
0,VID_20250114_112800,2300
0,VID_20250114_112800,2310
0,VID_20250114_112800,2320
0,VID_20250114_112800,2330
0,VID_20250114_112800,2340
0,VID_20250114_112800,2350
0,VID_20250114_112800,2360
0,VID_20250114_112800,2370
0,VID_20250114_112800,2380
0,VID_20250114_112800,2390
0,VID_20250114_112800,2400
0,VID_20250114_112800,2410
0,VID_20250114_112800,2420
0,VID_20250114_112800,2430
0,VID_20250114_112800,2440
0,VID_20250114_112800,2450
0,VID_20250114_112800,2460
0,VID_20250114_112800,2470
0,VID_20250114_112800,2480
0,VID_20250114_112800,2490
0,VID_20250114_112800,2500
0,VID_20250114_112800,2510
0,VID_20250114_112800,2520
0,VID_20250114_112800,2530
0,VID_20250114_112800,2540
0,VID_20250114_112800,2550
0,VID_20250114_112800,2560
0,VID_20250114_112800,2570
0,VID_20250114_112800,2580
0,VID_20250114_112800,2590
0,VID_20250114_112800,2600
0,VID_20250114_112800,2610
0,VID_20250114_112800,2620
0,VID_20250114_112800,2630
0,VID_20250114_112800,2640
0,VID_20250114_112800,2650
0,VID_20250114_112800,2660
0,VID_20250114_112800,2670
0,VID_20250114_112800,2680
0,VID_20250114_112800,2690
0,VID_20250114_112800,2700
0,VID_20250114_112800,2710
0,VID_20250114_112800,2720
0,VID_20250114_112800,2730
0,VID_20250114_112800,2740
0,VID_20250114_112800,2750
0,VID_20250114_112800,2760
0,VID_20250114_112800,2770
0,VID_20250114_112800,2780
0,VID_20250114_112800,2790
0,VID_20250114_112800,2800
0,VID_20250114_112800,2810
0,VID_20250114_112800,2820
0,VID_20250114_112800,2830
0,VID_20250114_112800,2840
0,VID_20250114_112800,2850
0,VID_20250114_112800,2860
0,VID_20250114_112800,2870
0,VID_20250114_112800,2880
0,VID_20250114_112800,2890
0,VID_20250114_112800,2900
0,VID_20250114_112800,2910
0,VID_20250114_112800,2920
0,VID_20250114_112800,2930
0,VID_20250114_112800,2940
0,VID_20250114_112800,2950
0,VID_20250114_112800,2960
0,VID_20250114_112800,2970
0,VID_20250114_112800,2980
0,VID_20250114_112800,2990
0,VID_20250114_112800,3000
0,VID_20250114_112800,3010
0,VID_20250114_112800,3020
0,VID_20250114_112800,3030
0,VID_20250114_112800,3040
0,VID_20250114_112800,3050
0,VID_20250114_112800,3060
0,VID_20250114_112800,3070
0,VID_20250114_112800,3080
0,VID_20250114_112800,3090
0,VID_20250114_112800,3100
0,VID_20250114_112800,3110
0,VID_20250114_112800,3120
0,VID_20250114_112800,3130
0,VID_20250114_112800,3140
0,VID_20250114_112800,3150
0,VID_20250114_112800,3160
0,VID_20250114_112800,3170
0,VID_20250114_112800,3180
0,VID_20250114_112800,3190
0,VID_20250114_112800,3200
0,VID_20250114_112800,3210
0,VID_20250114_112800,3220
0,VID_20250114_112800,3230
0,VID_20250114_112800,3240
0,VID_20250114_112800,3250
0,VID_20250114_112800,3260
0,VID_20250114_112800,3270
0,VID_20250114_112800,3280
0,VID_20250114_112800,3290
0,VID_20250114_112800,3300
0,VID_20250114_112800,3310
0,VID_20250114_112800,3320
0,VID_20250114_112800,3330
0,VID_20250114_112800,3340
0,VID_20250114_112800,3350
0,VID_20250114_112800,3360
0,VID_20250114_112800,3370
0,VID_20250114_112800,3380
0,VID_20250114_112800,3390
0,VID_20250114_112800,3400
0,VID_20250114_112800,3410
0,VID_20250114_112800,3420
0,VID_20250114_112800,3430
0,VID_20250114_112800,3440
0,VID_20250114_112800,3450
0,VID_20250114_112800,3460
0,VID_20250114_112800,3470
0,VID_20250114_112800,3480
0,VID_20250114_112800,3490
0,VID_20250114_112800,3500
0,VID_20250114_112800,3510
0,VID_20250114_112800,3520
0,VID_20250114_112800,3530
0,VID_20250114_112800,3540
0,VID_20250114_112800,3550
0,VID_20250114_112800,3560
0,VID_20250114_112800,3570
0,VID_20250114_112800,3580
0,VID_20250114_112800,3590
0,VID_20250114_112800,3600
0,VID_20250114_112800,3610
0,VID_20250114_112800,3620
0,VID_20250114_112800,3630
0,VID_20250114_112800,3640
0,VID_20250114_112800,3650
0,VID_20250114_112800,3660
0,VID_20250114_112800,3670
0,VID_20250114_112800,3680
0,VID_20250114_112800,3690
0,VID_20250114_112800,3700
0,VID_20250114_112800,3710
0,VID_20250114_112800,3720
0,VID_20250114_112800,3730
0,VID_20250114_112800,3740
0,VID_20250114_112800,3750
0,VID_20250114_112800,3760
0,VID_20250114_112800,3770
0,VID_20250114_112800,3780
0,VID_20250114_112800,3790
0,VID_20250114_112800,3800
0,VID_20250114_112800,3810
0,VID_20250114_112800,3820
0,VID_20250114_112800,3830
0,VID_20250114_112800,3840
0,VID_20250114_112800,3850
0,VID_20250114_112800,3860
0,VID_20250114_112800,3870
0,VID_20250114_112800,3880
0,VID_20250114_112800,3890
0,VID_20250114_112800,3900
0,VID_20250114_112800,3910
0,VID_20250114_112800,3920
0,VID_20250114_112800,3930
0,VID_20250114_112800,3940
0,VID_20250114_112800,3950
0,VID_20250114_112800,3960
0,VID_20250114_112800,3970
0,VID_20250114_112800,3980
0,VID_20250114_112800,3990
0,VID_20250114_112800,4000
0,VID_20250114_112800,4010
0,VID_20250114_112800,4020
0,VID_20250114_112800,4030
0,VID_20250114_112800,4040
0,VID_20250114_112800,4050
0,VID_20250114_112800,4060
0,VID_20250114_112800,4070
0,VID_20250114_112800,4080
0,VID_20250114_112800,4090
0,VID_20250114_112800,4100
0,VID_20250114_112800,4110
0,VID_20250114_112800,4120
0,VID_20250114_112800,4130
0,VID_20250114_112800,4140
0,VID_20250114_112800,4150
0,VID_20250114_112800,4160
0,VID_20250114_112800,4170
0,VID_20250114_112800,4180
0,VID_20250114_112800,4190
0,VID_20250114_112800,4200
0,VID_20250114_112800,4210
0,VID_20250114_112800,4220
0,VID_20250114_112800,4230
0,VID_20250114_112800,4240
0,VID_20250114_112800,4250
0,VID_20250114_112800,4260
0,VID_20250114_112800,4270
0,VID_20250114_112800,4280
0,VID_20250114_112800,4290
0,VID_20250114_112800,4300
0,VID_20250114_112800,4310
0,VID_20250114_112800,4320
0,VID_20250114_112800,4330
0,VID_20250114_112800,4340
0,VID_20250114_112800,4350
0,VID_20250114_112800,4360
0,VID_20250114_112800,4370
0,VID_20250114_112800,4380
0,VID_20250114_112800,4390
0,VID_20250114_112800,4400
0,VID_20250114_112800,4410
0,VID_20250114_112800,4420
0,VID_20250114_112800,4430
0,VID_20250114_112800,4440
0,VID_20250114_112800,4450
0,VID_20250114_112800,4460
0,VID_20250114_112800,4470
0,VID_20250114_112800,4480
0,VID_20250114_112800,4490
0,VID_20250114_112800,4500
0,VID_20250114_112800,4510
0,VID_20250114_112800,4520
0,VID_20250114_112800,4530
0,VID_20250114_112800,4540
0,VID_20250114_112800,4550
0,VID_20250114_112800,4560
0,VID_20250114_112800,4570
0,VID_20250114_112800,4580
0,VID_20250114_112800,4590
0,VID_20250114_112800,4600
0,VID_20250114_112800,4610
0,VID_20250114_112800,4620
0,VID_20250114_112800,4630
0,VID_20250114_112800,4640
0,VID_20250114_112800,4650
0,VID_20250114_112800,4660
0,VID_20250114_112800,4670
0,VID_20250114_112800,4680
0,VID_20250114_112800,4690
0,VID_20250114_112800,4700
0,VID_20250114_112800,4710
0,VID_20250114_112800,4720
0,VID_20250114_112800,4730
0,VID_20250114_112800,4740
0,VID_20250114_112800,4750
0,VID_20250114_112800,4760
0,VID_20250114_112800,4770
0,VID_20250114_112800,4780
0,VID_20250114_112800,4790
0,VID_20250114_112800,4800
0,VID_20250114_112800,4810
0,VID_20250114_112800,4820
0,VID_20250114_112800,4830
0,VID_20250114_112800,4840
0,VID_20250114_112800,4850
0,VID_20250114_112800,4860
0,VID_20250114_112800,4870
0,VID_20250114_112800,4880
0,VID_20250114_112800,4890
0,VID_20250114_112800,4900
0,VID_20250114_112800,4910
0,VID_20250114_112800,4920
0,VID_20250114_112800,4930
0,VID_20250114_112800,4940
0,VID_20250114_112800,4950
0,VID_20250114_112800,4960
0,VID_20250114_112800,4970
0,VID_20250114_112800,4980
0,VID_20250114_112800,4990
0,VID_20250114_112800,5000
0,VID_20250114_112800,5010
0,VID_20250114_112800,5020
0,VID_20250114_112800,5030
0,VID_20250114_112800,5040
0,VID_20250114_112800,5050
0,VID_20250114_112800,5060
0,VID_20250114_112800,5070
0,VID_20250114_112800,5080
0,VID_20250114_112800,5090
0,VID_20250114_112800,5100
0,VID_20250114_112800,5110
0,VID_20250114_112800,5120
0,VID_20250114_112800,5130
0,VID_20250114_112800,5140
0,VID_20250114_112800,5150
0,VID_20250114_112800,5160
0,VID_20250114_112800,5170
0,VID_20250114_112800,5180
0,VID_20250114_112800,5190
0,VID_20250114_112800,5200
0,VID_20250114_112800,5210
0,VID_20250114_112800,5220
0,VID_20250114_112800,5230
0,VID_20250114_112800,5240
0,VID_20250114_112800,5250
0,VID_20250114_112800,5260
0,VID_20250114_112800,5270
0,VID_20250114_112800,5280
0,VID_20250114_112800,5290
0,VID_20250114_112800,5300
0,VID_20250114_112800,5310
0,VID_20250114_112800,5320
0,VID_20250114_112800,5330
0,VID_20250114_112800,5340
0,VID_20250114_112800,5350
0,VID_20250114_112800,5360
0,VID_20250114_112800,5370
0,VID_20250114_112800,5380
0,VID_20250114_112800,5390
0,VID_20250114_112800,5400
0,VID_20250114_112800,5410
0,VID_20250114_112800,5420
0,VID_20250114_112800,5430
0,VID_20250114_112800,5440
0,VID_20250114_112800,5450
0,VID_20250114_112800,5460
0,VID_20250114_112800,5470
0,VID_20250114_112800,5480
0,VID_20250114_112800,5490
0,VID_20250114_112800,5500
0,VID_20250114_112800,5510
0,VID_20250114_112800,5520
0,VID_20250114_112800,5530
0,VID_20250114_112800,5540
0,VID_20250114_112800,5550
0,VID_20250114_112800,5560
0,VID_20250114_112800,5570
0,VID_20250114_112800,5580
0,VID_20250114_112800,5590
0,VID_20250114_112800,5600
0,VID_20250114_112800,5610
0,VID_20250114_112800,5620
0,VID_20250114_112800,5630
0,VID_20250114_112800,5640
0,VID_20250114_112800,5650
0,VID_20250114_112800,5660
0,VID_20250114_112800,5670
0,VID_20250114_112800,5680
0,VID_20250114_112800,5690
0,VID_20250114_112800,5700
0,VID_20250114_112800,5710
0,VID_20250114_112800,5720
0,VID_20250114_112800,5730
0,VID_20250114_112800,5740
0,VID_20250114_112800,5750
0,VID_20250114_112800,5760
0,VID_20250114_112800,5770
0,VID_20250114_112800,5780
0,VID_20250114_112800,5790
0,VID_20250114_112800,5800
0,VID_20250114_112800,5810
0,VID_20250114_112800,5820
0,VID_20250114_112800,5830
0,VID_20250114_112800,5840
0,VID_20250114_112800,5850
0,VID_20250114_112800,5860
0,VID_20250114_112800,5870
0,VID_20250114_112800,5880
0,VID_20250114_112800,5890
0,VID_20250114_112800,5900
0,VID_20250114_112800,5910
0,VID_20250114_112800,5920
0,VID_20250114_112800,5930
0,VID_20250114_112800,5940
0,VID_20250114_112800,5950
0,VID_20250114_112800,5960
0,VID_20250114_112800,5970
0,VID_20250114_112800,5980
0,VID_20250114_112800,5990
0,VID_20250114_112800,6000
0,VID_20250114_112800,6010
0,VID_20250114_112800,6020
0,VID_20250114_112800,6030
0,VID_20250114_112800,6040
0,VID_20250114_112800,6050
0,VID_20250114_112800,6060
0,VID_20250114_112800,6070
0,VID_20250114_112800,6080
0,VID_20250114_112800,6090
0,VID_20250114_112800,6100
0,VID_20250114_112800,6110
0,VID_20250114_112800,6120
0,VID_20250114_112800,6130
0,VID_20250114_112800,6140
0,VID_20250114_112800,6150
0,VID_20250114_112800,6160
0,VID_20250114_112800,6170
0,VID_20250114_112800,6180
0,VID_20250114_112800,6190
0,VID_20250114_112800,6200
0,VID_20250114_112800,6210
0,VID_20250114_112800,6220
0,VID_20250114_112800,6230
0,VID_20250114_112800,6240
0,VID_20250114_112800,6250
0,VID_20250114_112800,6260
0,VID_20250114_112800,6270
0,VID_20250114_112800,6280
0,VID_20250114_112800,6290
0,VID_20250114_112800,6300
0,VID_20250114_112800,6310
0,VID_20250114_112800,6320
0,VID_20250114_112800,6330
0,VID_20250114_112800,6340
0,VID_20250114_112800,6350
0,VID_20250114_112800,6360
0,VID_20250114_112800,6370
0,VID_20250114_112800,6380
0,VID_20250114_112800,6390
0,VID_20250114_112800,6400
0,VID_20250114_112800,6410
0,VID_20250114_112800,6420
0,VID_20250114_112800,6430
0,VID_20250114_112800,6440
0,VID_20250114_112800,6450
0,VID_20250114_112800,6460
0,VID_20250114_112800,6470
0,VID_20250114_112800,6480
0,VID_20250114_112800,6490
0,VID_20250114_112800,6500
0,VID_20250114_112800,6510
0,VID_20250114_112800,6520
0,VID_20250114_112800,6530
0,VID_20250114_112800,6540
0,VID_20250114_112800,6550
0,VID_20250114_112800,6560
0,VID_20250114_112800,6570
0,VID_20250114_112800,6580
0,VID_20250114_112800,6590
0,VID_20250114_112800,6600
0,VID_20250114_112800,6610
0,VID_20250114_112800,6620
0,VID_20250114_112800,6630
0,VID_20250114_112800,6640
0,VID_20250114_112800,6650
0,VID_20250114_112800,6660
0,VID_20250114_112800,6670
0,VID_20250114_112800,6680
0,VID_20250114_112800,6690
0,VID_20250114_112800,6700
0,VID_20250114_112800,6710
0,VID_20250114_112800,6720
0,VID_20250114_112800,6730
0,VID_20250114_112800,6740
0,VID_20250114_112800,6750
0,VID_20250114_112800,6760
0,VID_20250114_112800,6770
0,VID_20250114_112800,6780
0,VID_20250114_112800,6790
0,VID_20250114_112800,6800
0,VID_20250114_112800,6810
0,VID_20250114_112800,6820
0,VID_20250114_112800,6830
0,VID_20250114_112800,6840
0,VID_20250114_112800,6850
0,VID_20250114_112800,6860
0,VID_20250114_112800,6870
0,VID_20250114_112800,6880
0,VID_20250114_112800,6890
0,VID_20250114_112800,6900
0,VID_20250114_112800,6910
0,VID_20250114_112800,6920
0,VID_20250114_112800,6930
0,VID_20250114_112800,6940
0,VID_20250114_112800,6950
0,VID_20250114_112800,6960
0,VID_20250114_112800,6970
0,VID_20250114_112800,6980
0,VID_20250114_112800,6990
0,VID_20250114_112800,7000
0,VID_20250114_112800,7010
0,VID_20250114_112800,7020
0,VID_20250114_112800,7030
0,VID_20250114_112800,7040
0,VID_20250114_112800,7050
0,VID_20250114_112800,7060
0,VID_20250114_112800,7070
0,VID_20250114_112800,7080
0,VID_20250114_112800,7090
0,VID_20250114_112800,7100
0,VID_20250114_112800,7110
0,VID_20250114_112800,7120
0,VID_20250114_112800,7130
0,VID_20250114_112800,7140
0,VID_20250114_112800,7150
0,VID_20250114_112800,7160
0,VID_20250114_112800,7170
0,VID_20250114_112800,7180
0,VID_20250114_112800,7190
0,VID_20250114_112800,7200
0,VID_20250114_112800,7210
0,VID_20250114_112800,7220
0,VID_20250114_112800,7230
0,VID_20250114_112800,7240
0,VID_20250114_112800,7250
0,VID_20250114_112800,7260
0,VID_20250114_112800,7270
0,VID_20250114_112800,7280
0,VID_20250114_112800,7290
0,VID_20250114_112800,7300
0,VID_20250114_112800,7310
0,VID_20250114_112800,7320
0,VID_20250114_112800,7330
0,VID_20250114_112800,7340
0,VID_20250114_112800,7350
0,VID_20250114_112800,7360
0,VID_20250114_112800,7370
0,VID_20250114_112800,7380
0,VID_20250114_112800,7390
0,VID_20250114_112800,7400
0,VID_20250114_112800,7410
0,VID_20250114_112800,7420
0,VID_20250114_112800,7430
0,VID_20250114_112800,7440
0,VID_20250114_112800,7450
0,VID_20250114_112800,7460
0,VID_20250114_112800,7470
0,VID_20250114_112800,7480
0,VID_20250114_112800,7490
0,VID_20250114_112800,7500
0,VID_20250114_112800,7510
0,VID_20250114_112800,7520
0,VID_20250114_112800,7530
0,VID_20250114_112800,7540
0,VID_20250114_112800,7550
0,VID_20250114_112800,7560
0,VID_20250114_112800,7570
0,VID_20250114_112800,7580
0,VID_20250114_112800,7590
0,VID_20250114_112800,7600
0,VID_20250114_112800,7610
0,VID_20250114_112800,7620
0,VID_20250114_112800,7630
0,VID_20250114_112800,7640
0,VID_20250114_112800,7650
0,VID_20250114_112800,7660
0,VID_20250114_112800,7670
0,VID_20250114_112800,7680
0,VID_20250114_112800,7690
0,VID_20250114_112800,7700
0,VID_20250114_112800,7710
0,VID_20250114_112800,7720
0,VID_20250114_112800,7730
0,VID_20250114_112800,7740
0,VID_20250114_112800,7750
0,VID_20250114_112800,7760
0,VID_20250114_112800,7770
0,VID_20250114_112800,7780
0,VID_20250114_112800,7790
0,VID_20250114_112800,7800
0,VID_20250114_112800,7810
0,VID_20250114_112800,7820
0,VID_20250114_112800,7830
0,VID_20250114_112800,7840
0,VID_20250114_112800,7850
0,VID_20250114_112800,7860
0,VID_20250114_112800,7870
0,VID_20250114_112800,7880
0,VID_20250114_112800,7890
0,VID_20250114_112800,7900
0,VID_20250114_112800,7910
0,VID_20250114_112800,7920
0,VID_20250114_112800,7930
0,VID_20250114_112800,7940
0,VID_20250114_112800,7950
0,VID_20250114_112800,7960
0,VID_20250114_112800,7970
0,VID_20250114_112800,7980
0,VID_20250114_112800,7990
0,VID_20250114_112800,8000
0,VID_20250114_112800,8010
0,VID_20250114_112800,8020
0,VID_20250114_112800,8030
0,VID_20250114_112800,8040
0,VID_20250114_112800,8050
0,VID_20250114_112800,8060
0,VID_20250114_112800,8070
0,VID_20250114_112800,8080
0,VID_20250114_112800,8090
0,VID_20250114_112800,8100
0,VID_20250114_112800,8110
0,VID_20250114_112800,8120
0,VID_20250114_112800,8130
0,VID_20250114_112800,8140
0,VID_20250114_112800,8150
0,VID_20250114_112800,8160
0,VID_20250114_112800,8170
0,VID_20250114_112800,8180
0,VID_20250114_112800,8190
0,VID_20250114_112800,8200
0,VID_20250114_112800,8210
0,VID_20250114_112800,8220
0,VID_20250114_112800,8230
0,VID_20250114_112800,8240
0,VID_20250114_112800,8250
0,VID_20250114_112800,8260
0,VID_20250114_112800,8270
0,VID_20250114_112800,8280
0,VID_20250114_112800,8290
0,VID_20250114_112800,8300
0,VID_20250114_112800,8310
0,VID_20250114_112800,8320
0,VID_20250114_112800,8330
0,VID_20250114_112800,8340
0,VID_20250114_112800,8350
0,VID_20250114_112800,8360
0,VID_20250114_112800,8370
0,VID_20250114_112800,8380
0,VID_20250114_112800,8390
0,VID_20250114_112800,8400
0,VID_20250114_112800,8410
0,VID_20250114_112800,8420
0,VID_20250114_112800,8430
0,VID_20250114_112800,8440
0,VID_20250114_112800,8450
0,VID_20250114_112800,8460
0,VID_20250114_112800,8470
0,VID_20250114_112800,8480
0,VID_20250114_112800,8490
0,VID_20250114_112800,8500
0,VID_20250114_112800,8510
0,VID_20250114_112800,8520
0,VID_20250114_112800,8530
0,VID_20250114_112800,8540
0,VID_20250114_112800,8550
0,VID_20250114_112800,8560
0,VID_20250114_112800,8570
0,VID_20250114_112800,8580
0,VID_20250114_112800,8590
0,VID_20250114_112800,8600
0,VID_20250114_112800,8610
0,VID_20250114_112800,8620
0,VID_20250114_112800,8630
0,VID_20250114_112800,8640
0,VID_20250114_112800,8650
0,VID_20250114_112800,8660
0,VID_20250114_112800,8670
0,VID_20250114_112800,8680
0,VID_20250114_112800,8690
0,VID_20250114_112800,8700
0,VID_20250114_112800,8710
0,VID_20250114_112800,8720
0,VID_20250114_112800,8730
0,VID_20250114_112800,8740
0,VID_20250114_112800,8750
0,VID_20250114_112800,8760
0,VID_20250114_112800,8770
0,VID_20250114_112800,8780
0,VID_20250114_112800,8790
0,VID_20250114_112800,8800
0,VID_20250114_112800,8810
0,VID_20250114_112800,8820
0,VID_20250114_112800,8830
0,VID_20250114_112800,8840
0,VID_20250114_112800,8850
0,VID_20250114_112800,8860
0,VID_20250114_112800,8870
0,VID_20250114_112800,8880
0,VID_20250114_112800,8890
0,VID_20250114_112800,8900
0,VID_20250114_112800,8910
0,VID_20250114_112800,8920
0,VID_20250114_112800,8930
0,VID_20250114_112800,8940
0,VID_20250114_112800,8950
0,VID_20250114_112800,8960
0,VID_20250114_112800,8970
0,VID_20250114_112800,8980
0,VID_20250114_112800,8990
0,VID_20250114_112800,9000
0,VID_20250114_112800,9010
0,VID_20250114_112800,9020
0,VID_20250114_112800,9030
0,VID_20250114_112800,9040
0,VID_20250114_112800,9050
0,VID_20250114_112800,9060
0,VID_20250114_112800,9070
0,VID_20250114_112800,9080
0,VID_20250114_112800,9090
0,VID_20250114_112800,9100
0,VID_20250114_112800,9110
0,VID_20250114_112800,9120
0,VID_20250114_112800,9130
0,VID_20250114_112800,9140
0,VID_20250114_112800,9150
0,VID_20250114_112800,9160
0,VID_20250114_112800,9170
0,VID_20250114_112800,9180
0,VID_20250114_112800,9190
0,VID_20250114_112800,9200
0,VID_20250114_112800,9210
0,VID_20250114_112800,9220
0,VID_20250114_112800,9230
0,VID_20250114_112800,9240
0,VID_20250114_112800,9250
0,VID_20250114_112800,9260
0,VID_20250114_112800,9270
0,VID_20250114_112800,9280
0,VID_20250114_112800,9290
0,VID_20250114_112800,9300
0,VID_20250114_112800,9310
0,VID_20250114_112800,9320
0,VID_20250114_112800,9330
0,VID_20250114_112800,9340
0,VID_20250114_112800,9350
0,VID_20250114_112800,9360
0,VID_20250114_112800,9370
0,VID_20250114_112800,9380
0,VID_20250114_112800,9390
0,VID_20250114_112800,9400
0,VID_20250114_112800,9410
0,VID_20250114_112800,9420
0,VID_20250114_112800,9430
0,VID_20250114_112800,9440
0,VID_20250114_112800,9450
0,VID_20250114_112800,9460
0,VID_20250114_112800,9470
0,VID_20250114_112800,9480
0,VID_20250114_112800,9490
0,VID_20250114_112800,9500
0,VID_20250114_112800,9510
0,VID_20250114_112800,9520
0,VID_20250114_112800,9530
0,VID_20250114_112800,9540
0,VID_20250114_112800,9550
0,VID_20250114_112800,9560
0,VID_20250114_112800,9570
0,VID_20250114_112800,9580
0,VID_20250114_112800,9590
0,VID_20250114_112800,9600
0,VID_20250114_112800,9610
0,VID_20250114_112800,9620
0,VID_20250114_112800,9630
0,VID_20250114_112800,9640
0,VID_20250114_112800,9650
0,VID_20250114_112800,9660
0,VID_20250114_112800,9670
0,VID_20250114_112800,9680
0,VID_20250114_112800,9690
0,VID_20250114_112800,9700
0,VID_20250114_112800,9710
0,VID_20250114_112800,9720
0,VID_20250114_112800,9730
0,VID_20250114_112800,9740
0,VID_20250114_112800,9750
0,VID_20250114_112800,9760
0,VID_20250114_112800,9770
0,VID_20250114_112800,9780
0,VID_20250114_112800,9790
0,VID_20250114_112800,9800
0,VID_20250114_112800,9810
0,VID_20250114_112800,9820
0,VID_20250114_112800,9830
0,VID_20250114_112800,9840
0,VID_20250114_112800,9850
0,VID_20250114_112800,9860
0,VID_20250114_112800,9870
0,VID_20250114_112800,9880
0,VID_20250114_112800,9890
0,VID_20250114_112800,9900
0,VID_20250114_112800,9910
0,VID_20250114_112800,9920
0,VID_20250114_112800,9930
0,VID_20250114_112800,9940
0,VID_20250114_112800,9950
0,VID_20250114_112800,9960
0,VID_20250114_112800,9970
0,VID_20250114_112800,9980
0,VID_20250114_112800,9990
0,VID_20250114_112800,10000
0,VID_20250114_112800,10010
0,VID_20250114_112800,10020
0,VID_20250114_112800,10030
0,VID_20250114_112800,10040
0,VID_20250114_112800,10050
0,VID_20250114_112800,10060
0,VID_20250114_112800,10070
0,VID_20250114_112800,10080
0,VID_20250114_112800,10090
0,VID_20250114_112800,10100
0,VID_20250114_112800,10110
0,VID_20250114_112800,10120
0,VID_20250114_112800,10130
0,VID_20250114_112800,10140
0,VID_20250114_112800,10150
0,VID_20250114_112800,10160
0,VID_20250114_112800,10170
0,VID_20250114_112800,10180
0,VID_20250114_112800,10190
0,VID_20250114_112800,10200
0,VID_20250114_112800,10210
0,VID_20250114_112800,10220
0,VID_20250114_112800,10230
0,VID_20250114_112800,10240
0,VID_20250114_112800,10250
0,VID_20250114_112800,10260
0,VID_20250114_112800,10270
0,VID_20250114_112800,10280
0,VID_20250114_112800,10290
0,VID_20250114_112800,10300
0,VID_20250114_112800,10310
0,VID_20250114_112800,10320
0,VID_20250114_112800,10330
0,VID_20250114_112800,10340
0,VID_20250114_112800,10350
0,VID_20250114_112800,10360
0,VID_20250114_112800,10370
0,VID_20250114_112800,10380
0,VID_20250114_112800,10390
0,VID_20250114_112800,10400
0,VID_20250114_112800,10410
0,VID_20250114_112800,10420
0,VID_20250114_112800,10430
0,VID_20250114_112800,10440
0,VID_20250114_112800,10450
0,VID_20250114_112800,10460
0,VID_20250114_112800,10470
0,VID_20250114_112800,10480
0,VID_20250114_112800,10490
0,VID_20250114_112800,10500
0,VID_20250114_112800,10510
0,VID_20250114_112800,10520
0,VID_20250114_112800,10530
0,VID_20250114_112800,10540
0,VID_20250114_112800,10550
0,VID_20250114_112800,10560
0,VID_20250114_112800,10570
0,VID_20250114_112800,10580
0,VID_20250114_112800,10590
0,VID_20250114_112800,10600
0,VID_20250114_112800,10610
0,VID_20250114_112800,10620
0,VID_20250114_112800,10630
0,VID_20250114_112800,10640
0,VID_20250114_112800,10650
0,VID_20250114_112800,10660
0,VID_20250114_112800,10670
0,VID_20250114_112800,10680
0,VID_20250114_112800,10690
0,VID_20250114_112800,10700
0,VID_20250114_112800,10710
0,VID_20250114_112800,10720
0,VID_20250114_112800,10730
0,VID_20250114_112800,10740
0,VID_20250114_112800,10750
0,VID_20250114_112800,10760
0,VID_20250114_112800,10770
0,VID_20250114_112800,10780
0,VID_20250114_112800,10790
0,VID_20250114_112800,10800
0,VID_20250114_112800,10810
0,VID_20250114_112800,10820
0,VID_20250114_112800,10830
0,VID_20250114_112800,10840
0,VID_20250114_112800,10850
0,VID_20250114_112800,10860
0,VID_20250114_112800,10870
0,VID_20250114_112800,10880
0,VID_20250114_112800,10890
0,VID_20250114_112800,10900
0,VID_20250114_112800,10910
0,VID_20250114_112800,10920
0,VID_20250114_112800,10930
0,VID_20250114_112800,10940
0,VID_20250114_112800,10950
0,VID_20250114_112800,10960
0,VID_20250114_112800,10970
0,VID_20250114_112800,10980
0,VID_20250114_112800,10990
0,VID_20250114_112800,11000
0,VID_20250114_112800,11010
0,VID_20250114_112800,11020
0,VID_20250114_112800,11030
0,VID_20250114_112800,11040
0,VID_20250114_112800,11050
0,VID_20250114_112800,11060
0,VID_20250114_112800,11070
0,VID_20250114_112800,11080
0,VID_20250114_112800,11090
0,VID_20250114_112800,11100
0,VID_20250114_112800,11110
0,VID_20250114_112800,11120
0,VID_20250114_112800,11130
0,VID_20250114_112800,11140
0,VID_20250114_112800,11150
0,VID_20250114_112800,11160
0,VID_20250114_112800,11170
0,VID_20250114_112800,11180
0,VID_20250114_112800,11190
0,VID_20250114_112800,11200
0,VID_20250114_112800,11210
0,VID_20250114_112800,11220
0,VID_20250114_112800,11230
0,VID_20250114_112800,11240
0,VID_20250114_112800,11250
0,VID_20250114_112800,11260
0,VID_20250114_112800,11270
0,VID_20250114_112800,11280
0,VID_20250114_112800,11290
0,VID_20250114_112800,11300
0,VID_20250114_112800,11310
0,VID_20250114_112800,11320
0,VID_20250114_112800,11330
0,VID_20250114_112800,11340
0,VID_20250114_112800,11350
0,VID_20250114_112800,11360
0,VID_20250114_112800,11370
0,VID_20250114_112800,11380
0,VID_20250114_112800,11390
0,VID_20250114_112800,11400
0,VID_20250114_112800,11410
0,VID_20250114_112800,11420
0,VID_20250114_112800,11430
0,VID_20250114_112800,11440
0,VID_20250114_112800,11450
0,VID_20250114_112800,11460
0,VID_20250114_112800,11470
0,VID_20250114_112800,11480
0,VID_20250114_112800,11490
0,VID_20250114_112800,11500
0,VID_20250114_112800,11510
0,VID_20250114_112800,11520
0,VID_20250114_112800,11530
0,VID_20250114_112800,11540
0,VID_20250114_112800,11550
0,VID_20250114_112800,11560
0,VID_20250114_112800,11570
0,VID_20250114_112800,11580
0,VID_20250114_112800,11590
0,VID_20250114_112800,11600
0,VID_20250114_112800,11610
0,VID_20250114_112800,11620
0,VID_20250114_112800,11630
0,VID_20250114_112800,11640
0,VID_20250114_112800,11650
0,VID_20250114_112800,11660
0,VID_20250114_112800,11670
0,VID_20250114_112800,11680
0,VID_20250114_112800,11690
0,VID_20250114_112800,11700
0,VID_20250114_112800,11710
0,VID_20250114_112800,11720
0,VID_20250114_112800,11730
0,VID_20250114_112800,11740
0,VID_20250114_112800,11750
0,VID_20250114_112800,11760
0,VID_20250114_112800,11770
0,VID_20250114_112800,11780
0,VID_20250114_112800,11790
0,VID_20250114_112800,11800
0,VID_20250114_112800,11810
0,VID_20250114_112800,11820
0,VID_20250114_112800,11830
0,VID_20250114_112800,11840
0,VID_20250114_112800,11850
0,VID_20250114_112800,11860
0,VID_20250114_112800,11870
0,VID_20250114_112800,11880
0,VID_20250114_112800,11890
0,VID_20250114_112800,11900
0,VID_20250114_112800,11910
0,VID_20250114_112800,11920
0,VID_20250114_112800,11930
0,VID_20250114_112800,11940
0,VID_20250114_112800,11950
0,VID_20250114_112800,11960
0,VID_20250114_112800,11970
0,VID_20250114_112800,11980
0,VID_20250114_112800,11990
0,VID_20250114_112800,12000
0,VID_20250114_112800,12010
0,VID_20250114_112800,12020
0,VID_20250114_112800,12030
0,VID_20250114_112800,12040
0,VID_20250114_112800,12050
0,VID_20250114_112800,12060
0,VID_20250114_112800,12070
0,VID_20250114_112800,12080
0,VID_20250114_112800,12090
0,VID_20250114_112800,12100
0,VID_20250114_112800,12110
0,VID_20250114_112800,12120
0,VID_20250114_112800,12130
0,VID_20250114_112800,12140
0,VID_20250114_112800,12150
0,VID_20250114_112800,12160
0,VID_20250114_112800,12170
0,VID_20250114_112800,12180
0,VID_20250114_112800,12190
0,VID_20250114_112800,12200
0,VID_20250114_112800,12210
0,VID_20250114_112800,12220
0,VID_20250114_112800,12230
0,VID_20250114_112800,12240
0,VID_20250114_112800,12250
0,VID_20250114_112800,12260
0,VID_20250114_112800,12270
0,VID_20250114_112800,12280
0,VID_20250114_112800,12290
0,VID_20250114_112800,12300
0,VID_20250114_112800,12310
0,VID_20250114_112800,12320
0,VID_20250114_112800,12330
0,VID_20250114_112800,12340
0,VID_20250114_112800,12350
0,VID_20250114_112800,12360
0,VID_20250114_112800,12370
0,VID_20250114_112800,12380
0,VID_20250114_112800,12390
0,VID_20250114_112800,12400
0,VID_20250114_112800,12410
0,VID_20250114_112800,12420
0,VID_20250114_112800,12430
0,VID_20250114_112800,12440
0,VID_20250114_112800,12450
0,VID_20250114_112800,12460
0,VID_20250114_112800,12470
0,VID_20250114_112800,12480
0,VID_20250114_112800,12490
0,VID_20250114_112800,12500
0,VID_20250114_112800,12510
0,VID_20250114_112800,12520
0,VID_20250114_112800,12530
0,VID_20250114_112800,12540
0,VID_20250114_112800,12550
0,VID_20250114_112800,12560
0,VID_20250114_112800,12570
0,VID_20250114_112800,12580
0,VID_20250114_112800,12590
0,VID_20250114_112800,12600
0,VID_20250114_112800,12610
0,VID_20250114_112800,12620
0,VID_20250114_112800,12630
0,VID_20250114_112800,12640
0,VID_20250114_112800,12650
0,VID_20250114_112800,12660
0,VID_20250114_112800,12670
0,VID_20250114_112800,12680
0,VID_20250114_112800,12690
0,VID_20250114_112800,12700
0,VID_20250114_112800,12710
0,VID_20250114_112800,12720
0,VID_20250114_112800,12730
0,VID_20250114_112800,12740
0,VID_20250114_112800,12750
0,VID_20250114_112800,12760
0,VID_20250114_112800,12770
0,VID_20250114_112800,12780
0,VID_20250114_112800,12790
0,VID_20250114_112800,12800
0,VID_20250114_112800,12810
0,VID_20250114_112800,12820
0,VID_20250114_112800,12830
0,VID_20250114_112800,12840
0,VID_20250114_112800,12850
0,VID_20250114_112800,12860
0,VID_20250114_112800,12870
0,VID_20250114_112800,12880
0,VID_20250114_112800,12890
0,VID_20250114_112800,12900
0,VID_20250114_112800,12910
0,VID_20250114_112800,12920
0,VID_20250114_112800,12930
0,VID_20250114_112800,12940
0,VID_20250114_112800,12950
0,VID_20250114_112800,12960
0,VID_20250114_112800,12970
0,VID_20250114_112800,12980
0,VID_20250114_112800,12990
0,VID_20250114_112800,13000
0,VID_20250114_112800,13010
0,VID_20250114_112800,13020
0,VID_20250114_112800,13030
0,VID_20250114_112800,13040
0,VID_20250114_112800,13050
0,VID_20250114_112800,13060
0,VID_20250114_112800,13070
0,VID_20250114_112800,13080
0,VID_20250114_112800,13090
0,VID_20250114_112800,13100
0,VID_20250114_112800,13110
0,VID_20250114_112800,13120
0,VID_20250114_112800,13130
0,VID_20250114_112800,13140
0,VID_20250114_112800,13150
0,VID_20250114_112800,13160
0,VID_20250114_112800,13170
0,VID_20250114_112800,13180
0,VID_20250114_112800,13190
0,VID_20250114_112800,13200
0,VID_20250114_112800,13210
0,VID_20250114_112800,13220
0,VID_20250114_112800,13230
0,VID_20250114_112800,13240
0,VID_20250114_112800,13250
0,VID_20250114_112800,13260
0,VID_20250114_112800,13270
0,VID_20250114_112800,13280
0,VID_20250114_112800,13290
0,VID_20250114_112800,13300
0,VID_20250114_112800,13310
0,VID_20250114_112800,13320
0,VID_20250114_112800,13330
0,VID_20250114_112800,13340
0,VID_20250114_112800,13350
0,VID_20250114_112800,13360
0,VID_20250114_112800,13370
0,VID_20250114_112800,13380
0,VID_20250114_112800,13390
0,VID_20250114_112800,13400
0,VID_20250114_112800,13410
0,VID_20250114_112800,13420
0,VID_20250114_112800,13430
0,VID_20250114_112800,13440
0,VID_20250114_112800,13450
0,VID_20250114_112800,13460
0,VID_20250114_112800,13470
0,VID_20250114_112800,13480
0,VID_20250114_112800,13490
0,VID_20250114_112800,13500
0,VID_20250114_112800,13510
0,VID_20250114_112800,13520
0,VID_20250114_112800,13530
0,VID_20250114_112800,13540
0,VID_20250114_112800,13550
0,VID_20250114_112800,13560
0,VID_20250114_112800,13570
0,VID_20250114_112800,13580
0,VID_20250114_112800,13590
0,VID_20250114_112800,13600
0,VID_20250114_112800,13610
0,VID_20250114_112800,13620
0,VID_20250114_112800,13630
0,VID_20250114_112800,13640
0,VID_20250114_112800,13650
0,VID_20250114_112800,13660
0,VID_20250114_112800,13670
0,VID_20250114_112800,13680
0,VID_20250114_112800,13690
0,VID_20250114_112800,13700
0,VID_20250114_112800,13710
0,VID_20250114_112800,13720
0,VID_20250114_112800,13730
0,VID_20250114_112800,13740
0,VID_20250114_112800,13750
0,VID_20250114_112800,13760
0,VID_20250114_112800,13770
0,VID_20250114_112800,13780
0,VID_20250114_112800,13790
0,VID_20250114_112800,13800
0,VID_20250114_112800,13810
0,VID_20250114_112800,13820
0,VID_20250114_112800,13830
0,VID_20250114_112800,13840
0,VID_20250114_112800,13850
0,VID_20250114_112800,13860
0,VID_20250114_112800,13870
0,VID_20250114_112800,13880
0,VID_20250114_112800,13890
0,VID_20250114_112800,13900
0,VID_20250114_112800,13910
0,VID_20250114_112800,13920
0,VID_20250114_112800,13930
0,VID_20250114_112800,13940
0,VID_20250114_112800,13950
0,VID_20250114_112800,13960
0,VID_20250114_112800,13970
0,VID_20250114_112800,13980
0,VID_20250114_112800,13990
0,VID_20250114_112800,14000
0,VID_20250114_112800,14010
0,VID_20250114_112800,14020
0,VID_20250114_112800,14030
0,VID_20250114_112800,14040
0,VID_20250114_112800,14050
0,VID_20250114_112800,14060
0,VID_20250114_112800,14070
0,VID_20250114_112800,14080
0,VID_20250114_112800,14090
0,VID_20250114_112800,14100
0,VID_20250114_112800,14110
0,VID_20250114_112800,14120
0,VID_20250114_112800,14130
0,VID_20250114_112800,14140
0,VID_20250114_112800,14150
0,VID_20250114_112800,14160
0,VID_20250114_112800,14170
0,VID_20250114_112800,14180
0,VID_20250114_112800,14190
0,VID_20250114_112800,14200
0,VID_20250114_112800,14210
0,VID_20250114_112800,14220
0,VID_20250114_112800,14230
0,VID_20250114_112800,14240
0,VID_20250114_112800,14250
0,VID_20250114_112800,14260
0,VID_20250114_112800,14270
0,VID_20250114_112800,14280
0,VID_20250114_112800,14290
0,VID_20250114_112800,14300
0,VID_20250114_112800,14310
0,VID_20250114_112800,14320
0,VID_20250114_112800,14330
0,VID_20250114_112800,14340
0,VID_20250114_112800,14350
0,VID_20250114_112800,14360
0,VID_20250114_112800,14370
0,VID_20250114_112800,14380
0,VID_20250114_112800,14390
0,VID_20250114_112800,14400
0,VID_20250114_112800,14410
0,VID_20250114_112800,14420
0,VID_20250114_112800,14430
0,VID_20250114_112800,14440
0,VID_20250114_112800,14450
0,VID_20250114_112800,14460
0,VID_20250114_112800,14470
0,VID_20250114_112800,14480
0,VID_20250114_112800,14490
0,VID_20250114_112800,14500
0,VID_20250114_112800,14510
0,VID_20250114_112800,14520
0,VID_20250114_112800,14530
0,VID_20250114_112800,14540
0,VID_20250114_112800,14550
0,VID_20250114_112800,14560
0,VID_20250114_112800,14570
0,VID_20250114_112800,14580
0,VID_20250114_112800,14590
0,VID_20250114_112800,14600
0,VID_20250114_112800,14610
0,VID_20250114_112800,14620
0,VID_20250114_112800,14630
0,VID_20250114_112800,14640
0,VID_20250114_112800,14650
0,VID_20250114_112800,14660
0,VID_20250114_112800,14670
0,VID_20250114_112800,14680
0,VID_20250114_112800,14690
0,VID_20250114_112800,14700
0,VID_20250114_112800,14710
0,VID_20250114_112800,14720
0,VID_20250114_112800,14730
0,VID_20250114_112800,14740
0,VID_20250114_112800,14750
0,VID_20250114_112800,14760
0,VID_20250114_112800,14770
0,VID_20250114_112800,14780
0,VID_20250114_112800,14790
0,VID_20250114_112800,14800
0,VID_20250114_112800,14810
0,VID_20250114_112800,14820
0,VID_20250114_112800,14830
0,VID_20250114_112800,14840
0,VID_20250114_112800,14850
0,VID_20250114_112800,14860
0,VID_20250114_112800,14870
0,VID_20250114_112800,14880
0,VID_20250114_112800,14890
0,VID_20250114_112800,14900
0,VID_20250114_112800,14910
0,VID_20250114_112800,14920
0,VID_20250114_112800,14930
0,VID_20250114_112800,14940
0,VID_20250114_112800,14950
0,VID_20250114_112800,14960
0,VID_20250114_112800,14970
0,VID_20250114_112800,14980
0,VID_20250114_112800,14990
0,VID_20250114_112800,15000
0,VID_20250114_112800,15010
0,VID_20250114_112800,15020
0,VID_20250114_112800,15030
0,VID_20250114_112800,15040
0,VID_20250114_112800,15050
0,VID_20250114_112800,15060
0,VID_20250114_112800,15070
0,VID_20250114_112800,15080
0,VID_20250114_112800,15090
0,VID_20250114_112800,15100
0,VID_20250114_112800,15110
0,VID_20250114_112800,15120
0,VID_20250114_112800,15130
0,VID_20250114_112800,15140
0,VID_20250114_112800,15150
0,VID_20250114_112800,15160
0,VID_20250114_112800,15170
0,VID_20250114_112800,15180
0,VID_20250114_112800,15190
0,VID_20250114_112800,15200
0,VID_20250114_112800,15210
0,VID_20250114_112800,15220
0,VID_20250114_112800,15230
0,VID_20250114_112800,15240
0,VID_20250114_112800,15250
0,VID_20250114_112800,15260
0,VID_20250114_112800,15270
0,VID_20250114_112800,15280
0,VID_20250114_112800,15290
0,VID_20250114_112800,15300
0,VID_20250114_112800,15310
0,VID_20250114_112800,15320
0,VID_20250114_112800,15330
0,VID_20250114_112800,15340
0,VID_20250114_112800,15350
0,VID_20250114_112800,15360
0,VID_20250114_112800,15370
0,VID_20250114_112800,15380
0,VID_20250114_112800,15390
0,VID_20250114_112800,15400
0,VID_20250114_112800,15410
0,VID_20250114_112800,15420
0,VID_20250114_112800,15430
0,VID_20250114_112800,15440
0,VID_20250114_112800,15450
0,VID_20250114_112800,15460
0,VID_20250114_112800,15470
0,VID_20250114_112800,15480
0,VID_20250114_112800,15490
0,VID_20250114_112800,15500
0,VID_20250114_112800,15510
0,VID_20250114_112800,15520
0,VID_20250114_112800,15530
0,VID_20250114_112800,15540
0,VID_20250114_112800,15550
0,VID_20250114_112800,15560
0,VID_20250114_112800,15570
0,VID_20250114_112800,15580
0,VID_20250114_112800,15590
0,VID_20250114_112800,15600
0,VID_20250114_112800,15610
0,VID_20250114_112800,15620
0,VID_20250114_112800,15630
0,VID_20250114_112800,15640
0,VID_20250114_112800,15650
0,VID_20250114_112800,15660
0,VID_20250114_112800,15670
0,VID_20250114_112800,15680
0,VID_20250114_112800,15690
0,VID_20250114_112800,15700
0,VID_20250114_112800,15710
0,VID_20250114_112800,15720
0,VID_20250114_112800,15730
0,VID_20250114_112800,15740
0,VID_20250114_112800,15750
0,VID_20250114_112800,15760
0,VID_20250114_112800,15770
0,VID_20250114_112800,15780
0,VID_20250114_112800,15790
0,VID_20250114_112800,15800
0,VID_20250114_112800,15810
0,VID_20250114_112800,15820
0,VID_20250114_112800,15830
0,VID_20250114_112800,15840
0,VID_20250114_112800,15850
0,VID_20250114_112800,15860
0,VID_20250114_112800,15870
0,VID_20250114_112800,15880
0,VID_20250114_112800,15890
0,VID_20250114_112800,15900
0,VID_20250114_112800,15910
0,VID_20250114_112800,15920
0,VID_20250114_112800,15930
0,VID_20250114_112800,15940
0,VID_20250114_112800,15950
0,VID_20250114_112800,15960
0,VID_20250114_112800,15970
0,VID_20250114_112800,15980
0,VID_20250114_112800,15990
0,VID_20250114_112800,16000
0,VID_20250114_112800,16010
0,VID_20250114_112800,16020
0,VID_20250114_112800,16030
0,VID_20250114_112800,16040
0,VID_20250114_112800,16050
0,VID_20250114_112800,16060
0,VID_20250114_112800,16070
0,VID_20250114_112800,16080
0,VID_20250114_112800,16090
0,VID_20250114_112800,16100
0,VID_20250114_112800,16110
0,VID_20250114_112800,16120
0,VID_20250114_112800,16130
0,VID_20250114_112800,16140
0,VID_20250114_112800,16150
0,VID_20250114_112800,16160
0,VID_20250114_112800,16170
0,VID_20250114_112800,16180
0,VID_20250114_112800,16190
0,VID_20250114_112800,16200
0,VID_20250114_112800,16210
0,VID_20250114_112800,16220
0,VID_20250114_112800,16230
0,VID_20250114_112800,16240
0,VID_20250114_112800,16250
0,VID_20250114_112800,16260
0,VID_20250114_112800,16270
0,VID_20250114_112800,16280
0,VID_20250114_112800,16290
0,VID_20250114_112800,16300
0,VID_20250114_112800,16310
0,VID_20250114_112800,16320
0,VID_20250114_112800,16330
0,VID_20250114_112800,16340
0,VID_20250114_112800,16350
0,VID_20250114_112800,16360
0,VID_20250114_112800,16370
0,VID_20250114_112800,16380
0,VID_20250114_112800,16390
0,VID_20250114_112800,16400
0,VID_20250114_112800,16410
0,VID_20250114_112800,16420
0,VID_20250114_112800,16430
0,VID_20250114_112800,16440
0,VID_20250114_112800,16450
0,VID_20250114_112800,16460
0,VID_20250114_112800,16470
0,VID_20250114_112800,16480
0,VID_20250114_112800,16490
0,VID_20250114_112800,16500
0,VID_20250114_112800,16510
0,VID_20250114_112800,16520
0,VID_20250114_112800,16530
0,VID_20250114_112800,16540
0,VID_20250114_112800,16550
0,VID_20250114_112800,16560
0,VID_20250114_112800,16570
0,VID_20250114_112800,16580
0,VID_20250114_112800,16590
0,VID_20250114_112800,16600
0,VID_20250114_112800,16610
0,VID_20250114_112800,16620
0,VID_20250114_112800,16630
0,VID_20250114_112800,16640
0,VID_20250114_112800,16650
0,VID_20250114_112800,16660
0,VID_20250114_112800,16670
0,VID_20250114_112800,16680
0,VID_20250114_112800,16690
0,VID_20250114_112800,16700
0,VID_20250114_112800,16710
0,VID_20250114_112800,16720
0,VID_20250114_112800,16730
0,VID_20250114_112800,16740
0,VID_20250114_112800,16750
0,VID_20250114_112800,16760
0,VID_20250114_112800,16770
0,VID_20250114_112800,16780
0,VID_20250114_112800,16790
0,VID_20250114_112800,16800
0,VID_20250114_112800,16810
0,VID_20250114_112800,16820
0,VID_20250114_112800,16830
0,VID_20250114_112800,16840
0,VID_20250114_112800,16850
0,VID_20250114_112800,16860
0,VID_20250114_112800,16870
0,VID_20250114_112800,16880
0,VID_20250114_112800,16890
0,VID_20250114_112800,16900
0,VID_20250114_112800,16910
0,VID_20250114_112800,16920
0,VID_20250114_112800,16930
0,VID_20250114_112800,16940
0,VID_20250114_112800,16950
0,VID_20250114_112800,16960
0,VID_20250114_112800,16970
0,VID_20250114_112800,16980
0,VID_20250114_112800,16990
0,VID_20250114_112800,17000
0,VID_20250114_112800,17010
0,VID_20250114_112800,17020
0,VID_20250114_112800,17030
0,VID_20250114_112800,17040
0,VID_20250114_112800,17050
0,VID_20250114_112800,17060
0,VID_20250114_112800,17070
0,VID_20250114_112800,17080
0,VID_20250114_112800,17090
0,VID_20250114_112800,17100
0,VID_20250114_112800,17110
0,VID_20250114_112800,17120
0,VID_20250114_112800,17130
0,VID_20250114_112800,17140
0,VID_20250114_112800,17150
0,VID_20250114_112800,17160
0,VID_20250114_112800,17170
0,VID_20250114_112800,17180
0,VID_20250114_112800,17190
0,VID_20250114_112800,17200
0,VID_20250114_112800,17210
0,VID_20250114_112800,17220
0,VID_20250114_112800,17230
0,VID_20250114_112800,17240
0,VID_20250114_112800,17250
0,VID_20250114_112800,17260
0,VID_20250114_112800,17270
0,VID_20250114_112800,17280
0,VID_20250114_112800,17290
0,VID_20250114_112800,17300
0,VID_20250114_112800,17310
0,VID_20250114_112800,17320
0,VID_20250114_112800,17330
0,VID_20250114_112800,17340
0,VID_20250114_112800,17350
0,VID_20250114_112800,17360
0,VID_20250114_112800,17370
0,VID_20250114_112800,17380
0,VID_20250114_112800,17390
0,VID_20250114_112800,17400
0,VID_20250114_112800,17410
0,VID_20250114_112800,17420
0,VID_20250114_112800,17430
0,VID_20250114_112800,17440
0,VID_20250114_112800,17450
0,VID_20250114_112800,17460
0,VID_20250114_112800,17470
0,VID_20250114_112800,17480
0,VID_20250114_112800,17490
0,VID_20250114_112800,17500
0,VID_20250114_112800,17510
0,VID_20250114_112800,17520
0,VID_20250114_112800,17530
0,VID_20250114_112800,17540
0,VID_20250114_112800,17550
0,VID_20250114_112800,17560
0,VID_20250114_112800,17570
0,VID_20250114_112800,17580
0,VID_20250114_112800,17590
0,VID_20250114_112800,17600
0,VID_20250114_112800,17610
0,VID_20250114_112800,17620
0,VID_20250114_112800,17630
0,VID_20250114_112800,17640
0,VID_20250114_112800,17650
0,VID_20250114_112800,17660
0,VID_20250114_112800,17670
0,VID_20250114_112800,17680
0,VID_20250114_112800,17690
0,VID_20250114_112800,17700
0,VID_20250114_112800,17710
0,VID_20250114_112800,17720
0,VID_20250114_112800,17730
0,VID_20250114_112800,17740
0,VID_20250114_112800,17750
0,VID_20250114_112800,17760
0,VID_20250114_112800,17770
0,VID_20250114_112800,17780
0,VID_20250114_112800,17790
0,VID_20250114_112800,17800
0,VID_20250114_112800,17810
0,VID_20250114_112800,17820
0,VID_20250114_112800,17830
0,VID_20250114_112800,17840
0,VID_20250114_112800,17850
0,VID_20250114_112800,17860
0,VID_20250114_112800,17870
0,VID_20250114_112800,17880
0,VID_20250114_112800,17890
0,VID_20250114_112800,17900
0,VID_20250114_112800,17910
0,VID_20250114_112800,17920
0,VID_20250114_112800,17930
0,VID_20250114_112800,17940
0,VID_20250114_112800,17950
0,VID_20250114_112800,17960
0,VID_20250114_112800,17970
0,VID_20250114_112800,17980
0,VID_20250114_112800,17990
0,VID_20250114_112800,18000
0,VID_20250114_112800,18010
0,VID_20250114_112800,18020
0,VID_20250114_112800,18030
0,VID_20250114_112800,18040
0,VID_20250114_112800,18050
0,VID_20250114_112800,18060
0,VID_20250114_112800,18070
0,VID_20250114_112800,18080
0,VID_20250114_112800,18090
0,VID_20250114_112800,18100
0,VID_20250114_112800,18110
0,VID_20250114_112800,18120
0,VID_20250114_112800,18130
0,VID_20250114_112800,18140
0,VID_20250114_112800,18150
0,VID_20250114_112800,18160
0,VID_20250114_112800,18170
0,VID_20250114_112800,18180
0,VID_20250114_112800,18190
0,VID_20250114_112800,18200
0,VID_20250114_112800,18210
0,VID_20250114_112800,18220
0,VID_20250114_112800,18230
0,VID_20250114_112800,18240
0,VID_20250114_112800,18250
0,VID_20250114_112800,18260
0,VID_20250114_112800,18270
0,VID_20250114_112800,18280
0,VID_20250114_112800,18290
0,VID_20250114_112800,18300
0,VID_20250114_112800,18310
0,VID_20250114_112800,18320
0,VID_20250114_112800,18330
0,VID_20250114_112800,18340
0,VID_20250114_112800,18350
0,VID_20250114_112800,18360
0,VID_20250114_112800,18370
0,VID_20250114_112800,18380
0,VID_20250114_112800,18390
0,VID_20250114_112800,18400
0,VID_20250114_112800,18410
0,VID_20250114_112800,18420
0,VID_20250114_112800,18430
0,VID_20250114_112800,18440
0,VID_20250114_112800,18450
0,VID_20250114_112800,18460
0,VID_20250114_112800,18470
0,VID_20250114_112800,18480
0,VID_20250114_112800,18490
0,VID_20250114_112800,18500
0,VID_20250114_112800,18510
0,VID_20250114_112800,18520
0,VID_20250114_112800,18530
0,VID_20250114_112800,18540
0,VID_20250114_112800,18550
0,VID_20250114_112800,18560
0,VID_20250114_112800,18570
0,VID_20250114_112800,18580
0,VID_20250114_112800,18590
0,VID_20250114_112800,18600
0,VID_20250114_112800,18610
0,VID_20250114_112800,18620
0,VID_20250114_112800,18630
0,VID_20250114_112800,18640
0,VID_20250114_112800,18650
0,VID_20250114_112800,18660
0,VID_20250114_112800,18670
0,VID_20250114_112800,18680
0,VID_20250114_112800,18690
0,VID_20250114_112800,18700
0,VID_20250114_112800,18710
0,VID_20250114_112800,18720
0,VID_20250114_112800,18730
0,VID_20250114_112800,18740
0,VID_20250114_112800,18750
0,VID_20250114_112800,18760
0,VID_20250114_112800,18770
1,VID_20250114_112800,18800
1,VID_20250114_112800,18810
1,VID_20250114_112800,18820
3,VID_20250114_112800,18840
3,VID_20250114_112800,18850
3,VID_20250114_112800,18860
3,VID_20250114_112800,18870
3,VID_20250114_112800,18880
3,VID_20250114_112800,18890
3,VID_20250114_112800,18900
3,VID_20250114_112800,18910
3,VID_20250114_112800,18920
3,VID_20250114_112800,18930
3,VID_20250114_112800,18940
3,VID_20250114_112800,18950
3,VID_20250114_112800,18960
3,VID_20250114_112800,18970
3,VID_20250114_112800,18980
3,VID_20250114_112800,18990
3,VID_20250114_112800,19000
3,VID_20250114_112800,19010
3,VID_20250114_112800,19020
3,VID_20250114_112800,19030
3,VID_20250114_112800,19040
3,VID_20250114_112800,19050
3,VID_20250114_112800,19060
3,VID_20250114_112800,19070
3,VID_20250114_112800,19080
3,VID_20250114_112800,19090
3,VID_20250114_112800,19100
3,VID_20250114_112800,19110
3,VID_20250114_112800,19120
3,VID_20250114_112800,19130
3,VID_20250114_112800,19140
3,VID_20250114_112800,19150
3,VID_20250114_112800,19160
3,VID_20250114_112800,19170
3,VID_20250114_112800,19180
3,VID_20250114_112800,19190
3,VID_20250114_112800,19200
3,VID_20250114_112800,19210
3,VID_20250114_112800,19220
3,VID_20250114_112800,19230
3,VID_20250114_112800,19240
3,VID_20250114_112800,19250
3,VID_20250114_112800,19260
3,VID_20250114_112800,19270
3,VID_20250114_112800,19280
3,VID_20250114_112800,19290
3,VID_20250114_112800,19300
3,VID_20250114_112800,19310
3,VID_20250114_112800,19320
3,VID_20250114_112800,19330
3,VID_20250114_112800,19340
3,VID_20250114_112800,19350
3,VID_20250114_112800,19360
3,VID_20250114_112800,19370
3,VID_20250114_112800,19380
3,VID_20250114_112800,19390
0,VID_20250114_120512,0
0,VID_20250114_120512,10
0,VID_20250114_120512,20
0,VID_20250114_120512,30
0,VID_20250114_120512,40
0,VID_20250114_120512,50
0,VID_20250114_120512,60
0,VID_20250114_120512,70
0,VID_20250114_120512,80
0,VID_20250114_120512,90
0,VID_20250114_120512,100
0,VID_20250114_120512,110
0,VID_20250114_120512,120
0,VID_20250114_120512,130
0,VID_20250114_120512,140
0,VID_20250114_120512,150
0,VID_20250114_120512,160
0,VID_20250114_120512,170
0,VID_20250114_120512,180
0,VID_20250114_120512,190
0,VID_20250114_120512,200
0,VID_20250114_120512,210
0,VID_20250114_120512,220
0,VID_20250114_120512,230
0,VID_20250114_120512,240
0,VID_20250114_120512,250
0,VID_20250114_120512,260
0,VID_20250114_120512,270
0,VID_20250114_120512,280
0,VID_20250114_120512,290
0,VID_20250114_120512,300
0,VID_20250114_120512,310
0,VID_20250114_120512,320
0,VID_20250114_120512,330
0,VID_20250114_120512,340
0,VID_20250114_120512,350
0,VID_20250114_120512,360
0,VID_20250114_120512,370
0,VID_20250114_120512,380
0,VID_20250114_120512,390
0,VID_20250114_120512,400
0,VID_20250114_120512,410
0,VID_20250114_120512,420
0,VID_20250114_120512,430
0,VID_20250114_120512,440
0,VID_20250114_120512,450
0,VID_20250114_120512,460
0,VID_20250114_120512,470
0,VID_20250114_120512,480
0,VID_20250114_120512,490
0,VID_20250114_120512,500
0,VID_20250114_120512,510
0,VID_20250114_120512,520
0,VID_20250114_120512,530
0,VID_20250114_120512,540
0,VID_20250114_120512,550
0,VID_20250114_120512,560
0,VID_20250114_120512,570
0,VID_20250114_120512,580
0,VID_20250114_120512,590
0,VID_20250114_120512,600
0,VID_20250114_120512,610
0,VID_20250114_120512,620
0,VID_20250114_120512,630
0,VID_20250114_120512,640
0,VID_20250114_120512,650
0,VID_20250114_120512,660
0,VID_20250114_120512,670
0,VID_20250114_120512,680
0,VID_20250114_120512,690
0,VID_20250114_120512,700
0,VID_20250114_120512,710
0,VID_20250114_120512,720
0,VID_20250114_120512,730
0,VID_20250114_120512,740
0,VID_20250114_120512,750
0,VID_20250114_120512,760
0,VID_20250114_120512,770
0,VID_20250114_120512,780
0,VID_20250114_120512,790
0,VID_20250114_120512,800
0,VID_20250114_120512,810
0,VID_20250114_120512,820
0,VID_20250114_120512,830
0,VID_20250114_120512,840
0,VID_20250114_120512,850
0,VID_20250114_120512,860
0,VID_20250114_120512,870
0,VID_20250114_120512,880
0,VID_20250114_120512,890
0,VID_20250114_120512,900
0,VID_20250114_120512,910
0,VID_20250114_120512,920
0,VID_20250114_120512,930
0,VID_20250114_120512,940
0,VID_20250114_120512,950
0,VID_20250114_120512,960
0,VID_20250114_120512,970
0,VID_20250114_120512,980
0,VID_20250114_120512,990
0,VID_20250114_120512,1000
0,VID_20250114_120512,1010
0,VID_20250114_120512,1020
0,VID_20250114_120512,1030
0,VID_20250114_120512,1040
0,VID_20250114_120512,1050
0,VID_20250114_120512,1060
0,VID_20250114_120512,1070
0,VID_20250114_120512,1080
0,VID_20250114_120512,1090
0,VID_20250114_120512,1100
0,VID_20250114_120512,1110
0,VID_20250114_120512,1120
0,VID_20250114_120512,1130
0,VID_20250114_120512,1140
0,VID_20250114_120512,1150
0,VID_20250114_120512,1160
0,VID_20250114_120512,1170
0,VID_20250114_120512,1180
0,VID_20250114_120512,1190
0,VID_20250114_120512,1200
0,VID_20250114_120512,1210
0,VID_20250114_120512,1220
0,VID_20250114_120512,1230
0,VID_20250114_120512,1240
0,VID_20250114_120512,1250
0,VID_20250114_120512,1260
0,VID_20250114_120512,1270
0,VID_20250114_120512,1280
0,VID_20250114_120512,1290
0,VID_20250114_120512,1300
0,VID_20250114_120512,1310
0,VID_20250114_120512,1320
0,VID_20250114_120512,1330
0,VID_20250114_120512,1340
0,VID_20250114_120512,1350
0,VID_20250114_120512,1360
0,VID_20250114_120512,1370
0,VID_20250114_120512,1380
0,VID_20250114_120512,1390
0,VID_20250114_120512,1400
0,VID_20250114_120512,1410
0,VID_20250114_120512,1420
0,VID_20250114_120512,1430
0,VID_20250114_120512,1440
0,VID_20250114_120512,1450
0,VID_20250114_120512,1460
0,VID_20250114_120512,1470
0,VID_20250114_120512,1480
0,VID_20250114_120512,1490
0,VID_20250114_120512,1500
0,VID_20250114_120512,1510
0,VID_20250114_120512,1520
0,VID_20250114_120512,1530
0,VID_20250114_120512,1540
0,VID_20250114_120512,1550
0,VID_20250114_120512,1560
0,VID_20250114_120512,1570
0,VID_20250114_120512,1580
0,VID_20250114_120512,1590
0,VID_20250114_120512,1600
0,VID_20250114_120512,1610
0,VID_20250114_120512,1620
0,VID_20250114_120512,1630
0,VID_20250114_120512,1640
0,VID_20250114_120512,1650
0,VID_20250114_120512,1660
0,VID_20250114_120512,1670
0,VID_20250114_120512,1680
0,VID_20250114_120512,1690
0,VID_20250114_120512,1700
0,VID_20250114_120512,1710
0,VID_20250114_120512,1720
0,VID_20250114_120512,1730
0,VID_20250114_120512,1740
0,VID_20250114_120512,1750
0,VID_20250114_120512,1760
0,VID_20250114_120512,1770
0,VID_20250114_120512,1780
0,VID_20250114_120512,1790
0,VID_20250114_120512,1800
0,VID_20250114_120512,1810
0,VID_20250114_120512,1820
0,VID_20250114_120512,1830
0,VID_20250114_120512,1840
0,VID_20250114_120512,1850
0,VID_20250114_120512,1860
0,VID_20250114_120512,1870
0,VID_20250114_120512,1880
0,VID_20250114_120512,1890
0,VID_20250114_120512,1900
0,VID_20250114_120512,1910
0,VID_20250114_120512,1920
0,VID_20250114_120512,1930
0,VID_20250114_120512,1940
0,VID_20250114_120512,1950
0,VID_20250114_120512,1960
0,VID_20250114_120512,1970
0,VID_20250114_120512,1980
0,VID_20250114_120512,1990
0,VID_20250114_120512,2000
0,VID_20250114_120512,2010
0,VID_20250114_120512,2020
0,VID_20250114_120512,2030
0,VID_20250114_120512,2040
0,VID_20250114_120512,2050
0,VID_20250114_120512,2060
0,VID_20250114_120512,2070
0,VID_20250114_120512,2080
0,VID_20250114_120512,2090
0,VID_20250114_120512,2100
0,VID_20250114_120512,2110
0,VID_20250114_120512,2120
0,VID_20250114_120512,2130
0,VID_20250114_120512,2140
0,VID_20250114_120512,2150
0,VID_20250114_120512,2160
0,VID_20250114_120512,2170
0,VID_20250114_120512,2180
0,VID_20250114_120512,2190
0,VID_20250114_120512,2200
0,VID_20250114_120512,2210
0,VID_20250114_120512,2220
0,VID_20250114_120512,2230
0,VID_20250114_120512,2240
0,VID_20250114_120512,2250
0,VID_20250114_120512,2260
0,VID_20250114_120512,2270
0,VID_20250114_120512,2280
0,VID_20250114_120512,2290
0,VID_20250114_120512,2300
0,VID_20250114_120512,2310
0,VID_20250114_120512,2320
0,VID_20250114_120512,2330
0,VID_20250114_120512,2340
0,VID_20250114_120512,2350
0,VID_20250114_120512,2360
0,VID_20250114_120512,2370
0,VID_20250114_120512,2380
0,VID_20250114_120512,2390
0,VID_20250114_120512,2400
0,VID_20250114_120512,2410
0,VID_20250114_120512,2420
0,VID_20250114_120512,2430
0,VID_20250114_120512,2440
0,VID_20250114_120512,2450
0,VID_20250114_120512,2460
0,VID_20250114_120512,2470
0,VID_20250114_120512,2480
0,VID_20250114_120512,2490
0,VID_20250114_120512,2500
0,VID_20250114_120512,2510
0,VID_20250114_120512,2520
0,VID_20250114_120512,2530
0,VID_20250114_120512,2540
0,VID_20250114_120512,2550
0,VID_20250114_120512,2560
0,VID_20250114_120512,2570
0,VID_20250114_120512,2580
0,VID_20250114_120512,2590
0,VID_20250114_120512,2600
0,VID_20250114_120512,2610
0,VID_20250114_120512,2620
0,VID_20250114_120512,2630
0,VID_20250114_120512,2640
0,VID_20250114_120512,2650
0,VID_20250114_120512,2660
0,VID_20250114_120512,2670
0,VID_20250114_120512,2680
0,VID_20250114_120512,2690
0,VID_20250114_120512,2700
0,VID_20250114_120512,2710
0,VID_20250114_120512,2720
0,VID_20250114_120512,2730
0,VID_20250114_120512,2740
0,VID_20250114_120512,2750
0,VID_20250114_120512,2760
0,VID_20250114_120512,2770
0,VID_20250114_120512,2780
0,VID_20250114_120512,2790
0,VID_20250114_120512,2800
0,VID_20250114_120512,2810
0,VID_20250114_120512,2820
0,VID_20250114_120512,2830
0,VID_20250114_120512,2840
0,VID_20250114_120512,2850
0,VID_20250114_120512,2860
0,VID_20250114_120512,2870
0,VID_20250114_120512,2880
0,VID_20250114_120512,2890
0,VID_20250114_120512,2900
0,VID_20250114_120512,2910
0,VID_20250114_120512,2920
0,VID_20250114_120512,2930
0,VID_20250114_120512,2940
0,VID_20250114_120512,2950
0,VID_20250114_120512,2960
0,VID_20250114_120512,2970
0,VID_20250114_120512,2980
0,VID_20250114_120512,2990
0,VID_20250114_120512,3000
0,VID_20250114_120512,3010
0,VID_20250114_120512,3020
0,VID_20250114_120512,3030
0,VID_20250114_120512,3040
0,VID_20250114_120512,3050
0,VID_20250114_120512,3060
0,VID_20250114_120512,3070
0,VID_20250114_120512,3080
0,VID_20250114_120512,3090
0,VID_20250114_120512,3100
0,VID_20250114_120512,3110
0,VID_20250114_120512,3120
0,VID_20250114_120512,3130
0,VID_20250114_120512,3140
0,VID_20250114_120512,3150
0,VID_20250114_120512,3160
0,VID_20250114_120512,3170
0,VID_20250114_120512,3180
0,VID_20250114_120512,3190
0,VID_20250114_120512,3200
0,VID_20250114_120512,3210
0,VID_20250114_120512,3220
0,VID_20250114_120512,3230
0,VID_20250114_120512,3240
0,VID_20250114_120512,3250
0,VID_20250114_120512,3260
0,VID_20250114_120512,3270
0,VID_20250114_120512,3280
0,VID_20250114_120512,3290
0,VID_20250114_120512,3300
0,VID_20250114_120512,3310
0,VID_20250114_120512,3320
0,VID_20250114_120512,3330
0,VID_20250114_120512,3340
0,VID_20250114_120512,3350
0,VID_20250114_120512,3360
0,VID_20250114_120512,3370
0,VID_20250114_120512,3380
0,VID_20250114_120512,3390
0,VID_20250114_120512,3400
0,VID_20250114_120512,3410
0,VID_20250114_120512,3420
0,VID_20250114_120512,3430
0,VID_20250114_120512,3440
0,VID_20250114_120512,3450
0,VID_20250114_120512,3460
0,VID_20250114_120512,3470
0,VID_20250114_120512,3480
0,VID_20250114_120512,3490
0,VID_20250114_120512,3500
0,VID_20250114_120512,3510
0,VID_20250114_120512,3520
0,VID_20250114_120512,3530
0,VID_20250114_120512,3540
0,VID_20250114_120512,3550
0,VID_20250114_120512,3560
0,VID_20250114_120512,3570
0,VID_20250114_120512,3580
0,VID_20250114_120512,3590
0,VID_20250114_120512,3600
0,VID_20250114_120512,3610
0,VID_20250114_120512,3620
0,VID_20250114_120512,3630
0,VID_20250114_120512,3640
0,VID_20250114_120512,3650
0,VID_20250114_120512,3660
0,VID_20250114_120512,3670
0,VID_20250114_120512,3680
0,VID_20250114_120512,3690
0,VID_20250114_120512,3700
0,VID_20250114_120512,3710
0,VID_20250114_120512,3720
0,VID_20250114_120512,3730
0,VID_20250114_120512,3740
0,VID_20250114_120512,3750
0,VID_20250114_120512,3760
0,VID_20250114_120512,3770
0,VID_20250114_120512,3780
0,VID_20250114_120512,3790
0,VID_20250114_120512,3800
0,VID_20250114_120512,3810
0,VID_20250114_120512,3820
0,VID_20250114_120512,3830
0,VID_20250114_120512,3840
0,VID_20250114_120512,3850
0,VID_20250114_120512,3860
0,VID_20250114_120512,3870
0,VID_20250114_120512,3880
0,VID_20250114_120512,3890
0,VID_20250114_120512,3900
0,VID_20250114_120512,3910
0,VID_20250114_120512,3920
0,VID_20250114_120512,3930
0,VID_20250114_120512,3940
0,VID_20250114_120512,3950
0,VID_20250114_120512,3960
0,VID_20250114_120512,3970
0,VID_20250114_120512,3980
0,VID_20250114_120512,3990
0,VID_20250114_120512,4000
0,VID_20250114_120512,4010
0,VID_20250114_120512,4020
0,VID_20250114_120512,4030
0,VID_20250114_120512,4040
0,VID_20250114_120512,4050
0,VID_20250114_120512,4060
0,VID_20250114_120512,4070
0,VID_20250114_120512,4080
0,VID_20250114_120512,4090
0,VID_20250114_120512,4100
0,VID_20250114_120512,4110
0,VID_20250114_120512,4120
0,VID_20250114_120512,4130
0,VID_20250114_120512,4140
0,VID_20250114_120512,4150
0,VID_20250114_120512,4160
0,VID_20250114_120512,4170
0,VID_20250114_120512,4180
0,VID_20250114_120512,4190
0,VID_20250114_120512,4200
0,VID_20250114_120512,4210
0,VID_20250114_120512,4220
0,VID_20250114_120512,4230
0,VID_20250114_120512,4240
0,VID_20250114_120512,4250
0,VID_20250114_120512,4260
0,VID_20250114_120512,4270
0,VID_20250114_120512,4280
0,VID_20250114_120512,4290
0,VID_20250114_120512,4300
0,VID_20250114_120512,4310
0,VID_20250114_120512,4320
0,VID_20250114_120512,4330
0,VID_20250114_120512,4340
0,VID_20250114_120512,4350
0,VID_20250114_120512,4360
0,VID_20250114_120512,4370
0,VID_20250114_120512,4380
0,VID_20250114_120512,4390
0,VID_20250114_120512,4400
0,VID_20250114_120512,4410
0,VID_20250114_120512,4420
0,VID_20250114_120512,4430
0,VID_20250114_120512,4440
0,VID_20250114_120512,4450
0,VID_20250114_120512,4460
0,VID_20250114_120512,4470
0,VID_20250114_120512,4480
1,VID_20250114_120512,4490
3,VID_20250114_120512,4520
3,VID_20250114_120512,4530
3,VID_20250114_120512,4540
3,VID_20250114_120512,4550
3,VID_20250114_120512,4560
3,VID_20250114_120512,4570
3,VID_20250114_120512,4580
3,VID_20250114_120512,4590
3,VID_20250114_120512,4600
3,VID_20250114_120512,4610
3,VID_20250114_120512,4620
3,VID_20250114_120512,4630
3,VID_20250114_120512,4640
3,VID_20250114_120512,4650
3,VID_20250114_120512,4660
3,VID_20250114_120512,4670
0,VID_20250114_121034,0
0,VID_20250114_121034,10
0,VID_20250114_121034,20
0,VID_20250114_121034,30
0,VID_20250114_121034,40
0,VID_20250114_121034,50
0,VID_20250114_121034,60
0,VID_20250114_121034,70
0,VID_20250114_121034,80
0,VID_20250114_121034,90
0,VID_20250114_121034,100
0,VID_20250114_121034,110
0,VID_20250114_121034,120
0,VID_20250114_121034,130
0,VID_20250114_121034,140
0,VID_20250114_121034,150
0,VID_20250114_121034,160
0,VID_20250114_121034,170
0,VID_20250114_121034,180
0,VID_20250114_121034,190
0,VID_20250114_121034,200
0,VID_20250114_121034,210
0,VID_20250114_121034,220
0,VID_20250114_121034,230
0,VID_20250114_121034,240
0,VID_20250114_121034,250
0,VID_20250114_121034,260
0,VID_20250114_121034,270
0,VID_20250114_121034,280
0,VID_20250114_121034,290
0,VID_20250114_121034,300
0,VID_20250114_121034,310
0,VID_20250114_121034,320
0,VID_20250114_121034,330
0,VID_20250114_121034,340
0,VID_20250114_121034,350
0,VID_20250114_121034,360
0,VID_20250114_121034,370
0,VID_20250114_121034,380
0,VID_20250114_121034,390
0,VID_20250114_121034,400
0,VID_20250114_121034,410
0,VID_20250114_121034,420
0,VID_20250114_121034,430
0,VID_20250114_121034,440
0,VID_20250114_121034,450
0,VID_20250114_121034,460
0,VID_20250114_121034,470
0,VID_20250114_121034,480
0,VID_20250114_121034,490
0,VID_20250114_121034,500
0,VID_20250114_121034,510
0,VID_20250114_121034,520
0,VID_20250114_121034,530
0,VID_20250114_121034,540
0,VID_20250114_121034,550
0,VID_20250114_121034,560
0,VID_20250114_121034,570
0,VID_20250114_121034,580
0,VID_20250114_121034,590
0,VID_20250114_121034,600
0,VID_20250114_121034,610
0,VID_20250114_121034,620
0,VID_20250114_121034,630
0,VID_20250114_121034,640
0,VID_20250114_121034,650
0,VID_20250114_121034,660
0,VID_20250114_121034,670
0,VID_20250114_121034,680
0,VID_20250114_121034,690
0,VID_20250114_121034,700
0,VID_20250114_121034,710
0,VID_20250114_121034,720
0,VID_20250114_121034,730
0,VID_20250114_121034,740
0,VID_20250114_121034,750
0,VID_20250114_121034,760
0,VID_20250114_121034,770
0,VID_20250114_121034,780
0,VID_20250114_121034,790
0,VID_20250114_121034,800
0,VID_20250114_121034,810
0,VID_20250114_121034,820
0,VID_20250114_121034,830
0,VID_20250114_121034,840
0,VID_20250114_121034,850
0,VID_20250114_121034,860
0,VID_20250114_121034,870
0,VID_20250114_121034,880
0,VID_20250114_121034,890
0,VID_20250114_121034,900
0,VID_20250114_121034,910
0,VID_20250114_121034,920
0,VID_20250114_121034,930
0,VID_20250114_121034,940
0,VID_20250114_121034,950
0,VID_20250114_121034,960
0,VID_20250114_121034,970
0,VID_20250114_121034,980
0,VID_20250114_121034,990
0,VID_20250114_121034,1000
0,VID_20250114_121034,1010
0,VID_20250114_121034,1020
0,VID_20250114_121034,1030
0,VID_20250114_121034,1040
0,VID_20250114_121034,1050
0,VID_20250114_121034,1060
0,VID_20250114_121034,1070
0,VID_20250114_121034,1080
0,VID_20250114_121034,1090
0,VID_20250114_121034,1100
0,VID_20250114_121034,1110
0,VID_20250114_121034,1120
0,VID_20250114_121034,1130
0,VID_20250114_121034,1140
0,VID_20250114_121034,1150
0,VID_20250114_121034,1160
0,VID_20250114_121034,1170
0,VID_20250114_121034,1180
0,VID_20250114_121034,1190
0,VID_20250114_121034,1200
0,VID_20250114_121034,1210
0,VID_20250114_121034,1220
0,VID_20250114_121034,1230
0,VID_20250114_121034,1240
0,VID_20250114_121034,1250
0,VID_20250114_121034,1260
0,VID_20250114_121034,1270
0,VID_20250114_121034,1280
0,VID_20250114_121034,1290
0,VID_20250114_121034,1300
0,VID_20250114_121034,1310
0,VID_20250114_121034,1320
0,VID_20250114_121034,1330
0,VID_20250114_121034,1340
0,VID_20250114_121034,1350
0,VID_20250114_121034,1360
0,VID_20250114_121034,1370
0,VID_20250114_121034,1380
0,VID_20250114_121034,1390
0,VID_20250114_121034,1400
0,VID_20250114_121034,1410
0,VID_20250114_121034,1420
0,VID_20250114_121034,1430
0,VID_20250114_121034,1440
0,VID_20250114_121034,1450
0,VID_20250114_121034,1460
0,VID_20250114_121034,1470
0,VID_20250114_121034,1480
0,VID_20250114_121034,1490
0,VID_20250114_121034,1500
0,VID_20250114_121034,1510
0,VID_20250114_121034,1520
0,VID_20250114_121034,1530
0,VID_20250114_121034,1540
0,VID_20250114_121034,1550
0,VID_20250114_121034,1560
0,VID_20250114_121034,1570
0,VID_20250114_121034,1580
0,VID_20250114_121034,1590
0,VID_20250114_121034,1600
0,VID_20250114_121034,1610
0,VID_20250114_121034,1620
0,VID_20250114_121034,1630
0,VID_20250114_121034,1640
0,VID_20250114_121034,1650
0,VID_20250114_121034,1660
0,VID_20250114_121034,1670
0,VID_20250114_121034,1680
0,VID_20250114_121034,1690
0,VID_20250114_121034,1700
0,VID_20250114_121034,1710
0,VID_20250114_121034,1720
0,VID_20250114_121034,1730
0,VID_20250114_121034,1740
0,VID_20250114_121034,1750
0,VID_20250114_121034,1760
0,VID_20250114_121034,1770
0,VID_20250114_121034,1780
0,VID_20250114_121034,1790
0,VID_20250114_121034,1800
0,VID_20250114_121034,1810
0,VID_20250114_121034,1820
0,VID_20250114_121034,1830
0,VID_20250114_121034,1840
0,VID_20250114_121034,1850
0,VID_20250114_121034,1860
0,VID_20250114_121034,1870
0,VID_20250114_121034,1880
0,VID_20250114_121034,1890
0,VID_20250114_121034,1900
0,VID_20250114_121034,1910
0,VID_20250114_121034,1920
0,VID_20250114_121034,1930
0,VID_20250114_121034,1940
0,VID_20250114_121034,1950
0,VID_20250114_121034,1960
0,VID_20250114_121034,1970
0,VID_20250114_121034,1980
0,VID_20250114_121034,1990
0,VID_20250114_121034,2000
0,VID_20250114_121034,2010
0,VID_20250114_121034,2020
0,VID_20250114_121034,2030
0,VID_20250114_121034,2040
0,VID_20250114_121034,2050
0,VID_20250114_121034,2060
0,VID_20250114_121034,2070
0,VID_20250114_121034,2080
0,VID_20250114_121034,2090
0,VID_20250114_121034,2100
0,VID_20250114_121034,2110
0,VID_20250114_121034,2120
0,VID_20250114_121034,2130
0,VID_20250114_121034,2140
0,VID_20250114_121034,2150
0,VID_20250114_121034,2160
0,VID_20250114_121034,2170
0,VID_20250114_121034,2180
0,VID_20250114_121034,2190
0,VID_20250114_121034,2200
0,VID_20250114_121034,2210
0,VID_20250114_121034,2220
0,VID_20250114_121034,2230
0,VID_20250114_121034,2240
0,VID_20250114_121034,2250
0,VID_20250114_121034,2260
0,VID_20250114_121034,2270
0,VID_20250114_121034,2280
0,VID_20250114_121034,2290
0,VID_20250114_121034,2300
0,VID_20250114_121034,2310
0,VID_20250114_121034,2320
0,VID_20250114_121034,2330
0,VID_20250114_121034,2340
0,VID_20250114_121034,2350
0,VID_20250114_121034,2360
0,VID_20250114_121034,2370
0,VID_20250114_121034,2380
0,VID_20250114_121034,2390
0,VID_20250114_121034,2400
0,VID_20250114_121034,2410
0,VID_20250114_121034,2420
0,VID_20250114_121034,2430
0,VID_20250114_121034,2440
0,VID_20250114_121034,2450
0,VID_20250114_121034,2460
0,VID_20250114_121034,2470
0,VID_20250114_121034,2480
0,VID_20250114_121034,2490
0,VID_20250114_121034,2500
0,VID_20250114_121034,2510
0,VID_20250114_121034,2520
0,VID_20250114_121034,2530
0,VID_20250114_121034,2540
0,VID_20250114_121034,2550
0,VID_20250114_121034,2560
0,VID_20250114_121034,2570
0,VID_20250114_121034,2580
0,VID_20250114_121034,2590
0,VID_20250114_121034,2600
0,VID_20250114_121034,2610
0,VID_20250114_121034,2620
0,VID_20250114_121034,2630
0,VID_20250114_121034,2640
0,VID_20250114_121034,2650
0,VID_20250114_121034,2660
0,VID_20250114_121034,2670
0,VID_20250114_121034,2680
0,VID_20250114_121034,2690
0,VID_20250114_121034,2700
0,VID_20250114_121034,2710
0,VID_20250114_121034,2720
0,VID_20250114_121034,2730
0,VID_20250114_121034,2740
0,VID_20250114_121034,2750
0,VID_20250114_121034,2760
0,VID_20250114_121034,2770
0,VID_20250114_121034,2780
0,VID_20250114_121034,2790
0,VID_20250114_121034,2800
0,VID_20250114_121034,2810
0,VID_20250114_121034,2820
0,VID_20250114_121034,2830
0,VID_20250114_121034,2840
0,VID_20250114_121034,2850
0,VID_20250114_121034,2860
0,VID_20250114_121034,2870
0,VID_20250114_121034,2880
0,VID_20250114_121034,2890
0,VID_20250114_121034,2900
0,VID_20250114_121034,2910
0,VID_20250114_121034,2920
0,VID_20250114_121034,2930
0,VID_20250114_121034,2940
0,VID_20250114_121034,2950
0,VID_20250114_121034,2960
0,VID_20250114_121034,2970
0,VID_20250114_121034,2980
0,VID_20250114_121034,2990
0,VID_20250114_121034,3000
0,VID_20250114_121034,3010
0,VID_20250114_121034,3020
0,VID_20250114_121034,3030
0,VID_20250114_121034,3040
0,VID_20250114_121034,3050
0,VID_20250114_121034,3060
0,VID_20250114_121034,3070
0,VID_20250114_121034,3080
0,VID_20250114_121034,3090
0,VID_20250114_121034,3100
0,VID_20250114_121034,3110
0,VID_20250114_121034,3120
0,VID_20250114_121034,3130
0,VID_20250114_121034,3140
0,VID_20250114_121034,3150
0,VID_20250114_121034,3160
0,VID_20250114_121034,3170
0,VID_20250114_121034,3180
0,VID_20250114_121034,3190
0,VID_20250114_121034,3200
0,VID_20250114_121034,3210
0,VID_20250114_121034,3220
0,VID_20250114_121034,3230
0,VID_20250114_121034,3240
0,VID_20250114_121034,3250
0,VID_20250114_121034,3260
0,VID_20250114_121034,3270
0,VID_20250114_121034,3280
0,VID_20250114_121034,3290
0,VID_20250114_121034,3300
0,VID_20250114_121034,3310
0,VID_20250114_121034,3320
0,VID_20250114_121034,3330
0,VID_20250114_121034,3340
0,VID_20250114_121034,3350
0,VID_20250114_121034,3360
0,VID_20250114_121034,3370
0,VID_20250114_121034,3380
0,VID_20250114_121034,3390
0,VID_20250114_121034,3400
0,VID_20250114_121034,3410
0,VID_20250114_121034,3420
0,VID_20250114_121034,3430
0,VID_20250114_121034,3440
0,VID_20250114_121034,3450
0,VID_20250114_121034,3460
0,VID_20250114_121034,3470
0,VID_20250114_121034,3480
0,VID_20250114_121034,3490
0,VID_20250114_121034,3500
0,VID_20250114_121034,3510
0,VID_20250114_121034,3520
0,VID_20250114_121034,3530
0,VID_20250114_121034,3540
0,VID_20250114_121034,3550
0,VID_20250114_121034,3560
0,VID_20250114_121034,3570
0,VID_20250114_121034,3580
0,VID_20250114_121034,3590
0,VID_20250114_121034,3600
0,VID_20250114_121034,3610
0,VID_20250114_121034,3620
0,VID_20250114_121034,3630
0,VID_20250114_121034,3640
0,VID_20250114_121034,3650
0,VID_20250114_121034,3660
0,VID_20250114_121034,3670
0,VID_20250114_121034,3680
0,VID_20250114_121034,3690
0,VID_20250114_121034,3700
0,VID_20250114_121034,3710
0,VID_20250114_121034,3720
0,VID_20250114_121034,3730
0,VID_20250114_121034,3740
0,VID_20250114_121034,3750
0,VID_20250114_121034,3760
0,VID_20250114_121034,3770
0,VID_20250114_121034,3780
0,VID_20250114_121034,3790
0,VID_20250114_121034,3800
0,VID_20250114_121034,3810
0,VID_20250114_121034,3820
0,VID_20250114_121034,3830
0,VID_20250114_121034,3840
0,VID_20250114_121034,3850
0,VID_20250114_121034,3860
0,VID_20250114_121034,3870
0,VID_20250114_121034,3880
0,VID_20250114_121034,3890
0,VID_20250114_121034,3900
0,VID_20250114_121034,3910
0,VID_20250114_121034,3920
0,VID_20250114_121034,3930
0,VID_20250114_121034,3940
0,VID_20250114_121034,3950
0,VID_20250114_121034,3960
0,VID_20250114_121034,3970
0,VID_20250114_121034,3980
0,VID_20250114_121034,3990
0,VID_20250114_121034,4000
0,VID_20250114_121034,4010
0,VID_20250114_121034,4020
0,VID_20250114_121034,4030
0,VID_20250114_121034,4040
0,VID_20250114_121034,4050
0,VID_20250114_121034,4060
0,VID_20250114_121034,4070
0,VID_20250114_121034,4080
0,VID_20250114_121034,4090
0,VID_20250114_121034,4100
0,VID_20250114_121034,4110
0,VID_20250114_121034,4120
0,VID_20250114_121034,4130
0,VID_20250114_121034,4140
0,VID_20250114_121034,4150
0,VID_20250114_121034,4160
0,VID_20250114_121034,4170
0,VID_20250114_121034,4180
0,VID_20250114_121034,4190
0,VID_20250114_121034,4200
0,VID_20250114_121034,4210
0,VID_20250114_121034,4220
0,VID_20250114_121034,4230
0,VID_20250114_121034,4240
0,VID_20250114_121034,4250
0,VID_20250114_121034,4260
0,VID_20250114_121034,4270
0,VID_20250114_121034,4280
0,VID_20250114_121034,4290
0,VID_20250114_121034,4300
0,VID_20250114_121034,4310
0,VID_20250114_121034,4320
0,VID_20250114_121034,4330
0,VID_20250114_121034,4340
0,VID_20250114_121034,4350
0,VID_20250114_121034,4360
0,VID_20250114_121034,4370
0,VID_20250114_121034,4380
0,VID_20250114_121034,4390
0,VID_20250114_121034,4400
0,VID_20250114_121034,4410
0,VID_20250114_121034,4420
0,VID_20250114_121034,4430
0,VID_20250114_121034,4440
0,VID_20250114_121034,4450
0,VID_20250114_121034,4460
0,VID_20250114_121034,4470
0,VID_20250114_121034,4480
0,VID_20250114_121034,4490
0,VID_20250114_121034,4500
0,VID_20250114_121034,4510
0,VID_20250114_121034,4520
0,VID_20250114_121034,4530
0,VID_20250114_121034,4540
0,VID_20250114_121034,4550
0,VID_20250114_121034,4560
0,VID_20250114_121034,4570
0,VID_20250114_121034,4580
0,VID_20250114_121034,4590
0,VID_20250114_121034,4600
0,VID_20250114_121034,4610
0,VID_20250114_121034,4620
0,VID_20250114_121034,4630
0,VID_20250114_121034,4640
0,VID_20250114_121034,4650
0,VID_20250114_121034,4660
0,VID_20250114_121034,4670
0,VID_20250114_121034,4680
0,VID_20250114_121034,4690
0,VID_20250114_121034,4700
0,VID_20250114_121034,4710
0,VID_20250114_121034,4720
0,VID_20250114_121034,4730
0,VID_20250114_121034,4740
0,VID_20250114_121034,4750
0,VID_20250114_121034,4760
0,VID_20250114_121034,4770
0,VID_20250114_121034,4780
0,VID_20250114_121034,4790
0,VID_20250114_121034,4800
0,VID_20250114_121034,4810
0,VID_20250114_121034,4820
0,VID_20250114_121034,4830
0,VID_20250114_121034,4840
0,VID_20250114_121034,4850
0,VID_20250114_121034,4860
0,VID_20250114_121034,4870
0,VID_20250114_121034,4880
0,VID_20250114_121034,4890
0,VID_20250114_121034,4900
0,VID_20250114_121034,4910
0,VID_20250114_121034,4920
0,VID_20250114_121034,4930
0,VID_20250114_121034,4940
0,VID_20250114_121034,4950
0,VID_20250114_121034,4960
0,VID_20250114_121034,4970
0,VID_20250114_121034,4980
0,VID_20250114_121034,4990
0,VID_20250114_121034,5000
0,VID_20250114_121034,5010
0,VID_20250114_121034,5020
0,VID_20250114_121034,5030
0,VID_20250114_121034,5040
0,VID_20250114_121034,5050
0,VID_20250114_121034,5060
0,VID_20250114_121034,5070
0,VID_20250114_121034,5080
0,VID_20250114_121034,5090
0,VID_20250114_121034,5100
0,VID_20250114_121034,5110
0,VID_20250114_121034,5120
0,VID_20250114_121034,5130
0,VID_20250114_121034,5140
0,VID_20250114_121034,5150
0,VID_20250114_121034,5160
0,VID_20250114_121034,5170
0,VID_20250114_121034,5180
0,VID_20250114_121034,5190
0,VID_20250114_121034,5200
0,VID_20250114_121034,5210
0,VID_20250114_121034,5220
0,VID_20250114_121034,5230
0,VID_20250114_121034,5240
0,VID_20250114_121034,5250
0,VID_20250114_121034,5260
0,VID_20250114_121034,5270
0,VID_20250114_121034,5280
0,VID_20250114_121034,5290
0,VID_20250114_121034,5300
0,VID_20250114_121034,5310
0,VID_20250114_121034,5320
0,VID_20250114_121034,5330
0,VID_20250114_121034,5340
0,VID_20250114_121034,5350
0,VID_20250114_121034,5360
0,VID_20250114_121034,5370
0,VID_20250114_121034,5380
0,VID_20250114_121034,5390
0,VID_20250114_121034,5400
0,VID_20250114_121034,5410
0,VID_20250114_121034,5420
0,VID_20250114_121034,5430
0,VID_20250114_121034,5440
0,VID_20250114_121034,5450
0,VID_20250114_121034,5460
0,VID_20250114_121034,5470
0,VID_20250114_121034,5480
0,VID_20250114_121034,5490
0,VID_20250114_121034,5500
0,VID_20250114_121034,5510
0,VID_20250114_121034,5520
0,VID_20250114_121034,5530
0,VID_20250114_121034,5540
0,VID_20250114_121034,5550
0,VID_20250114_121034,5560
0,VID_20250114_121034,5570
0,VID_20250114_121034,5580
0,VID_20250114_121034,5590
0,VID_20250114_121034,5600
0,VID_20250114_121034,5610
0,VID_20250114_121034,5620
0,VID_20250114_121034,5630
0,VID_20250114_121034,5640
0,VID_20250114_121034,5650
0,VID_20250114_121034,5660
0,VID_20250114_121034,5670
0,VID_20250114_121034,5680
0,VID_20250114_121034,5690
0,VID_20250114_121034,5700
0,VID_20250114_121034,5710
0,VID_20250114_121034,5720
0,VID_20250114_121034,5730
0,VID_20250114_121034,5740
0,VID_20250114_121034,5750
0,VID_20250114_121034,5760
0,VID_20250114_121034,5770
0,VID_20250114_121034,5780
0,VID_20250114_121034,5790
0,VID_20250114_121034,5800
0,VID_20250114_121034,5810
0,VID_20250114_121034,5820
0,VID_20250114_121034,5830
0,VID_20250114_121034,5840
0,VID_20250114_121034,5850
0,VID_20250114_121034,5860
0,VID_20250114_121034,5870
0,VID_20250114_121034,5880
0,VID_20250114_121034,5890
0,VID_20250114_121034,5900
0,VID_20250114_121034,5910
0,VID_20250114_121034,5920
0,VID_20250114_121034,5930
0,VID_20250114_121034,5940
0,VID_20250114_121034,5950
0,VID_20250114_121034,5960
0,VID_20250114_121034,5970
0,VID_20250114_121034,5980
0,VID_20250114_121034,5990
0,VID_20250114_121034,6000
0,VID_20250114_121034,6010
0,VID_20250114_121034,6020
0,VID_20250114_121034,6030
0,VID_20250114_121034,6040
0,VID_20250114_121034,6050
0,VID_20250114_121034,6060
0,VID_20250114_121034,6070
0,VID_20250114_121034,6080
0,VID_20250114_121034,6090
0,VID_20250114_121034,6100
0,VID_20250114_121034,6110
0,VID_20250114_121034,6120
0,VID_20250114_121034,6130
0,VID_20250114_121034,6140
0,VID_20250114_121034,6150
0,VID_20250114_121034,6160
0,VID_20250114_121034,6170
0,VID_20250114_121034,6180
0,VID_20250114_121034,6190
0,VID_20250114_121034,6200
0,VID_20250114_121034,6210
0,VID_20250114_121034,6220
0,VID_20250114_121034,6230
0,VID_20250114_121034,6240
0,VID_20250114_121034,6250
0,VID_20250114_121034,6260
0,VID_20250114_121034,6270
0,VID_20250114_121034,6280
0,VID_20250114_121034,6290
0,VID_20250114_121034,6300
0,VID_20250114_121034,6310
0,VID_20250114_121034,6320
0,VID_20250114_121034,6330
0,VID_20250114_121034,6340
0,VID_20250114_121034,6350
0,VID_20250114_121034,6360
0,VID_20250114_121034,6370
0,VID_20250114_121034,6380
0,VID_20250114_121034,6390
0,VID_20250114_121034,6400
0,VID_20250114_121034,6410
0,VID_20250114_121034,6420
0,VID_20250114_121034,6430
0,VID_20250114_121034,6440
0,VID_20250114_121034,6450
0,VID_20250114_121034,6460
0,VID_20250114_121034,6470
0,VID_20250114_121034,6480
0,VID_20250114_121034,6490
0,VID_20250114_121034,6500
0,VID_20250114_121034,6510
0,VID_20250114_121034,6520
0,VID_20250114_121034,6530
0,VID_20250114_121034,6540
0,VID_20250114_121034,6550
0,VID_20250114_121034,6560
0,VID_20250114_121034,6570
0,VID_20250114_121034,6580
0,VID_20250114_121034,6590
0,VID_20250114_121034,6600
0,VID_20250114_121034,6610
0,VID_20250114_121034,6620
0,VID_20250114_121034,6630
0,VID_20250114_121034,6640
0,VID_20250114_121034,6650
0,VID_20250114_121034,6660
0,VID_20250114_121034,6670
0,VID_20250114_121034,6680
0,VID_20250114_121034,6690
0,VID_20250114_121034,6700
0,VID_20250114_121034,6710
0,VID_20250114_121034,6720
0,VID_20250114_121034,6730
0,VID_20250114_121034,6740
0,VID_20250114_121034,6750
0,VID_20250114_121034,6760
0,VID_20250114_121034,6770
0,VID_20250114_121034,6780
0,VID_20250114_121034,6790
0,VID_20250114_121034,6800
0,VID_20250114_121034,6810
0,VID_20250114_121034,6820
0,VID_20250114_121034,6830
0,VID_20250114_121034,6840
0,VID_20250114_121034,6850
0,VID_20250114_121034,6860
0,VID_20250114_121034,6870
0,VID_20250114_121034,6880
0,VID_20250114_121034,6890
0,VID_20250114_121034,6900
0,VID_20250114_121034,6910
0,VID_20250114_121034,6920
0,VID_20250114_121034,6930
0,VID_20250114_121034,6940
0,VID_20250114_121034,6950
0,VID_20250114_121034,6960
0,VID_20250114_121034,6970
0,VID_20250114_121034,6980
0,VID_20250114_121034,6990
0,VID_20250114_121034,7000
0,VID_20250114_121034,7010
0,VID_20250114_121034,7020
0,VID_20250114_121034,7030
0,VID_20250114_121034,7040
0,VID_20250114_121034,7050
0,VID_20250114_121034,7060
0,VID_20250114_121034,7070
0,VID_20250114_121034,7080
0,VID_20250114_121034,7090
0,VID_20250114_121034,7100
0,VID_20250114_121034,7110
0,VID_20250114_121034,7120
0,VID_20250114_121034,7130
0,VID_20250114_121034,7140
0,VID_20250114_121034,7150
0,VID_20250114_121034,7160
0,VID_20250114_121034,7170
0,VID_20250114_121034,7180
0,VID_20250114_121034,7190
0,VID_20250114_121034,7200
0,VID_20250114_121034,7210
0,VID_20250114_121034,7220
0,VID_20250114_121034,7230
0,VID_20250114_121034,7240
0,VID_20250114_121034,7250
0,VID_20250114_121034,7260
0,VID_20250114_121034,7270
0,VID_20250114_121034,7280
0,VID_20250114_121034,7290
0,VID_20250114_121034,7300
0,VID_20250114_121034,7310
0,VID_20250114_121034,7320
0,VID_20250114_121034,7330
0,VID_20250114_121034,7340
0,VID_20250114_121034,7350
0,VID_20250114_121034,7360
0,VID_20250114_121034,7370
0,VID_20250114_121034,7380
0,VID_20250114_121034,7390
0,VID_20250114_121034,7400
0,VID_20250114_121034,7410
0,VID_20250114_121034,7420
0,VID_20250114_121034,7430
0,VID_20250114_121034,7440
0,VID_20250114_121034,7450
0,VID_20250114_121034,7460
0,VID_20250114_121034,7470
0,VID_20250114_121034,7480
0,VID_20250114_121034,7490
0,VID_20250114_121034,7500
0,VID_20250114_121034,7510
0,VID_20250114_121034,7520
0,VID_20250114_121034,7530
0,VID_20250114_121034,7540
0,VID_20250114_121034,7550
0,VID_20250114_121034,7560
0,VID_20250114_121034,7570
0,VID_20250114_121034,7580
0,VID_20250114_121034,7590
0,VID_20250114_121034,7600
0,VID_20250114_121034,7610
0,VID_20250114_121034,7620
0,VID_20250114_121034,7630
0,VID_20250114_121034,7640
0,VID_20250114_121034,7650
0,VID_20250114_121034,7660
0,VID_20250114_121034,7670
0,VID_20250114_121034,7680
0,VID_20250114_121034,7690
0,VID_20250114_121034,7700
0,VID_20250114_121034,7710
0,VID_20250114_121034,7720
0,VID_20250114_121034,7730
0,VID_20250114_121034,7740
0,VID_20250114_121034,7750
0,VID_20250114_121034,7760
0,VID_20250114_121034,7770
0,VID_20250114_121034,7780
0,VID_20250114_121034,7790
0,VID_20250114_121034,7800
0,VID_20250114_121034,7810
0,VID_20250114_121034,7820
0,VID_20250114_121034,7830
0,VID_20250114_121034,7840
0,VID_20250114_121034,7850
0,VID_20250114_121034,7860
0,VID_20250114_121034,7870
0,VID_20250114_121034,7880
0,VID_20250114_121034,7890
0,VID_20250114_121034,7900
0,VID_20250114_121034,7910
0,VID_20250114_121034,7920
0,VID_20250114_121034,7930
0,VID_20250114_121034,7940
0,VID_20250114_121034,7950
0,VID_20250114_121034,7960
0,VID_20250114_121034,7970
0,VID_20250114_121034,7980
0,VID_20250114_121034,7990
0,VID_20250114_121034,8000
0,VID_20250114_121034,8010
0,VID_20250114_121034,8020
0,VID_20250114_121034,8030
0,VID_20250114_121034,8040
0,VID_20250114_121034,8050
0,VID_20250114_121034,8060
0,VID_20250114_121034,8070
0,VID_20250114_121034,8080
0,VID_20250114_121034,8090
0,VID_20250114_121034,8100
0,VID_20250114_121034,8110
0,VID_20250114_121034,8120
0,VID_20250114_121034,8130
0,VID_20250114_121034,8140
0,VID_20250114_121034,8150
0,VID_20250114_121034,8160
0,VID_20250114_121034,8170
0,VID_20250114_121034,8180
0,VID_20250114_121034,8190
0,VID_20250114_121034,8200
0,VID_20250114_121034,8210
0,VID_20250114_121034,8220
0,VID_20250114_121034,8230
0,VID_20250114_121034,8240
0,VID_20250114_121034,8250
0,VID_20250114_121034,8260
0,VID_20250114_121034,8270
0,VID_20250114_121034,8280
0,VID_20250114_121034,8290
0,VID_20250114_121034,8300
0,VID_20250114_121034,8310
0,VID_20250114_121034,8320
0,VID_20250114_121034,8330
0,VID_20250114_121034,8340
0,VID_20250114_121034,8350
0,VID_20250114_121034,8360
0,VID_20250114_121034,8370
0,VID_20250114_121034,8380
0,VID_20250114_121034,8390
0,VID_20250114_121034,8400
0,VID_20250114_121034,8410
0,VID_20250114_121034,8420
0,VID_20250114_121034,8430
0,VID_20250114_121034,8440
0,VID_20250114_121034,8450
0,VID_20250114_121034,8460
0,VID_20250114_121034,8470
0,VID_20250114_121034,8480
0,VID_20250114_121034,8490
0,VID_20250114_121034,8500
0,VID_20250114_121034,8510
0,VID_20250114_121034,8520
0,VID_20250114_121034,8530
0,VID_20250114_121034,8540
0,VID_20250114_121034,8550
0,VID_20250114_121034,8560
0,VID_20250114_121034,8570
0,VID_20250114_121034,8580
0,VID_20250114_121034,8590
0,VID_20250114_121034,8600
0,VID_20250114_121034,8610
0,VID_20250114_121034,8620
0,VID_20250114_121034,8630
0,VID_20250114_121034,8640
0,VID_20250114_121034,8650
0,VID_20250114_121034,8660
0,VID_20250114_121034,8670
0,VID_20250114_121034,8680
0,VID_20250114_121034,8690
0,VID_20250114_121034,8700
0,VID_20250114_121034,8710
0,VID_20250114_121034,8720
0,VID_20250114_121034,8730
0,VID_20250114_121034,8740
0,VID_20250114_121034,8750
0,VID_20250114_121034,8760
0,VID_20250114_121034,8770
0,VID_20250114_121034,8780
0,VID_20250114_121034,8790
0,VID_20250114_121034,8800
0,VID_20250114_121034,8810
0,VID_20250114_121034,8820
0,VID_20250114_121034,8830
0,VID_20250114_121034,8840
0,VID_20250114_121034,8850
0,VID_20250114_121034,8860
0,VID_20250114_121034,8870
0,VID_20250114_121034,8880
0,VID_20250114_121034,8890
0,VID_20250114_121034,8900
0,VID_20250114_121034,8910
0,VID_20250114_121034,8920
0,VID_20250114_121034,8930
0,VID_20250114_121034,8940
0,VID_20250114_121034,8950
0,VID_20250114_121034,8960
0,VID_20250114_121034,8970
0,VID_20250114_121034,8980
0,VID_20250114_121034,8990
0,VID_20250114_121034,9000
0,VID_20250114_121034,9010
0,VID_20250114_121034,9020
0,VID_20250114_121034,9030
0,VID_20250114_121034,9040
0,VID_20250114_121034,9050
0,VID_20250114_121034,9060
0,VID_20250114_121034,9070
0,VID_20250114_121034,9080
0,VID_20250114_121034,9090
0,VID_20250114_121034,9100
0,VID_20250114_121034,9110
0,VID_20250114_121034,9120
0,VID_20250114_121034,9130
0,VID_20250114_121034,9140
0,VID_20250114_121034,9150
0,VID_20250114_121034,9160
0,VID_20250114_121034,9170
0,VID_20250114_121034,9180
0,VID_20250114_121034,9190
0,VID_20250114_121034,9200
0,VID_20250114_121034,9210
0,VID_20250114_121034,9220
0,VID_20250114_121034,9230
0,VID_20250114_121034,9240
0,VID_20250114_121034,9250
0,VID_20250114_121034,9260
0,VID_20250114_121034,9270
0,VID_20250114_121034,9280
0,VID_20250114_121034,9290
0,VID_20250114_121034,9300
0,VID_20250114_121034,9310
0,VID_20250114_121034,9320
0,VID_20250114_121034,9330
0,VID_20250114_121034,9340
0,VID_20250114_121034,9350
0,VID_20250114_121034,9360
0,VID_20250114_121034,9370
0,VID_20250114_121034,9380
0,VID_20250114_121034,9390
0,VID_20250114_121034,9400
0,VID_20250114_121034,9410
0,VID_20250114_121034,9420
0,VID_20250114_121034,9430
0,VID_20250114_121034,9440
0,VID_20250114_121034,9450
0,VID_20250114_121034,9460
0,VID_20250114_121034,9470
0,VID_20250114_121034,9480
0,VID_20250114_121034,9490
0,VID_20250114_121034,9500
0,VID_20250114_121034,9510
0,VID_20250114_121034,9520
0,VID_20250114_121034,9530
0,VID_20250114_121034,9540
0,VID_20250114_121034,9550
0,VID_20250114_121034,9560
0,VID_20250114_121034,9570
0,VID_20250114_121034,9580
0,VID_20250114_121034,9590
0,VID_20250114_121034,9600
0,VID_20250114_121034,9610
0,VID_20250114_121034,9620
0,VID_20250114_121034,9630
0,VID_20250114_121034,9640
0,VID_20250114_121034,9650
0,VID_20250114_121034,9660
0,VID_20250114_121034,9670
0,VID_20250114_121034,9680
0,VID_20250114_121034,9690
0,VID_20250114_121034,9700
0,VID_20250114_121034,9710
0,VID_20250114_121034,9720
0,VID_20250114_121034,9730
0,VID_20250114_121034,9740
0,VID_20250114_121034,9750
0,VID_20250114_121034,9760
0,VID_20250114_121034,9770
0,VID_20250114_121034,9780
0,VID_20250114_121034,9790
0,VID_20250114_121034,9800
0,VID_20250114_121034,9810
0,VID_20250114_121034,9820
0,VID_20250114_121034,9830
0,VID_20250114_121034,9840
0,VID_20250114_121034,9850
0,VID_20250114_121034,9860
0,VID_20250114_121034,9870
0,VID_20250114_121034,9880
0,VID_20250114_121034,9890
0,VID_20250114_121034,9900
0,VID_20250114_121034,9910
0,VID_20250114_121034,9920
0,VID_20250114_121034,9930
0,VID_20250114_121034,9940
0,VID_20250114_121034,9950
0,VID_20250114_121034,9960
0,VID_20250114_121034,9970
0,VID_20250114_121034,9980
0,VID_20250114_121034,9990
0,VID_20250114_121034,10000
1,VID_20250114_121034,10050
1,VID_20250114_121034,10060
1,VID_20250114_121034,10070
1,VID_20250114_121034,10080
1,VID_20250114_121034,10090
1,VID_20250114_121034,10100
1,VID_20250114_121034,10110
1,VID_20250114_121034,10120
1,VID_20250114_121034,10130
1,VID_20250114_121034,10140
1,VID_20250114_121034,10150
1,VID_20250114_121034,10160
1,VID_20250114_121034,10170
1,VID_20250114_121034,10180
1,VID_20250114_121034,10190
1,VID_20250114_121034,10200
1,VID_20250114_121034,10210
1,VID_20250114_121034,10220
1,VID_20250114_121034,10230
1,VID_20250114_121034,10240
1,VID_20250114_121034,10250
1,VID_20250114_121034,10260
1,VID_20250114_121034,10270
1,VID_20250114_121034,10280
1,VID_20250114_121034,10290
1,VID_20250114_121034,10300
1,VID_20250114_121034,10310
1,VID_20250114_121034,10320
1,VID_20250114_121034,10330
1,VID_20250114_121034,10340
1,VID_20250114_121034,10350
1,VID_20250114_121034,10360
1,VID_20250114_121034,10370
1,VID_20250114_121034,10380
1,VID_20250114_121034,10390
1,VID_20250114_121034,10400
1,VID_20250114_121034,10410
1,VID_20250114_121034,10420
1,VID_20250114_121034,10430
1,VID_20250114_121034,10440
1,VID_20250114_121034,10450
1,VID_20250114_121034,10460
1,VID_20250114_121034,10470
1,VID_20250114_121034,10480
1,VID_20250114_121034,10490
1,VID_20250114_121034,10500
1,VID_20250114_121034,10510
1,VID_20250114_121034,10520
1,VID_20250114_121034,10530
1,VID_20250114_121034,10540
1,VID_20250114_121034,10550
1,VID_20250114_121034,10560
1,VID_20250114_121034,10570
1,VID_20250114_121034,10580
1,VID_20250114_121034,10590
1,VID_20250114_121034,10600
1,VID_20250114_121034,10610
1,VID_20250114_121034,10620
1,VID_20250114_121034,10630
1,VID_20250114_121034,10640
1,VID_20250114_121034,10650
1,VID_20250114_121034,10660
1,VID_20250114_121034,10670
1,VID_20250114_121034,10680
1,VID_20250114_121034,10690
1,VID_20250114_121034,10700
1,VID_20250114_121034,10710
1,VID_20250114_121034,10720
1,VID_20250114_121034,10730
1,VID_20250114_121034,10740
1,VID_20250114_121034,10750
1,VID_20250114_121034,10760
1,VID_20250114_121034,10770
1,VID_20250114_121034,10780
1,VID_20250114_121034,10790
1,VID_20250114_121034,10800
1,VID_20250114_121034,10810
1,VID_20250114_121034,10820
1,VID_20250114_121034,10830
1,VID_20250114_121034,10840
1,VID_20250114_121034,10850
1,VID_20250114_121034,10860
1,VID_20250114_121034,10870
1,VID_20250114_121034,10880
1,VID_20250114_121034,10890
1,VID_20250114_121034,10900
1,VID_20250114_121034,10910
1,VID_20250114_121034,10920
1,VID_20250114_121034,10930
1,VID_20250114_121034,10940
1,VID_20250114_121034,10950
1,VID_20250114_121034,10960
1,VID_20250114_121034,10970
1,VID_20250114_121034,10980
1,VID_20250114_121034,10990
1,VID_20250114_121034,11000
1,VID_20250114_121034,11010
1,VID_20250114_121034,11020
1,VID_20250114_121034,11030
1,VID_20250114_121034,11040
1,VID_20250114_121034,11050
1,VID_20250114_121034,11060
1,VID_20250114_121034,11070
1,VID_20250114_121034,11080
1,VID_20250114_121034,11090
1,VID_20250114_121034,11100
1,VID_20250114_121034,11110
1,VID_20250114_121034,11120
1,VID_20250114_121034,11130
1,VID_20250114_121034,11140
1,VID_20250114_121034,11150
1,VID_20250114_121034,11160
1,VID_20250114_121034,11170
1,VID_20250114_121034,11180
1,VID_20250114_121034,11190
1,VID_20250114_121034,11200
1,VID_20250114_121034,11210
1,VID_20250114_121034,11220
1,VID_20250114_121034,11230
1,VID_20250114_121034,11240
1,VID_20250114_121034,11250
1,VID_20250114_121034,11260
1,VID_20250114_121034,11270
1,VID_20250114_121034,11280
1,VID_20250114_121034,11290
1,VID_20250114_121034,11300
1,VID_20250114_121034,11310
1,VID_20250114_121034,11320
1,VID_20250114_121034,11330
1,VID_20250114_121034,11340
1,VID_20250114_121034,11350
1,VID_20250114_121034,11360
1,VID_20250114_121034,11370
1,VID_20250114_121034,11380
1,VID_20250114_121034,11390
1,VID_20250114_121034,11400
1,VID_20250114_121034,11410
1,VID_20250114_121034,11420
1,VID_20250114_121034,11430
1,VID_20250114_121034,11440
1,VID_20250114_121034,11450
1,VID_20250114_121034,11460
1,VID_20250114_121034,11470
1,VID_20250114_121034,11480
1,VID_20250114_121034,11490
1,VID_20250114_121034,11500
1,VID_20250114_121034,11510
1,VID_20250114_121034,11520
1,VID_20250114_121034,11530
1,VID_20250114_121034,11540
1,VID_20250114_121034,11550
1,VID_20250114_121034,11560
1,VID_20250114_121034,11570
1,VID_20250114_121034,11580
1,VID_20250114_121034,11590
1,VID_20250114_121034,11600
1,VID_20250114_121034,11610
1,VID_20250114_121034,11620
1,VID_20250114_121034,11630
1,VID_20250114_121034,11640
1,VID_20250114_121034,11650
1,VID_20250114_121034,11660
1,VID_20250114_121034,11670
1,VID_20250114_121034,11680
1,VID_20250114_121034,11690
1,VID_20250114_121034,11700
1,VID_20250114_121034,11710
1,VID_20250114_121034,11720
1,VID_20250114_121034,11730
1,VID_20250114_121034,11740
1,VID_20250114_121034,11750
1,VID_20250114_121034,11760
1,VID_20250114_121034,11770
1,VID_20250114_121034,11780
1,VID_20250114_121034,11790
1,VID_20250114_121034,11800
1,VID_20250114_121034,11810
1,VID_20250114_121034,11820
1,VID_20250114_121034,11830
1,VID_20250114_121034,11840
1,VID_20250114_121034,11850
1,VID_20250114_121034,11860
1,VID_20250114_121034,11870
1,VID_20250114_121034,11880
1,VID_20250114_121034,11890
1,VID_20250114_121034,11900
1,VID_20250114_121034,11910
1,VID_20250114_121034,11920
1,VID_20250114_121034,11930
1,VID_20250114_121034,11940
1,VID_20250114_121034,11950
1,VID_20250114_121034,11960
1,VID_20250114_121034,11970
1,VID_20250114_121034,11980
1,VID_20250114_121034,11990
1,VID_20250114_121034,12000
1,VID_20250114_121034,12010
1,VID_20250114_121034,12020
1,VID_20250114_121034,12030
1,VID_20250114_121034,12040
1,VID_20250114_121034,12050
1,VID_20250114_121034,12060
1,VID_20250114_121034,12070
1,VID_20250114_121034,12080
1,VID_20250114_121034,12090
1,VID_20250114_121034,12100
1,VID_20250114_121034,12110
1,VID_20250114_121034,12120
1,VID_20250114_121034,12130
1,VID_20250114_121034,12140
1,VID_20250114_121034,12150
1,VID_20250114_121034,12160
1,VID_20250114_121034,12170
1,VID_20250114_121034,12180
1,VID_20250114_121034,12190
1,VID_20250114_121034,12200
1,VID_20250114_121034,12210
1,VID_20250114_121034,12220
1,VID_20250114_121034,12230
1,VID_20250114_121034,12240
1,VID_20250114_121034,12250
1,VID_20250114_121034,12260
1,VID_20250114_121034,12270
1,VID_20250114_121034,12280
1,VID_20250114_121034,12290
1,VID_20250114_121034,12300
1,VID_20250114_121034,12310
1,VID_20250114_121034,12320
1,VID_20250114_121034,12330
1,VID_20250114_121034,12340
1,VID_20250114_121034,12350
1,VID_20250114_121034,12360
1,VID_20250114_121034,12370
1,VID_20250114_121034,12380
1,VID_20250114_121034,12390
1,VID_20250114_121034,12400
1,VID_20250114_121034,12410
1,VID_20250114_121034,12420
1,VID_20250114_121034,12430
1,VID_20250114_121034,12440
1,VID_20250114_121034,12450
1,VID_20250114_121034,12460
1,VID_20250114_121034,12470
1,VID_20250114_121034,12480
1,VID_20250114_121034,12490
1,VID_20250114_121034,12500
1,VID_20250114_121034,12510
1,VID_20250114_121034,12520
1,VID_20250114_121034,12530
1,VID_20250114_121034,12540
1,VID_20250114_121034,12550
1,VID_20250114_121034,12560
1,VID_20250114_121034,12570
1,VID_20250114_121034,12580
1,VID_20250114_121034,12590
1,VID_20250114_121034,12600
1,VID_20250114_121034,12610
1,VID_20250114_121034,12620
1,VID_20250114_121034,12630
1,VID_20250114_121034,12640
1,VID_20250114_121034,12650
1,VID_20250114_121034,12660
1,VID_20250114_121034,12670
1,VID_20250114_121034,12680
1,VID_20250114_121034,12690
1,VID_20250114_121034,12700
1,VID_20250114_121034,12710
1,VID_20250114_121034,12720
1,VID_20250114_121034,12730
1,VID_20250114_121034,12740
1,VID_20250114_121034,12750
1,VID_20250114_121034,12760
1,VID_20250114_121034,12770
1,VID_20250114_121034,12780
1,VID_20250114_121034,12790
1,VID_20250114_121034,12800
1,VID_20250114_121034,12810
1,VID_20250114_121034,12820
1,VID_20250114_121034,12830
1,VID_20250114_121034,12840
1,VID_20250114_121034,12850
1,VID_20250114_121034,12860
1,VID_20250114_121034,12870
1,VID_20250114_121034,12880
1,VID_20250114_121034,12890
1,VID_20250114_121034,12900
1,VID_20250114_121034,12910
1,VID_20250114_121034,12920
1,VID_20250114_121034,12930
1,VID_20250114_121034,12940
1,VID_20250114_121034,12950
1,VID_20250114_121034,12960
1,VID_20250114_121034,12970
1,VID_20250114_121034,12980
1,VID_20250114_121034,12990
1,VID_20250114_121034,13000
1,VID_20250114_121034,13010
1,VID_20250114_121034,13020
1,VID_20250114_121034,13030
1,VID_20250114_121034,13040
1,VID_20250114_121034,13050
1,VID_20250114_121034,13060
1,VID_20250114_121034,13070
1,VID_20250114_121034,13080
1,VID_20250114_121034,13090
1,VID_20250114_121034,13100
1,VID_20250114_121034,13110
1,VID_20250114_121034,13120
1,VID_20250114_121034,13130
1,VID_20250114_121034,13140
1,VID_20250114_121034,13150
1,VID_20250114_121034,13160
1,VID_20250114_121034,13170
1,VID_20250114_121034,13180
1,VID_20250114_121034,13190
1,VID_20250114_121034,13200
1,VID_20250114_121034,13210
1,VID_20250114_121034,13220
1,VID_20250114_121034,13230
1,VID_20250114_121034,13240
1,VID_20250114_121034,13250
1,VID_20250114_121034,13260
1,VID_20250114_121034,13270
1,VID_20250114_121034,13280
1,VID_20250114_121034,13290
1,VID_20250114_121034,13300
1,VID_20250114_121034,13310
1,VID_20250114_121034,13320
1,VID_20250114_121034,13330
1,VID_20250114_121034,13340
1,VID_20250114_121034,13350
1,VID_20250114_121034,13360
1,VID_20250114_121034,13370
1,VID_20250114_121034,13380
1,VID_20250114_121034,13390
1,VID_20250114_121034,13400
1,VID_20250114_121034,13410
1,VID_20250114_121034,13420
1,VID_20250114_121034,13430
1,VID_20250114_121034,13440
1,VID_20250114_121034,13450
1,VID_20250114_121034,13460
1,VID_20250114_121034,13470
1,VID_20250114_121034,13480
1,VID_20250114_121034,13490
1,VID_20250114_121034,13500
1,VID_20250114_121034,13510
1,VID_20250114_121034,13520
1,VID_20250114_121034,13530
1,VID_20250114_121034,13540
1,VID_20250114_121034,13550
1,VID_20250114_121034,13560
1,VID_20250114_121034,13570
1,VID_20250114_121034,13580
1,VID_20250114_121034,13590
1,VID_20250114_121034,13600
1,VID_20250114_121034,13610
1,VID_20250114_121034,13620
1,VID_20250114_121034,13630
1,VID_20250114_121034,13640
1,VID_20250114_121034,13650
1,VID_20250114_121034,13660
1,VID_20250114_121034,13670
1,VID_20250114_121034,13680
1,VID_20250114_121034,13690
1,VID_20250114_121034,13700
1,VID_20250114_121034,13710
1,VID_20250114_121034,13720
1,VID_20250114_121034,13730
1,VID_20250114_121034,13740
1,VID_20250114_121034,13750
1,VID_20250114_121034,13760
1,VID_20250114_121034,13770
1,VID_20250114_121034,13780
1,VID_20250114_121034,13790
1,VID_20250114_121034,13800
1,VID_20250114_121034,13810
1,VID_20250114_121034,13820
1,VID_20250114_121034,13830
1,VID_20250114_121034,13840
1,VID_20250114_121034,13850
1,VID_20250114_121034,13860
1,VID_20250114_121034,13870
1,VID_20250114_121034,13880
1,VID_20250114_121034,13890
1,VID_20250114_121034,13900
1,VID_20250114_121034,13910
1,VID_20250114_121034,13920
1,VID_20250114_121034,13930
1,VID_20250114_121034,13940
1,VID_20250114_121034,13950
1,VID_20250114_121034,13960
1,VID_20250114_121034,13970
1,VID_20250114_121034,13980
1,VID_20250114_121034,13990
1,VID_20250114_121034,14000
1,VID_20250114_121034,14010
1,VID_20250114_121034,14020
1,VID_20250114_121034,14030
1,VID_20250114_121034,14040
1,VID_20250114_121034,14050
1,VID_20250114_121034,14060
1,VID_20250114_121034,14070
1,VID_20250114_121034,14080
1,VID_20250114_121034,14090
1,VID_20250114_121034,14100
1,VID_20250114_121034,14110
1,VID_20250114_121034,14120
1,VID_20250114_121034,14130
1,VID_20250114_121034,14140
1,VID_20250114_121034,14150
1,VID_20250114_121034,14160
1,VID_20250114_121034,14170
1,VID_20250114_121034,14180
1,VID_20250114_121034,14190
1,VID_20250114_121034,14200
1,VID_20250114_121034,14210
1,VID_20250114_121034,14220
1,VID_20250114_121034,14230
1,VID_20250114_121034,14240
1,VID_20250114_121034,14250
1,VID_20250114_121034,14260
1,VID_20250114_121034,14270
1,VID_20250114_121034,14280
1,VID_20250114_121034,14290
1,VID_20250114_121034,14300
1,VID_20250114_121034,14310
1,VID_20250114_121034,14320
1,VID_20250114_121034,14330
1,VID_20250114_121034,14340
1,VID_20250114_121034,14350
1,VID_20250114_121034,14360
1,VID_20250114_121034,14370
1,VID_20250114_121034,14380
1,VID_20250114_121034,14390
1,VID_20250114_121034,14400
1,VID_20250114_121034,14410
1,VID_20250114_121034,14420
1,VID_20250114_121034,14430
1,VID_20250114_121034,14440
1,VID_20250114_121034,14450
1,VID_20250114_121034,14460
1,VID_20250114_121034,14470
1,VID_20250114_121034,14480
1,VID_20250114_121034,14490
1,VID_20250114_121034,14500
1,VID_20250114_121034,14510
1,VID_20250114_121034,14520
1,VID_20250114_121034,14530
1,VID_20250114_121034,14540
1,VID_20250114_121034,14550
1,VID_20250114_121034,14560
1,VID_20250114_121034,14570
1,VID_20250114_121034,14580
1,VID_20250114_121034,14590
1,VID_20250114_121034,14600
1,VID_20250114_121034,14610
1,VID_20250114_121034,14620
1,VID_20250114_121034,14630
1,VID_20250114_121034,14640
1,VID_20250114_121034,14650
1,VID_20250114_121034,14660
1,VID_20250114_121034,14670
1,VID_20250114_121034,14680
1,VID_20250114_121034,14690
1,VID_20250114_121034,14700
1,VID_20250114_121034,14710
1,VID_20250114_121034,14720
1,VID_20250114_121034,14730
1,VID_20250114_121034,14740
1,VID_20250114_121034,14750
1,VID_20250114_121034,14760
1,VID_20250114_121034,14770
1,VID_20250114_121034,14780
1,VID_20250114_121034,14790
1,VID_20250114_121034,14800
1,VID_20250114_121034,14810
1,VID_20250114_121034,14820
1,VID_20250114_121034,14830
1,VID_20250114_121034,14840
1,VID_20250114_121034,14850
1,VID_20250114_121034,14860
1,VID_20250114_121034,14870
1,VID_20250114_121034,14880
1,VID_20250114_121034,14890
1,VID_20250114_121034,14900
1,VID_20250114_121034,14910
1,VID_20250114_121034,14920
1,VID_20250114_121034,14930
1,VID_20250114_121034,14940
1,VID_20250114_121034,14950
1,VID_20250114_121034,14960
1,VID_20250114_121034,14970
1,VID_20250114_121034,14980
1,VID_20250114_121034,14990
1,VID_20250114_121034,15000
1,VID_20250114_121034,15010
1,VID_20250114_121034,15020
1,VID_20250114_121034,15030
1,VID_20250114_121034,15040
1,VID_20250114_121034,15050
1,VID_20250114_121034,15060
1,VID_20250114_121034,15070
1,VID_20250114_121034,15080
1,VID_20250114_121034,15090
1,VID_20250114_121034,15100
1,VID_20250114_121034,15110
1,VID_20250114_121034,15120
1,VID_20250114_121034,15130
1,VID_20250114_121034,15140
1,VID_20250114_121034,15150
1,VID_20250114_121034,15160
1,VID_20250114_121034,15170
1,VID_20250114_121034,15180
1,VID_20250114_121034,15190
1,VID_20250114_121034,15200
1,VID_20250114_121034,15210
1,VID_20250114_121034,15220
1,VID_20250114_121034,15230
1,VID_20250114_121034,15240
1,VID_20250114_121034,15250
1,VID_20250114_121034,15260
1,VID_20250114_121034,15270
1,VID_20250114_121034,15280
1,VID_20250114_121034,15290
1,VID_20250114_121034,15300
1,VID_20250114_121034,15310
1,VID_20250114_121034,15320
1,VID_20250114_121034,15330
1,VID_20250114_121034,15340
1,VID_20250114_121034,15350
1,VID_20250114_121034,15360
1,VID_20250114_121034,15370
1,VID_20250114_121034,15380
1,VID_20250114_121034,15390
1,VID_20250114_121034,15400
1,VID_20250114_121034,15410
1,VID_20250114_121034,15420
1,VID_20250114_121034,15430
1,VID_20250114_121034,15440
1,VID_20250114_121034,15450
1,VID_20250114_121034,15460
1,VID_20250114_121034,15470
1,VID_20250114_121034,15480
1,VID_20250114_121034,15490
1,VID_20250114_121034,15500
1,VID_20250114_121034,15510
1,VID_20250114_121034,15520
1,VID_20250114_121034,15530
1,VID_20250114_121034,15540
1,VID_20250114_121034,15550
1,VID_20250114_121034,15560
1,VID_20250114_121034,15570
1,VID_20250114_121034,15580
1,VID_20250114_121034,15590
1,VID_20250114_121034,15600
1,VID_20250114_121034,15610
1,VID_20250114_121034,15620
1,VID_20250114_121034,15630
1,VID_20250114_121034,15640
1,VID_20250114_121034,15650
1,VID_20250114_121034,15660
1,VID_20250114_121034,15670
1,VID_20250114_121034,15680
1,VID_20250114_121034,15690
1,VID_20250114_121034,15700
1,VID_20250114_121034,15710
1,VID_20250114_121034,15720
1,VID_20250114_121034,15730
1,VID_20250114_121034,15740
1,VID_20250114_121034,15750
1,VID_20250114_121034,15760
1,VID_20250114_121034,15770
1,VID_20250114_121034,15780
1,VID_20250114_121034,15790
1,VID_20250114_121034,15800
1,VID_20250114_121034,15810
1,VID_20250114_121034,15820
1,VID_20250114_121034,15830
1,VID_20250114_121034,15840
1,VID_20250114_121034,15850
1,VID_20250114_121034,15860
1,VID_20250114_121034,15870
1,VID_20250114_121034,15880
1,VID_20250114_121034,15890
1,VID_20250114_121034,15900
1,VID_20250114_121034,15910
1,VID_20250114_121034,15920
1,VID_20250114_121034,15930
1,VID_20250114_121034,15940
1,VID_20250114_121034,15950
1,VID_20250114_121034,15960
1,VID_20250114_121034,15970
1,VID_20250114_121034,15980
1,VID_20250114_121034,15990
1,VID_20250114_121034,16000
1,VID_20250114_121034,16010
1,VID_20250114_121034,16020
1,VID_20250114_121034,16030
1,VID_20250114_121034,16040
1,VID_20250114_121034,16050
1,VID_20250114_121034,16060
1,VID_20250114_121034,16070
1,VID_20250114_121034,16080
1,VID_20250114_121034,16090
1,VID_20250114_121034,16100
1,VID_20250114_121034,16110
1,VID_20250114_121034,16120
1,VID_20250114_121034,16130
1,VID_20250114_121034,16140
1,VID_20250114_121034,16150
1,VID_20250114_121034,16160
1,VID_20250114_121034,16170
1,VID_20250114_121034,16180
1,VID_20250114_121034,16190
1,VID_20250114_121034,16200
1,VID_20250114_121034,16210
1,VID_20250114_121034,16220
1,VID_20250114_121034,16230
1,VID_20250114_121034,16240
1,VID_20250114_121034,16250
1,VID_20250114_121034,16260
1,VID_20250114_121034,16270
1,VID_20250114_121034,16280
1,VID_20250114_121034,16290
1,VID_20250114_121034,16300
1,VID_20250114_121034,16310
1,VID_20250114_121034,16320
1,VID_20250114_121034,16330
1,VID_20250114_121034,16340
1,VID_20250114_121034,16350
1,VID_20250114_121034,16360
1,VID_20250114_121034,16370
1,VID_20250114_121034,16380
1,VID_20250114_121034,16390
1,VID_20250114_121034,16400
1,VID_20250114_121034,16410
1,VID_20250114_121034,16420
1,VID_20250114_121034,16430
1,VID_20250114_121034,16440
1,VID_20250114_121034,16450
1,VID_20250114_121034,16460
1,VID_20250114_121034,16470
1,VID_20250114_121034,16480
1,VID_20250114_121034,16490
1,VID_20250114_121034,16500
1,VID_20250114_121034,16510
1,VID_20250114_121034,16520
1,VID_20250114_121034,16530
1,VID_20250114_121034,16540
1,VID_20250114_121034,16550
1,VID_20250114_121034,16560
1,VID_20250114_121034,16570
1,VID_20250114_121034,16580
1,VID_20250114_121034,16590
2,VID_20250114_121034,17040
2,VID_20250114_121034,17050
2,VID_20250114_121034,17060
2,VID_20250114_121034,17070
2,VID_20250114_121034,17080
2,VID_20250114_121034,17090
2,VID_20250114_121034,17100
2,VID_20250114_121034,17110
2,VID_20250114_121034,17120
2,VID_20250114_121034,17130
2,VID_20250114_121034,17140
2,VID_20250114_121034,17150
2,VID_20250114_121034,17160
2,VID_20250114_121034,17170
2,VID_20250114_121034,17180
2,VID_20250114_121034,17190
2,VID_20250114_121034,17200
2,VID_20250114_121034,17210
2,VID_20250114_121034,17220
2,VID_20250114_121034,17230
2,VID_20250114_121034,17240
2,VID_20250114_121034,17250
2,VID_20250114_121034,17260
2,VID_20250114_121034,17270
2,VID_20250114_121034,17280
2,VID_20250114_121034,17290
2,VID_20250114_121034,17300
2,VID_20250114_121034,17310
2,VID_20250114_121034,17320
2,VID_20250114_121034,17330
2,VID_20250114_121034,17340
2,VID_20250114_121034,17350
2,VID_20250114_121034,17360
2,VID_20250114_121034,17370
2,VID_20250114_121034,17380
2,VID_20250114_121034,17390
2,VID_20250114_121034,17400
2,VID_20250114_121034,17410
2,VID_20250114_121034,17420
2,VID_20250114_121034,17430
2,VID_20250114_121034,17440
2,VID_20250114_121034,17450
2,VID_20250114_121034,17460
2,VID_20250114_121034,17470
2,VID_20250114_121034,17480
2,VID_20250114_121034,17490
2,VID_20250114_121034,17500
2,VID_20250114_121034,17510
2,VID_20250114_121034,17520
2,VID_20250114_121034,17530
2,VID_20250114_121034,17540
2,VID_20250114_121034,17550
2,VID_20250114_121034,17560
2,VID_20250114_121034,17570
2,VID_20250114_121034,17580
2,VID_20250114_121034,17590
2,VID_20250114_121034,17600
2,VID_20250114_121034,17610
2,VID_20250114_121034,17620
2,VID_20250114_121034,17630
2,VID_20250114_121034,17640
2,VID_20250114_121034,17650
2,VID_20250114_121034,17660
2,VID_20250114_121034,17670
2,VID_20250114_121034,17680
2,VID_20250114_121034,17690
2,VID_20250114_121034,17700
2,VID_20250114_121034,17710
2,VID_20250114_121034,17720
2,VID_20250114_121034,17730
2,VID_20250114_121034,17740
2,VID_20250114_121034,17750
2,VID_20250114_121034,17760
2,VID_20250114_121034,17770
2,VID_20250114_121034,17780
2,VID_20250114_121034,17790
2,VID_20250114_121034,17800
2,VID_20250114_121034,17810
2,VID_20250114_121034,17820
2,VID_20250114_121034,17830
2,VID_20250114_121034,17840
2,VID_20250114_121034,17850
2,VID_20250114_121034,17860
2,VID_20250114_121034,17870
2,VID_20250114_121034,17880
2,VID_20250114_121034,17890
2,VID_20250114_121034,17900
2,VID_20250114_121034,17910
2,VID_20250114_121034,17920
2,VID_20250114_121034,17930
2,VID_20250114_121034,17940
2,VID_20250114_121034,17950
2,VID_20250114_121034,17960
2,VID_20250114_121034,17970
2,VID_20250114_121034,17980
2,VID_20250114_121034,17990
2,VID_20250114_121034,18000
2,VID_20250114_121034,18010
2,VID_20250114_121034,18020
2,VID_20250114_121034,18030
2,VID_20250114_121034,18040
2,VID_20250114_121034,18050
2,VID_20250114_121034,18060
2,VID_20250114_121034,18070
2,VID_20250114_121034,18080
2,VID_20250114_121034,18090
2,VID_20250114_121034,18100
2,VID_20250114_121034,18110
2,VID_20250114_121034,18120
0,VID_20250114_121037,0
0,VID_20250114_121037,10
0,VID_20250114_121037,20
0,VID_20250114_121037,30
0,VID_20250114_121037,40
0,VID_20250114_121037,50
0,VID_20250114_121037,60
0,VID_20250114_121037,70
0,VID_20250114_121037,80
0,VID_20250114_121037,90
0,VID_20250114_121037,100
0,VID_20250114_121037,110
0,VID_20250114_121037,120
0,VID_20250114_121037,130
0,VID_20250114_121037,140
0,VID_20250114_121037,150
0,VID_20250114_121037,160
0,VID_20250114_121037,170
0,VID_20250114_121037,180
0,VID_20250114_121037,190
0,VID_20250114_121037,200
0,VID_20250114_121037,210
0,VID_20250114_121037,220
0,VID_20250114_121037,230
0,VID_20250114_121037,240
0,VID_20250114_121037,250
0,VID_20250114_121037,260
0,VID_20250114_121037,270
0,VID_20250114_121037,280
0,VID_20250114_121037,290
0,VID_20250114_121037,300
0,VID_20250114_121037,310
0,VID_20250114_121037,320
0,VID_20250114_121037,330
0,VID_20250114_121037,340
0,VID_20250114_121037,350
0,VID_20250114_121037,360
0,VID_20250114_121037,370
0,VID_20250114_121037,380
0,VID_20250114_121037,390
0,VID_20250114_121037,400
0,VID_20250114_121037,410
0,VID_20250114_121037,420
0,VID_20250114_121037,430
0,VID_20250114_121037,440
0,VID_20250114_121037,450
0,VID_20250114_121037,460
0,VID_20250114_121037,470
0,VID_20250114_121037,480
0,VID_20250114_121037,490
0,VID_20250114_121037,500
0,VID_20250114_121037,510
0,VID_20250114_121037,520
0,VID_20250114_121037,530
0,VID_20250114_121037,540
0,VID_20250114_121037,550
0,VID_20250114_121037,560
0,VID_20250114_121037,570
0,VID_20250114_121037,580
0,VID_20250114_121037,590
0,VID_20250114_121037,600
0,VID_20250114_121037,610
0,VID_20250114_121037,620
0,VID_20250114_121037,630
0,VID_20250114_121037,640
0,VID_20250114_121037,650
0,VID_20250114_121037,660
0,VID_20250114_121037,670
0,VID_20250114_121037,680
0,VID_20250114_121037,690
0,VID_20250114_121037,700
0,VID_20250114_121037,710
0,VID_20250114_121037,720
0,VID_20250114_121037,730
0,VID_20250114_121037,740
0,VID_20250114_121037,750
0,VID_20250114_121037,760
0,VID_20250114_121037,770
0,VID_20250114_121037,780
0,VID_20250114_121037,790
0,VID_20250114_121037,800
0,VID_20250114_121037,810
0,VID_20250114_121037,820
0,VID_20250114_121037,830
0,VID_20250114_121037,840
0,VID_20250114_121037,850
0,VID_20250114_121037,860
0,VID_20250114_121037,870
0,VID_20250114_121037,880
0,VID_20250114_121037,890
0,VID_20250114_121037,900
0,VID_20250114_121037,910
0,VID_20250114_121037,920
0,VID_20250114_121037,930
0,VID_20250114_121037,940
0,VID_20250114_121037,950
0,VID_20250114_121037,960
0,VID_20250114_121037,970
0,VID_20250114_121037,980
0,VID_20250114_121037,990
0,VID_20250114_121037,1000
0,VID_20250114_121037,1010
0,VID_20250114_121037,1020
0,VID_20250114_121037,1030
0,VID_20250114_121037,1040
0,VID_20250114_121037,1050
0,VID_20250114_121037,1060
0,VID_20250114_121037,1070
0,VID_20250114_121037,1080
0,VID_20250114_121037,1090
0,VID_20250114_121037,1100
0,VID_20250114_121037,1110
0,VID_20250114_121037,1120
0,VID_20250114_121037,1130
0,VID_20250114_121037,1140
0,VID_20250114_121037,1150
0,VID_20250114_121037,1160
0,VID_20250114_121037,1170
0,VID_20250114_121037,1180
0,VID_20250114_121037,1190
0,VID_20250114_121037,1200
0,VID_20250114_121037,1210
0,VID_20250114_121037,1220
0,VID_20250114_121037,1230
0,VID_20250114_121037,1240
0,VID_20250114_121037,1250
0,VID_20250114_121037,1260
0,VID_20250114_121037,1270
0,VID_20250114_121037,1280
0,VID_20250114_121037,1290
0,VID_20250114_121037,1300
0,VID_20250114_121037,1310
0,VID_20250114_121037,1320
0,VID_20250114_121037,1330
0,VID_20250114_121037,1340
0,VID_20250114_121037,1350
0,VID_20250114_121037,1360
0,VID_20250114_121037,1370
0,VID_20250114_121037,1380
0,VID_20250114_121037,1390
0,VID_20250114_121037,1400
0,VID_20250114_121037,1410
0,VID_20250114_121037,1420
0,VID_20250114_121037,1430
0,VID_20250114_121037,1440
0,VID_20250114_121037,1450
0,VID_20250114_121037,1460
0,VID_20250114_121037,1470
0,VID_20250114_121037,1480
0,VID_20250114_121037,1490
0,VID_20250114_121037,1500
0,VID_20250114_121037,1510
0,VID_20250114_121037,1520
0,VID_20250114_121037,1530
0,VID_20250114_121037,1540
0,VID_20250114_121037,1550
0,VID_20250114_121037,1560
0,VID_20250114_121037,1570
0,VID_20250114_121037,1580
0,VID_20250114_121037,1590
0,VID_20250114_121037,1600
0,VID_20250114_121037,1610
0,VID_20250114_121037,1620
0,VID_20250114_121037,1630
0,VID_20250114_121037,1640
0,VID_20250114_121037,1650
0,VID_20250114_121037,1660
0,VID_20250114_121037,1740
0,VID_20250114_121037,1750
0,VID_20250114_121037,1760
0,VID_20250114_121037,1770
0,VID_20250114_121037,1780
0,VID_20250114_121037,1790
0,VID_20250114_121037,1800
0,VID_20250114_121037,1810
0,VID_20250114_121037,1820
0,VID_20250114_121037,1830
0,VID_20250114_121037,1840
0,VID_20250114_121037,1850
0,VID_20250114_121037,1860
0,VID_20250114_121037,1870
0,VID_20250114_121037,1880
0,VID_20250114_121037,1890
0,VID_20250114_121037,1900
0,VID_20250114_121037,1910
0,VID_20250114_121037,1920
0,VID_20250114_121037,1930
0,VID_20250114_121037,1940
0,VID_20250114_121037,1950
0,VID_20250114_121037,1960
0,VID_20250114_121037,1970
0,VID_20250114_121037,1980
0,VID_20250114_121037,1990
0,VID_20250114_121037,2000
0,VID_20250114_121037,2010
0,VID_20250114_121037,2020
0,VID_20250114_121037,2030
0,VID_20250114_121037,2040
0,VID_20250114_121037,2050
0,VID_20250114_121037,2060
0,VID_20250114_121037,2070
0,VID_20250114_121037,2080
0,VID_20250114_121037,2090
0,VID_20250114_121037,2100
0,VID_20250114_121037,2110
0,VID_20250114_121037,2120
0,VID_20250114_121037,2130
0,VID_20250114_121037,2140
0,VID_20250114_121037,2150
0,VID_20250114_121037,2160
0,VID_20250114_121037,2170
0,VID_20250114_121037,2180
0,VID_20250114_121037,2190
0,VID_20250114_121037,2200
0,VID_20250114_121037,2210
0,VID_20250114_121037,2220
0,VID_20250114_121037,2230
0,VID_20250114_121037,2240
0,VID_20250114_121037,2250
0,VID_20250114_121037,2260
0,VID_20250114_121037,2270
0,VID_20250114_121037,2280
0,VID_20250114_121037,2290
0,VID_20250114_121037,2300
0,VID_20250114_121037,2310
0,VID_20250114_121037,2320
0,VID_20250114_121037,2330
0,VID_20250114_121037,2340
0,VID_20250114_121037,2350
0,VID_20250114_121037,2360
0,VID_20250114_121037,2370
0,VID_20250114_121037,2380
0,VID_20250114_121037,2390
0,VID_20250114_121037,2400
0,VID_20250114_121037,2410
0,VID_20250114_121037,2420
0,VID_20250114_121037,2430
0,VID_20250114_121037,2440
0,VID_20250114_121037,2450
0,VID_20250114_121037,2460
0,VID_20250114_121037,2470
0,VID_20250114_121037,2480
0,VID_20250114_121037,2490
0,VID_20250114_121037,2500
0,VID_20250114_121037,2510
0,VID_20250114_121037,2520
0,VID_20250114_121037,2530
0,VID_20250114_121037,2540
0,VID_20250114_121037,2550
0,VID_20250114_121037,2560
0,VID_20250114_121037,2570
0,VID_20250114_121037,2580
0,VID_20250114_121037,2590
0,VID_20250114_121037,2600
0,VID_20250114_121037,2610
0,VID_20250114_121037,2620
0,VID_20250114_121037,2630
0,VID_20250114_121037,2640
0,VID_20250114_121037,2650
0,VID_20250114_121037,2660
0,VID_20250114_121037,2670
0,VID_20250114_121037,2680
0,VID_20250114_121037,2690
0,VID_20250114_121037,2700
0,VID_20250114_121037,2710
0,VID_20250114_121037,2720
0,VID_20250114_121037,2730
0,VID_20250114_121037,2740
0,VID_20250114_121037,2750
0,VID_20250114_121037,2760
0,VID_20250114_121037,2770
0,VID_20250114_121037,2780
0,VID_20250114_121037,2790
0,VID_20250114_121037,2800
0,VID_20250114_121037,2810
0,VID_20250114_121037,2820
0,VID_20250114_121037,2830
0,VID_20250114_121037,2840
0,VID_20250114_121037,2850
0,VID_20250114_121037,2860
0,VID_20250114_121037,2870
0,VID_20250114_121037,2880
0,VID_20250114_121037,2890
0,VID_20250114_121037,2900
0,VID_20250114_121037,2910
0,VID_20250114_121037,2920
0,VID_20250114_121037,2930
0,VID_20250114_121037,2940
0,VID_20250114_121037,2950
0,VID_20250114_121037,2960
0,VID_20250114_121037,2970
0,VID_20250114_121037,2980
0,VID_20250114_121037,2990
0,VID_20250114_121037,3000
0,VID_20250114_121037,3010
0,VID_20250114_121037,3020
0,VID_20250114_121037,3030
0,VID_20250114_121037,3040
0,VID_20250114_121037,3050
0,VID_20250114_121037,3060
0,VID_20250114_121037,3070
0,VID_20250114_121037,3080
0,VID_20250114_121037,3090
0,VID_20250114_121037,3100
0,VID_20250114_121037,3110
0,VID_20250114_121037,3120
0,VID_20250114_121037,3130
0,VID_20250114_121037,3140
0,VID_20250114_121037,3150
0,VID_20250114_121037,3160
0,VID_20250114_121037,3170
0,VID_20250114_121037,3180
0,VID_20250114_121037,3190
0,VID_20250114_121037,3200
0,VID_20250114_121037,3210
0,VID_20250114_121037,3220
0,VID_20250114_121037,3230
0,VID_20250114_121037,3240
0,VID_20250114_121037,3250
0,VID_20250114_121037,3260
0,VID_20250114_121037,3270
0,VID_20250114_121037,3280
0,VID_20250114_121037,3290
0,VID_20250114_121037,3300
0,VID_20250114_121037,3310
0,VID_20250114_121037,3320
0,VID_20250114_121037,3330
0,VID_20250114_121037,3340
0,VID_20250114_121037,3350
0,VID_20250114_121037,3360
0,VID_20250114_121037,3370
0,VID_20250114_121037,3380
0,VID_20250114_121037,3390
0,VID_20250114_121037,3400
0,VID_20250114_121037,3410
0,VID_20250114_121037,3420
0,VID_20250114_121037,3430
0,VID_20250114_121037,3440
0,VID_20250114_121037,3450
0,VID_20250114_121037,3460
0,VID_20250114_121037,3470
0,VID_20250114_121037,3480
0,VID_20250114_121037,3490
0,VID_20250114_121037,3500
0,VID_20250114_121037,3510
0,VID_20250114_121037,3520
0,VID_20250114_121037,3530
0,VID_20250114_121037,3540
0,VID_20250114_121037,3550
0,VID_20250114_121037,3560
0,VID_20250114_121037,3570
0,VID_20250114_121037,3580
0,VID_20250114_121037,3590
0,VID_20250114_121037,3600
0,VID_20250114_121037,3610
0,VID_20250114_121037,3620
0,VID_20250114_121037,3630
0,VID_20250114_121037,3640
0,VID_20250114_121037,3650
0,VID_20250114_121037,3660
0,VID_20250114_121037,3670
0,VID_20250114_121037,3680
0,VID_20250114_121037,3690
0,VID_20250114_121037,3700
0,VID_20250114_121037,3710
0,VID_20250114_121037,3720
0,VID_20250114_121037,3730
0,VID_20250114_121037,3740
0,VID_20250114_121037,3750
0,VID_20250114_121037,3760
0,VID_20250114_121037,3770
0,VID_20250114_121037,3780
0,VID_20250114_121037,3790
0,VID_20250114_121037,3800
0,VID_20250114_121037,3810
0,VID_20250114_121037,3820
0,VID_20250114_121037,3830
0,VID_20250114_121037,3840
0,VID_20250114_121037,3850
0,VID_20250114_121037,3860
0,VID_20250114_121037,3870
0,VID_20250114_121037,3880
0,VID_20250114_121037,3890
0,VID_20250114_121037,3900
0,VID_20250114_121037,3910
0,VID_20250114_121037,3920
0,VID_20250114_121037,3930
0,VID_20250114_121037,3940
0,VID_20250114_121037,3950
0,VID_20250114_121037,3960
0,VID_20250114_121037,3970
0,VID_20250114_121037,3980
0,VID_20250114_121037,3990
0,VID_20250114_121037,4000
0,VID_20250114_121037,4010
0,VID_20250114_121037,4020
0,VID_20250114_121037,4030
0,VID_20250114_121037,4040
0,VID_20250114_121037,4050
0,VID_20250114_121037,4060
0,VID_20250114_121037,4070
0,VID_20250114_121037,4080
0,VID_20250114_121037,4090
0,VID_20250114_121037,4100
0,VID_20250114_121037,4110
0,VID_20250114_121037,4120
0,VID_20250114_121037,4130
0,VID_20250114_121037,4140
0,VID_20250114_121037,4150
0,VID_20250114_121037,4160
0,VID_20250114_121037,4170
0,VID_20250114_121037,4180
0,VID_20250114_121037,4190
0,VID_20250114_121037,4200
0,VID_20250114_121037,4210
0,VID_20250114_121037,4220
0,VID_20250114_121037,4230
0,VID_20250114_121037,4240
0,VID_20250114_121037,4250
0,VID_20250114_121037,4260
0,VID_20250114_121037,4270
0,VID_20250114_121037,4280
0,VID_20250114_121037,4290
0,VID_20250114_121037,4300
0,VID_20250114_121037,4310
0,VID_20250114_121037,4320
0,VID_20250114_121037,4330
0,VID_20250114_121037,4340
0,VID_20250114_121037,4350
0,VID_20250114_121037,4360
0,VID_20250114_121037,4370
0,VID_20250114_121037,4380
0,VID_20250114_121037,4390
0,VID_20250114_121037,4400
0,VID_20250114_121037,4410
0,VID_20250114_121037,4420
0,VID_20250114_121037,4430
0,VID_20250114_121037,4440
0,VID_20250114_121037,4450
0,VID_20250114_121037,4460
0,VID_20250114_121037,4470
0,VID_20250114_121037,4480
0,VID_20250114_121037,4490
0,VID_20250114_121037,4500
0,VID_20250114_121037,4510
0,VID_20250114_121037,4520
0,VID_20250114_121037,4530
0,VID_20250114_121037,4540
0,VID_20250114_121037,4550
0,VID_20250114_121037,4560
0,VID_20250114_121037,4570
0,VID_20250114_121037,4580
0,VID_20250114_121037,4590
0,VID_20250114_121037,4600
0,VID_20250114_121037,4610
0,VID_20250114_121037,4620
0,VID_20250114_121037,4630
0,VID_20250114_121037,4640
0,VID_20250114_121037,4650
0,VID_20250114_121037,4660
0,VID_20250114_121037,4670
0,VID_20250114_121037,4680
0,VID_20250114_121037,4690
0,VID_20250114_121037,4700
0,VID_20250114_121037,4710
0,VID_20250114_121037,4720
0,VID_20250114_121037,4730
0,VID_20250114_121037,4740
0,VID_20250114_121037,4750
0,VID_20250114_121037,4760
0,VID_20250114_121037,4770
0,VID_20250114_121037,4780
0,VID_20250114_121037,4790
0,VID_20250114_121037,4800
0,VID_20250114_121037,4810
0,VID_20250114_121037,4820
0,VID_20250114_121037,4830
0,VID_20250114_121037,4840
0,VID_20250114_121037,4850
0,VID_20250114_121037,4860
0,VID_20250114_121037,4870
0,VID_20250114_121037,4880
0,VID_20250114_121037,4890
0,VID_20250114_121037,4900
0,VID_20250114_121037,4910
0,VID_20250114_121037,4920
0,VID_20250114_121037,4930
0,VID_20250114_121037,4940
0,VID_20250114_121037,4950
0,VID_20250114_121037,4960
0,VID_20250114_121037,4970
0,VID_20250114_121037,4980
0,VID_20250114_121037,4990
0,VID_20250114_121037,5000
0,VID_20250114_121037,5010
0,VID_20250114_121037,5020
0,VID_20250114_121037,5030
0,VID_20250114_121037,5040
0,VID_20250114_121037,5050
0,VID_20250114_121037,5060
0,VID_20250114_121037,5070
0,VID_20250114_121037,5080
0,VID_20250114_121037,5090
0,VID_20250114_121037,5100
0,VID_20250114_121037,5110
0,VID_20250114_121037,5120
0,VID_20250114_121037,5130
0,VID_20250114_121037,5140
0,VID_20250114_121037,5150
0,VID_20250114_121037,5160
0,VID_20250114_121037,5170
0,VID_20250114_121037,5180
0,VID_20250114_121037,5190
0,VID_20250114_121037,5200
0,VID_20250114_121037,5210
0,VID_20250114_121037,5220
0,VID_20250114_121037,5230
0,VID_20250114_121037,5240
0,VID_20250114_121037,5250
0,VID_20250114_121037,5260
0,VID_20250114_121037,5270
0,VID_20250114_121037,5280
0,VID_20250114_121037,5290
0,VID_20250114_121037,5300
0,VID_20250114_121037,5310
0,VID_20250114_121037,5320
0,VID_20250114_121037,5330
0,VID_20250114_121037,5340
0,VID_20250114_121037,5350
0,VID_20250114_121037,5360
0,VID_20250114_121037,5370
0,VID_20250114_121037,5380
0,VID_20250114_121037,5390
0,VID_20250114_121037,5400
0,VID_20250114_121037,5410
0,VID_20250114_121037,5420
0,VID_20250114_121037,5430
0,VID_20250114_121037,5440
0,VID_20250114_121037,5450
0,VID_20250114_121037,5460
0,VID_20250114_121037,5470
0,VID_20250114_121037,5480
0,VID_20250114_121037,5490
0,VID_20250114_121037,5500
0,VID_20250114_121037,5510
0,VID_20250114_121037,5520
0,VID_20250114_121037,5530
0,VID_20250114_121037,5540
0,VID_20250114_121037,5550
0,VID_20250114_121037,5560
0,VID_20250114_121037,5570
0,VID_20250114_121037,5580
0,VID_20250114_121037,5590
0,VID_20250114_121037,5600
0,VID_20250114_121037,5610
0,VID_20250114_121037,5620
0,VID_20250114_121037,5630
0,VID_20250114_121037,5640
0,VID_20250114_121037,5650
0,VID_20250114_121037,5660
0,VID_20250114_121037,5670
0,VID_20250114_121037,5680
0,VID_20250114_121037,5690
0,VID_20250114_121037,5700
0,VID_20250114_121037,5710
0,VID_20250114_121037,5720
0,VID_20250114_121037,5730
0,VID_20250114_121037,5740
0,VID_20250114_121037,5750
0,VID_20250114_121037,5760
0,VID_20250114_121037,5770
0,VID_20250114_121037,5780
0,VID_20250114_121037,5790
0,VID_20250114_121037,5800
0,VID_20250114_121037,5810
0,VID_20250114_121037,5820
0,VID_20250114_121037,5830
0,VID_20250114_121037,5840
0,VID_20250114_121037,5850
0,VID_20250114_121037,5860
0,VID_20250114_121037,5870
0,VID_20250114_121037,5880
0,VID_20250114_121037,5890
0,VID_20250114_121037,5900
0,VID_20250114_121037,5910
0,VID_20250114_121037,5920
0,VID_20250114_121037,5930
0,VID_20250114_121037,5940
0,VID_20250114_121037,5950
0,VID_20250114_121037,5960
0,VID_20250114_121037,5970
0,VID_20250114_121037,5980
0,VID_20250114_121037,5990
0,VID_20250114_121037,6000
0,VID_20250114_121037,6010
0,VID_20250114_121037,6020
0,VID_20250114_121037,6030
0,VID_20250114_121037,6040
0,VID_20250114_121037,6050
0,VID_20250114_121037,6060
0,VID_20250114_121037,6070
0,VID_20250114_121037,6080
0,VID_20250114_121037,6090
0,VID_20250114_121037,6100
0,VID_20250114_121037,6110
0,VID_20250114_121037,6120
0,VID_20250114_121037,6130
0,VID_20250114_121037,6140
0,VID_20250114_121037,6150
0,VID_20250114_121037,6160
0,VID_20250114_121037,6170
0,VID_20250114_121037,6180
0,VID_20250114_121037,6190
0,VID_20250114_121037,6200
0,VID_20250114_121037,6210
0,VID_20250114_121037,6220
0,VID_20250114_121037,6230
0,VID_20250114_121037,6240
0,VID_20250114_121037,6250
0,VID_20250114_121037,6260
0,VID_20250114_121037,6270
0,VID_20250114_121037,6280
0,VID_20250114_121037,6290
0,VID_20250114_121037,6300
0,VID_20250114_121037,6310
0,VID_20250114_121037,6320
0,VID_20250114_121037,6330
0,VID_20250114_121037,6340
0,VID_20250114_121037,6350
0,VID_20250114_121037,6360
0,VID_20250114_121037,6370
0,VID_20250114_121037,6380
0,VID_20250114_121037,6390
0,VID_20250114_121037,6400
0,VID_20250114_121037,6410
0,VID_20250114_121037,6420
0,VID_20250114_121037,6430
0,VID_20250114_121037,6440
0,VID_20250114_121037,6450
0,VID_20250114_121037,6460
0,VID_20250114_121037,6470
0,VID_20250114_121037,6480
0,VID_20250114_121037,6490
0,VID_20250114_121037,6500
0,VID_20250114_121037,6510
0,VID_20250114_121037,6520
0,VID_20250114_121037,6530
0,VID_20250114_121037,6540
0,VID_20250114_121037,6550
0,VID_20250114_121037,6560
0,VID_20250114_121037,6570
0,VID_20250114_121037,6580
0,VID_20250114_121037,6590
0,VID_20250114_121037,6600
0,VID_20250114_121037,6610
0,VID_20250114_121037,6620
0,VID_20250114_121037,6630
0,VID_20250114_121037,6640
0,VID_20250114_121037,6650
0,VID_20250114_121037,6660
0,VID_20250114_121037,6670
0,VID_20250114_121037,6680
0,VID_20250114_121037,6690
0,VID_20250114_121037,6700
0,VID_20250114_121037,6710
0,VID_20250114_121037,6720
0,VID_20250114_121037,6730
0,VID_20250114_121037,6740
0,VID_20250114_121037,6750
0,VID_20250114_121037,6760
0,VID_20250114_121037,6770
0,VID_20250114_121037,6780
0,VID_20250114_121037,6790
0,VID_20250114_121037,6800
0,VID_20250114_121037,6810
0,VID_20250114_121037,6820
0,VID_20250114_121037,6830
0,VID_20250114_121037,6840
0,VID_20250114_121037,6850
0,VID_20250114_121037,6860
0,VID_20250114_121037,6870
0,VID_20250114_121037,6880
0,VID_20250114_121037,6890
0,VID_20250114_121037,6900
0,VID_20250114_121037,6910
0,VID_20250114_121037,6920
0,VID_20250114_121037,6930
0,VID_20250114_121037,6940
0,VID_20250114_121037,6950
0,VID_20250114_121037,6960
0,VID_20250114_121037,6970
0,VID_20250114_121037,6980
0,VID_20250114_121037,6990
0,VID_20250114_121037,7000
0,VID_20250114_121037,7010
0,VID_20250114_121037,7020
0,VID_20250114_121037,7030
0,VID_20250114_121037,7040
0,VID_20250114_121037,7050
0,VID_20250114_121037,7060
0,VID_20250114_121037,7070
0,VID_20250114_121037,7080
0,VID_20250114_121037,7090
0,VID_20250114_121037,7100
0,VID_20250114_121037,7110
0,VID_20250114_121037,7120
0,VID_20250114_121037,7130
0,VID_20250114_121037,7140
0,VID_20250114_121037,7150
0,VID_20250114_121037,7160
0,VID_20250114_121037,7170
0,VID_20250114_121037,7180
0,VID_20250114_121037,7190
0,VID_20250114_121037,7200
0,VID_20250114_121037,7210
0,VID_20250114_121037,7220
0,VID_20250114_121037,7230
0,VID_20250114_121037,7240
0,VID_20250114_121037,7250
0,VID_20250114_121037,7260
0,VID_20250114_121037,7270
0,VID_20250114_121037,7280
0,VID_20250114_121037,7290
0,VID_20250114_121037,7300
0,VID_20250114_121037,7310
0,VID_20250114_121037,7320
0,VID_20250114_121037,7330
0,VID_20250114_121037,7340
0,VID_20250114_121037,7350
0,VID_20250114_121037,7360
0,VID_20250114_121037,7370
0,VID_20250114_121037,7380
0,VID_20250114_121037,7390
0,VID_20250114_121037,7400
0,VID_20250114_121037,7410
0,VID_20250114_121037,7420
0,VID_20250114_121037,7430
0,VID_20250114_121037,7440
0,VID_20250114_121037,7450
0,VID_20250114_121037,7460
0,VID_20250114_121037,7470
0,VID_20250114_121037,7480
0,VID_20250114_121037,7490
0,VID_20250114_121037,7500
0,VID_20250114_121037,7510
0,VID_20250114_121037,7520
0,VID_20250114_121037,7530
0,VID_20250114_121037,7540
0,VID_20250114_121037,7550
0,VID_20250114_121037,7560
0,VID_20250114_121037,7570
0,VID_20250114_121037,7580
0,VID_20250114_121037,7590
0,VID_20250114_121037,7600
0,VID_20250114_121037,7610
0,VID_20250114_121037,7620
0,VID_20250114_121037,7630
0,VID_20250114_121037,7640
0,VID_20250114_121037,7650
0,VID_20250114_121037,7660
0,VID_20250114_121037,7670
0,VID_20250114_121037,7680
0,VID_20250114_121037,7690
0,VID_20250114_121037,7700
0,VID_20250114_121037,7710
0,VID_20250114_121037,7720
0,VID_20250114_121037,7730
0,VID_20250114_121037,7740
0,VID_20250114_121037,7750
0,VID_20250114_121037,7760
0,VID_20250114_121037,7770
0,VID_20250114_121037,7780
0,VID_20250114_121037,7790
0,VID_20250114_121037,7800
0,VID_20250114_121037,7810
0,VID_20250114_121037,7820
0,VID_20250114_121037,7830
0,VID_20250114_121037,7840
0,VID_20250114_121037,7850
0,VID_20250114_121037,7860
0,VID_20250114_121037,7870
0,VID_20250114_121037,7880
0,VID_20250114_121037,7890
0,VID_20250114_121037,7900
0,VID_20250114_121037,7910
0,VID_20250114_121037,7920
0,VID_20250114_121037,7930
0,VID_20250114_121037,7940
0,VID_20250114_121037,7950
0,VID_20250114_121037,7960
0,VID_20250114_121037,7970
0,VID_20250114_121037,7980
0,VID_20250114_121037,7990
0,VID_20250114_121037,8000
0,VID_20250114_121037,8010
0,VID_20250114_121037,8020
0,VID_20250114_121037,8030
0,VID_20250114_121037,8040
0,VID_20250114_121037,8050
0,VID_20250114_121037,8060
0,VID_20250114_121037,8070
0,VID_20250114_121037,8080
0,VID_20250114_121037,8090
0,VID_20250114_121037,8100
0,VID_20250114_121037,8110
0,VID_20250114_121037,8120
0,VID_20250114_121037,8130
0,VID_20250114_121037,8140
0,VID_20250114_121037,8150
0,VID_20250114_121037,8160
0,VID_20250114_121037,8170
0,VID_20250114_121037,8180
0,VID_20250114_121037,8190
0,VID_20250114_121037,8200
0,VID_20250114_121037,8210
0,VID_20250114_121037,8220
0,VID_20250114_121037,8230
0,VID_20250114_121037,8240
0,VID_20250114_121037,8250
0,VID_20250114_121037,8260
0,VID_20250114_121037,8270
0,VID_20250114_121037,8280
0,VID_20250114_121037,8290
0,VID_20250114_121037,8300
0,VID_20250114_121037,8310
0,VID_20250114_121037,8320
0,VID_20250114_121037,8330
0,VID_20250114_121037,8340
0,VID_20250114_121037,8350
0,VID_20250114_121037,8360
0,VID_20250114_121037,8370
0,VID_20250114_121037,8380
0,VID_20250114_121037,8390
0,VID_20250114_121037,8400
0,VID_20250114_121037,8410
0,VID_20250114_121037,8420
0,VID_20250114_121037,8430
0,VID_20250114_121037,8440
0,VID_20250114_121037,8450
0,VID_20250114_121037,8460
0,VID_20250114_121037,8470
0,VID_20250114_121037,8480
0,VID_20250114_121037,8490
0,VID_20250114_121037,8500
0,VID_20250114_121037,8510
0,VID_20250114_121037,8520
0,VID_20250114_121037,8530
0,VID_20250114_121037,8540
0,VID_20250114_121037,8550
0,VID_20250114_121037,8560
0,VID_20250114_121037,8570
0,VID_20250114_121037,8580
0,VID_20250114_121037,8590
0,VID_20250114_121037,8600
0,VID_20250114_121037,8610
0,VID_20250114_121037,8620
0,VID_20250114_121037,8630
0,VID_20250114_121037,8640
0,VID_20250114_121037,8650
0,VID_20250114_121037,8660
0,VID_20250114_121037,8670
0,VID_20250114_121037,8680
0,VID_20250114_121037,8690
0,VID_20250114_121037,8700
0,VID_20250114_121037,8710
0,VID_20250114_121037,8720
0,VID_20250114_121037,8730
0,VID_20250114_121037,8740
0,VID_20250114_121037,8750
0,VID_20250114_121037,8760
0,VID_20250114_121037,8770
0,VID_20250114_121037,8780
0,VID_20250114_121037,8790
0,VID_20250114_121037,8800
0,VID_20250114_121037,8810
0,VID_20250114_121037,8820
0,VID_20250114_121037,8830
0,VID_20250114_121037,8840
0,VID_20250114_121037,8850
0,VID_20250114_121037,8860
0,VID_20250114_121037,8870
0,VID_20250114_121037,8880
0,VID_20250114_121037,8890
0,VID_20250114_121037,8900
0,VID_20250114_121037,8910
0,VID_20250114_121037,8920
0,VID_20250114_121037,8930
0,VID_20250114_121037,8940
0,VID_20250114_121037,8950
0,VID_20250114_121037,8960
0,VID_20250114_121037,8970
0,VID_20250114_121037,8980
0,VID_20250114_121037,8990
0,VID_20250114_121037,9000
0,VID_20250114_121037,9010
0,VID_20250114_121037,9020
0,VID_20250114_121037,9030
0,VID_20250114_121037,9040
0,VID_20250114_121037,9050
0,VID_20250114_121037,9060
0,VID_20250114_121037,9070
0,VID_20250114_121037,9080
0,VID_20250114_121037,9090
0,VID_20250114_121037,9100
0,VID_20250114_121037,9110
0,VID_20250114_121037,9120
0,VID_20250114_121037,9130
0,VID_20250114_121037,9140
0,VID_20250114_121037,9150
0,VID_20250114_121037,9160
0,VID_20250114_121037,9170
0,VID_20250114_121037,9180
0,VID_20250114_121037,9190
0,VID_20250114_121037,9200
0,VID_20250114_121037,9210
0,VID_20250114_121037,9220
0,VID_20250114_121037,9230
0,VID_20250114_121037,9240
0,VID_20250114_121037,9250
0,VID_20250114_121037,9260
0,VID_20250114_121037,9270
0,VID_20250114_121037,9280
0,VID_20250114_121037,9290
0,VID_20250114_121037,9300
0,VID_20250114_121037,9310
0,VID_20250114_121037,9320
0,VID_20250114_121037,9330
0,VID_20250114_121037,9340
0,VID_20250114_121037,9350
0,VID_20250114_121037,9360
0,VID_20250114_121037,9370
0,VID_20250114_121037,9380
0,VID_20250114_121037,9390
0,VID_20250114_121037,9400
0,VID_20250114_121037,9410
0,VID_20250114_121037,9420
0,VID_20250114_121037,9430
0,VID_20250114_121037,9440
0,VID_20250114_121037,9450
0,VID_20250114_121037,9460
0,VID_20250114_121037,9470
0,VID_20250114_121037,9480
0,VID_20250114_121037,9490
0,VID_20250114_121037,9500
0,VID_20250114_121037,9510
0,VID_20250114_121037,9520
0,VID_20250114_121037,9530
0,VID_20250114_121037,9540
0,VID_20250114_121037,9550
0,VID_20250114_121037,9560
0,VID_20250114_121037,9570
0,VID_20250114_121037,9580
0,VID_20250114_121037,9590
0,VID_20250114_121037,9600
0,VID_20250114_121037,9610
0,VID_20250114_121037,9620
0,VID_20250114_121037,9630
0,VID_20250114_121037,9640
0,VID_20250114_121037,9650
0,VID_20250114_121037,9660
0,VID_20250114_121037,9670
0,VID_20250114_121037,9680
0,VID_20250114_121037,9690
0,VID_20250114_121037,9700
0,VID_20250114_121037,9710
0,VID_20250114_121037,9720
0,VID_20250114_121037,9730
0,VID_20250114_121037,9740
0,VID_20250114_121037,9750
0,VID_20250114_121037,9760
0,VID_20250114_121037,9770
0,VID_20250114_121037,9780
0,VID_20250114_121037,9790
0,VID_20250114_121037,9800
0,VID_20250114_121037,9810
0,VID_20250114_121037,9820
0,VID_20250114_121037,9830
0,VID_20250114_121037,9840
0,VID_20250114_121037,9850
0,VID_20250114_121037,9860
0,VID_20250114_121037,9870
0,VID_20250114_121037,9880
0,VID_20250114_121037,9890
0,VID_20250114_121037,9900
0,VID_20250114_121037,9910
0,VID_20250114_121037,9920
0,VID_20250114_121037,9930
0,VID_20250114_121037,9940
0,VID_20250114_121037,9950
0,VID_20250114_121037,9960
0,VID_20250114_121037,9970
0,VID_20250114_121037,9980
0,VID_20250114_121037,9990
0,VID_20250114_121037,10000
0,VID_20250114_121037,10010
0,VID_20250114_121037,10020
0,VID_20250114_121037,10030
0,VID_20250114_121037,10040
0,VID_20250114_121037,10050
1,VID_20250114_121037,10090
1,VID_20250114_121037,10100
1,VID_20250114_121037,10110
1,VID_20250114_121037,10120
1,VID_20250114_121037,10130
1,VID_20250114_121037,10140
1,VID_20250114_121037,10150
1,VID_20250114_121037,10160
1,VID_20250114_121037,10170
1,VID_20250114_121037,10180
1,VID_20250114_121037,10190
1,VID_20250114_121037,10200
1,VID_20250114_121037,10210
1,VID_20250114_121037,10220
1,VID_20250114_121037,10230
1,VID_20250114_121037,10240
1,VID_20250114_121037,10250
1,VID_20250114_121037,10260
1,VID_20250114_121037,10270
1,VID_20250114_121037,10280
1,VID_20250114_121037,10290
1,VID_20250114_121037,10300
1,VID_20250114_121037,10310
1,VID_20250114_121037,10320
1,VID_20250114_121037,10330
1,VID_20250114_121037,10340
1,VID_20250114_121037,10350
1,VID_20250114_121037,10360
1,VID_20250114_121037,10370
1,VID_20250114_121037,10380
1,VID_20250114_121037,10390
1,VID_20250114_121037,10400
1,VID_20250114_121037,10410
1,VID_20250114_121037,10420
1,VID_20250114_121037,10430
1,VID_20250114_121037,10440
1,VID_20250114_121037,10450
1,VID_20250114_121037,10460
1,VID_20250114_121037,10470
1,VID_20250114_121037,10480
1,VID_20250114_121037,10490
1,VID_20250114_121037,10500
1,VID_20250114_121037,10510
1,VID_20250114_121037,10520
1,VID_20250114_121037,10530
1,VID_20250114_121037,10540
1,VID_20250114_121037,10550
1,VID_20250114_121037,10560
1,VID_20250114_121037,10570
1,VID_20250114_121037,10580
1,VID_20250114_121037,10590
1,VID_20250114_121037,10600
1,VID_20250114_121037,10610
1,VID_20250114_121037,10620
1,VID_20250114_121037,10630
1,VID_20250114_121037,10640
1,VID_20250114_121037,10650
1,VID_20250114_121037,10660
1,VID_20250114_121037,10670
1,VID_20250114_121037,10680
1,VID_20250114_121037,10690
1,VID_20250114_121037,10700
1,VID_20250114_121037,10710
1,VID_20250114_121037,10720
1,VID_20250114_121037,10730
1,VID_20250114_121037,10740
1,VID_20250114_121037,10750
1,VID_20250114_121037,10760
1,VID_20250114_121037,10770
1,VID_20250114_121037,10780
1,VID_20250114_121037,10790
1,VID_20250114_121037,10800
1,VID_20250114_121037,10810
1,VID_20250114_121037,10820
1,VID_20250114_121037,10830
1,VID_20250114_121037,10840
1,VID_20250114_121037,10850
1,VID_20250114_121037,10860
1,VID_20250114_121037,10870
1,VID_20250114_121037,10880
1,VID_20250114_121037,10890
1,VID_20250114_121037,10900
1,VID_20250114_121037,10910
1,VID_20250114_121037,10920
1,VID_20250114_121037,10930
1,VID_20250114_121037,10940
1,VID_20250114_121037,10950
1,VID_20250114_121037,10960
1,VID_20250114_121037,10970
1,VID_20250114_121037,10980
1,VID_20250114_121037,10990
1,VID_20250114_121037,11000
1,VID_20250114_121037,11010
1,VID_20250114_121037,11020
1,VID_20250114_121037,11030
1,VID_20250114_121037,11040
1,VID_20250114_121037,11050
1,VID_20250114_121037,11060
1,VID_20250114_121037,11070
1,VID_20250114_121037,11080
1,VID_20250114_121037,11090
1,VID_20250114_121037,11100
1,VID_20250114_121037,11110
1,VID_20250114_121037,11120
1,VID_20250114_121037,11130
1,VID_20250114_121037,11140
1,VID_20250114_121037,11150
1,VID_20250114_121037,11160
1,VID_20250114_121037,11170
1,VID_20250114_121037,11180
1,VID_20250114_121037,11190
1,VID_20250114_121037,11200
1,VID_20250114_121037,11210
1,VID_20250114_121037,11220
1,VID_20250114_121037,11230
1,VID_20250114_121037,11240
1,VID_20250114_121037,11250
1,VID_20250114_121037,11260
1,VID_20250114_121037,11270
1,VID_20250114_121037,11280
1,VID_20250114_121037,11290
1,VID_20250114_121037,11300
1,VID_20250114_121037,11310
1,VID_20250114_121037,11320
1,VID_20250114_121037,11330
1,VID_20250114_121037,11340
1,VID_20250114_121037,11350
1,VID_20250114_121037,11360
1,VID_20250114_121037,11370
1,VID_20250114_121037,11380
1,VID_20250114_121037,11390
1,VID_20250114_121037,11400
1,VID_20250114_121037,11410
1,VID_20250114_121037,11420
1,VID_20250114_121037,11430
1,VID_20250114_121037,11440
1,VID_20250114_121037,11450
1,VID_20250114_121037,11460
1,VID_20250114_121037,11470
1,VID_20250114_121037,11480
1,VID_20250114_121037,11490
1,VID_20250114_121037,11500
1,VID_20250114_121037,11510
1,VID_20250114_121037,11520
1,VID_20250114_121037,11530
1,VID_20250114_121037,11540
1,VID_20250114_121037,11550
1,VID_20250114_121037,11560
1,VID_20250114_121037,11570
1,VID_20250114_121037,11580
1,VID_20250114_121037,11590
1,VID_20250114_121037,11600
1,VID_20250114_121037,11610
1,VID_20250114_121037,11620
1,VID_20250114_121037,11630
1,VID_20250114_121037,11640
1,VID_20250114_121037,11650
1,VID_20250114_121037,11660
1,VID_20250114_121037,11670
1,VID_20250114_121037,11680
1,VID_20250114_121037,11690
1,VID_20250114_121037,11700
2,VID_20250114_121037,11730
2,VID_20250114_121037,11740
2,VID_20250114_121037,11750
2,VID_20250114_121037,11760
2,VID_20250114_121037,11770
2,VID_20250114_121037,11780
2,VID_20250114_121037,11790
2,VID_20250114_121037,11800
2,VID_20250114_121037,11810
2,VID_20250114_121037,11820
2,VID_20250114_121037,11830
2,VID_20250114_121037,11840
2,VID_20250114_121037,11850
2,VID_20250114_121037,11860
2,VID_20250114_121037,11870
2,VID_20250114_121037,11880
2,VID_20250114_121037,11890
2,VID_20250114_121037,11900
2,VID_20250114_121037,11910
2,VID_20250114_121037,11920
2,VID_20250114_121037,11930
2,VID_20250114_121037,11940
2,VID_20250114_121037,11950
2,VID_20250114_121037,11960
2,VID_20250114_121037,11970
2,VID_20250114_121037,11980
2,VID_20250114_121037,11990
2,VID_20250114_121037,12000
2,VID_20250114_121037,12010
2,VID_20250114_121037,12020
2,VID_20250114_121037,12030
2,VID_20250114_121037,12040
2,VID_20250114_121037,12050
2,VID_20250114_121037,12060
2,VID_20250114_121037,12070
2,VID_20250114_121037,12080
2,VID_20250114_121037,12090
2,VID_20250114_121037,12100
2,VID_20250114_121037,12110
2,VID_20250114_121037,12120
2,VID_20250114_121037,12130
2,VID_20250114_121037,12140
2,VID_20250114_121037,12150
2,VID_20250114_121037,12160
2,VID_20250114_121037,12170
2,VID_20250114_121037,12180
2,VID_20250114_121037,12190
2,VID_20250114_121037,12200
2,VID_20250114_121037,12210
2,VID_20250114_121037,12220
2,VID_20250114_121037,12230
2,VID_20250114_121037,12240
2,VID_20250114_121037,12250
2,VID_20250114_121037,12260
2,VID_20250114_121037,12270
2,VID_20250114_121037,12280
2,VID_20250114_121037,12290
2,VID_20250114_121037,12300
2,VID_20250114_121037,12310
2,VID_20250114_121037,12320
2,VID_20250114_121037,12330
2,VID_20250114_121037,12340
2,VID_20250114_121037,12350
2,VID_20250114_121037,12360
2,VID_20250114_121037,12370
2,VID_20250114_121037,12380
2,VID_20250114_121037,12390
2,VID_20250114_121037,12400
2,VID_20250114_121037,12410
2,VID_20250114_121037,12420
2,VID_20250114_121037,12430
2,VID_20250114_121037,12440
2,VID_20250114_121037,12450
2,VID_20250114_121037,12460
2,VID_20250114_121037,12470
2,VID_20250114_121037,12480
2,VID_20250114_121037,12490
2,VID_20250114_121037,12500
2,VID_20250114_121037,12510
2,VID_20250114_121037,12520
2,VID_20250114_121037,12530
2,VID_20250114_121037,12540
2,VID_20250114_121037,12550
2,VID_20250114_121037,12560
2,VID_20250114_121037,12570
2,VID_20250114_121037,12580
2,VID_20250114_121037,12590
2,VID_20250114_121037,12600
2,VID_20250114_121037,12610
2,VID_20250114_121037,12620
2,VID_20250114_121037,12630
2,VID_20250114_121037,12640
2,VID_20250114_121037,12650
2,VID_20250114_121037,12660
2,VID_20250114_121037,12670
2,VID_20250114_121037,12680
2,VID_20250114_121037,12690
2,VID_20250114_121037,12700
2,VID_20250114_121037,12710
2,VID_20250114_121037,12720
2,VID_20250114_121037,12730
2,VID_20250114_121037,12740
2,VID_20250114_121037,12750
2,VID_20250114_121037,12760
2,VID_20250114_121037,12770
2,VID_20250114_121037,12780
2,VID_20250114_121037,12790
2,VID_20250114_121037,12800
2,VID_20250114_121037,12810
2,VID_20250114_121037,12820
2,VID_20250114_121037,12830
2,VID_20250114_121037,12840
2,VID_20250114_121037,12850
2,VID_20250114_121037,12860
2,VID_20250114_121037,12870
2,VID_20250114_121037,12880
2,VID_20250114_121037,12890
2,VID_20250114_121037,12900
2,VID_20250114_121037,12910
2,VID_20250114_121037,12920
2,VID_20250114_121037,12930
2,VID_20250114_121037,12940
2,VID_20250114_121037,12950
2,VID_20250114_121037,12960
2,VID_20250114_121037,12970
2,VID_20250114_121037,12980
2,VID_20250114_121037,12990
2,VID_20250114_121037,13000
2,VID_20250114_121037,13010
2,VID_20250114_121037,13020
2,VID_20250114_121037,13030
2,VID_20250114_121037,13040
2,VID_20250114_121037,13050
2,VID_20250114_121037,13060
2,VID_20250114_121037,13070
2,VID_20250114_121037,13080
2,VID_20250114_121037,13090
2,VID_20250114_121037,13100
2,VID_20250114_121037,13110
2,VID_20250114_121037,13120
2,VID_20250114_121037,13130
2,VID_20250114_121037,13140
2,VID_20250114_121037,13150
2,VID_20250114_121037,13160
2,VID_20250114_121037,13170
2,VID_20250114_121037,13180
2,VID_20250114_121037,13190
2,VID_20250114_121037,13200
2,VID_20250114_121037,13210
2,VID_20250114_121037,13220
2,VID_20250114_121037,13230
2,VID_20250114_121037,13240
2,VID_20250114_121037,13250
2,VID_20250114_121037,13260
2,VID_20250114_121037,13270
2,VID_20250114_121037,13280
2,VID_20250114_121037,13290
2,VID_20250114_121037,13300
2,VID_20250114_121037,13310
2,VID_20250114_121037,13320
2,VID_20250114_121037,13330
2,VID_20250114_121037,13340
2,VID_20250114_121037,13350
2,VID_20250114_121037,13360
2,VID_20250114_121037,13370
2,VID_20250114_121037,13380
2,VID_20250114_121037,13390
2,VID_20250114_121037,13400
2,VID_20250114_121037,13410
2,VID_20250114_121037,13420
2,VID_20250114_121037,13430
2,VID_20250114_121037,13440
2,VID_20250114_121037,13450
2,VID_20250114_121037,13460
2,VID_20250114_121037,13470
2,VID_20250114_121037,13480
2,VID_20250114_121037,13490
2,VID_20250114_121037,13500
2,VID_20250114_121037,13510
2,VID_20250114_121037,13520
2,VID_20250114_121037,13530
2,VID_20250114_121037,13540
2,VID_20250114_121037,13550
2,VID_20250114_121037,13560
2,VID_20250114_121037,13570
2,VID_20250114_121037,13580
2,VID_20250114_121037,13590
2,VID_20250114_121037,13600
2,VID_20250114_121037,13610
2,VID_20250114_121037,13620
2,VID_20250114_121037,13630
2,VID_20250114_121037,13640
2,VID_20250114_121037,13650
2,VID_20250114_121037,13660
2,VID_20250114_121037,13670
2,VID_20250114_121037,13680
2,VID_20250114_121037,13690
2,VID_20250114_121037,13700
2,VID_20250114_121037,13710
2,VID_20250114_121037,13720
2,VID_20250114_121037,13730
2,VID_20250114_121037,13740
2,VID_20250114_121037,13750
2,VID_20250114_121037,13760
2,VID_20250114_121037,13770
2,VID_20250114_121037,13780
2,VID_20250114_121037,13790
2,VID_20250114_121037,13800
2,VID_20250114_121037,13810
2,VID_20250114_121037,13820
2,VID_20250114_121037,13830
2,VID_20250114_121037,13840
2,VID_20250114_121037,13850
2,VID_20250114_121037,13860
2,VID_20250114_121037,13870
2,VID_20250114_121037,13880
2,VID_20250114_121037,13890
2,VID_20250114_121037,13900
2,VID_20250114_121037,13910
2,VID_20250114_121037,13920
2,VID_20250114_121037,13930
2,VID_20250114_121037,13940
2,VID_20250114_121037,13950
2,VID_20250114_121037,13960
2,VID_20250114_121037,13970
2,VID_20250114_121037,13980
2,VID_20250114_121037,13990
2,VID_20250114_121037,14000
2,VID_20250114_121037,14010
2,VID_20250114_121037,14020
2,VID_20250114_121037,14030
2,VID_20250114_121037,14040
2,VID_20250114_121037,14050
2,VID_20250114_121037,14060
2,VID_20250114_121037,14070
2,VID_20250114_121037,14080
2,VID_20250114_121037,14090
2,VID_20250114_121037,14100
2,VID_20250114_121037,14110
2,VID_20250114_121037,14120
2,VID_20250114_121037,14130
2,VID_20250114_121037,14140
2,VID_20250114_121037,14150
2,VID_20250114_121037,14160
2,VID_20250114_121037,14170
2,VID_20250114_121037,14180
2,VID_20250114_121037,14190
2,VID_20250114_121037,14200
2,VID_20250114_121037,14210
2,VID_20250114_121037,14220
2,VID_20250114_121037,14230
2,VID_20250114_121037,14240
2,VID_20250114_121037,14250
2,VID_20250114_121037,14260
2,VID_20250114_121037,14270
2,VID_20250114_121037,14280
2,VID_20250114_121037,14290
2,VID_20250114_121037,14300
2,VID_20250114_121037,14310
2,VID_20250114_121037,14320
2,VID_20250114_121037,14330
2,VID_20250114_121037,14340
2,VID_20250114_121037,14350
2,VID_20250114_121037,14360
2,VID_20250114_121037,14370
2,VID_20250114_121037,14380
2,VID_20250114_121037,14390
2,VID_20250114_121037,14400
2,VID_20250114_121037,14410
2,VID_20250114_121037,14420
2,VID_20250114_121037,14430
2,VID_20250114_121037,14440
2,VID_20250114_121037,14450
2,VID_20250114_121037,14460
2,VID_20250114_121037,14470
2,VID_20250114_121037,14480
2,VID_20250114_121037,14490
2,VID_20250114_121037,14500
2,VID_20250114_121037,14510
2,VID_20250114_121037,14520
2,VID_20250114_121037,14530
2,VID_20250114_121037,14540
2,VID_20250114_121037,14550
2,VID_20250114_121037,14560
2,VID_20250114_121037,14570
2,VID_20250114_121037,14580
2,VID_20250114_121037,14590
2,VID_20250114_121037,14600
2,VID_20250114_121037,14610
2,VID_20250114_121037,14620
2,VID_20250114_121037,14630
2,VID_20250114_121037,14640
2,VID_20250114_121037,14650
2,VID_20250114_121037,14660
2,VID_20250114_121037,14670
2,VID_20250114_121037,14680
2,VID_20250114_121037,14690
2,VID_20250114_121037,14700
2,VID_20250114_121037,14710
2,VID_20250114_121037,14720
2,VID_20250114_121037,14730
2,VID_20250114_121037,14740
2,VID_20250114_121037,14750
2,VID_20250114_121037,14760
2,VID_20250114_121037,14770
2,VID_20250114_121037,14780
2,VID_20250114_121037,14790
2,VID_20250114_121037,14800
2,VID_20250114_121037,14810
2,VID_20250114_121037,14820
2,VID_20250114_121037,14830
2,VID_20250114_121037,14840
2,VID_20250114_121037,14850
2,VID_20250114_121037,14860
2,VID_20250114_121037,14870
2,VID_20250114_121037,14880
2,VID_20250114_121037,14890
2,VID_20250114_121037,14900
2,VID_20250114_121037,14910
2,VID_20250114_121037,14920
2,VID_20250114_121037,14930
2,VID_20250114_121037,14940
2,VID_20250114_121037,14950
2,VID_20250114_121037,14960
2,VID_20250114_121037,14970
2,VID_20250114_121037,14980
2,VID_20250114_121037,14990
2,VID_20250114_121037,15000
2,VID_20250114_121037,15010
2,VID_20250114_121037,15020
2,VID_20250114_121037,15030
2,VID_20250114_121037,15040
2,VID_20250114_121037,15050
2,VID_20250114_121037,15060
2,VID_20250114_121037,15070
2,VID_20250114_121037,15080
2,VID_20250114_121037,15090
2,VID_20250114_121037,15100
2,VID_20250114_121037,15110
2,VID_20250114_121037,15120
2,VID_20250114_121037,15130
2,VID_20250114_121037,15140
2,VID_20250114_121037,15150
2,VID_20250114_121037,15160
2,VID_20250114_121037,15170
2,VID_20250114_121037,15180
2,VID_20250114_121037,15190
2,VID_20250114_121037,15200
2,VID_20250114_121037,15210
2,VID_20250114_121037,15220
2,VID_20250114_121037,15230
2,VID_20250114_121037,15240
2,VID_20250114_121037,15250
2,VID_20250114_121037,15260
2,VID_20250114_121037,15270
2,VID_20250114_121037,15280
2,VID_20250114_121037,15290
2,VID_20250114_121037,15300
2,VID_20250114_121037,15310
2,VID_20250114_121037,15320
2,VID_20250114_121037,15330
2,VID_20250114_121037,15340
2,VID_20250114_121037,15350
2,VID_20250114_121037,15360
2,VID_20250114_121037,15370
2,VID_20250114_121037,15380
2,VID_20250114_121037,15390
2,VID_20250114_121037,15400
2,VID_20250114_121037,15410
2,VID_20250114_121037,15420
2,VID_20250114_121037,15430
2,VID_20250114_121037,15440
2,VID_20250114_121037,15450
2,VID_20250114_121037,15460
2,VID_20250114_121037,15470
2,VID_20250114_121037,15480
2,VID_20250114_121037,15490
2,VID_20250114_121037,15500
2,VID_20250114_121037,15510
2,VID_20250114_121037,15520
2,VID_20250114_121037,15530
2,VID_20250114_121037,15540
2,VID_20250114_121037,15550
2,VID_20250114_121037,15560
2,VID_20250114_121037,15570
2,VID_20250114_121037,15580
2,VID_20250114_121037,15590
2,VID_20250114_121037,15600
2,VID_20250114_121037,15610
2,VID_20250114_121037,15620
2,VID_20250114_121037,15630
2,VID_20250114_121037,15640
2,VID_20250114_121037,15650
2,VID_20250114_121037,15660
2,VID_20250114_121037,15670
2,VID_20250114_121037,15680
2,VID_20250114_121037,15690
2,VID_20250114_121037,15700
2,VID_20250114_121037,15710
2,VID_20250114_121037,15720
2,VID_20250114_121037,15730
2,VID_20250114_121037,15740
2,VID_20250114_121037,15750
2,VID_20250114_121037,15760
2,VID_20250114_121037,15770
2,VID_20250114_121037,15780
2,VID_20250114_121037,15790
2,VID_20250114_121037,15800
2,VID_20250114_121037,15810
2,VID_20250114_121037,15820
2,VID_20250114_121037,15830
2,VID_20250114_121037,15840
2,VID_20250114_121037,15850
2,VID_20250114_121037,15860
2,VID_20250114_121037,15870
2,VID_20250114_121037,15880
2,VID_20250114_121037,15890
2,VID_20250114_121037,15900
2,VID_20250114_121037,15910
2,VID_20250114_121037,15920
2,VID_20250114_121037,15930
2,VID_20250114_121037,15940
2,VID_20250114_121037,15950
2,VID_20250114_121037,15960
2,VID_20250114_121037,15970
2,VID_20250114_121037,15980
2,VID_20250114_121037,15990
2,VID_20250114_121037,16000
2,VID_20250114_121037,16010
2,VID_20250114_121037,16020
2,VID_20250114_121037,16030
2,VID_20250114_121037,16040
2,VID_20250114_121037,16050
2,VID_20250114_121037,16060
2,VID_20250114_121037,16070
2,VID_20250114_121037,16080
2,VID_20250114_121037,16090
2,VID_20250114_121037,16100
2,VID_20250114_121037,16110
2,VID_20250114_121037,16120
2,VID_20250114_121037,16130
2,VID_20250114_121037,16140
2,VID_20250114_121037,16150
2,VID_20250114_121037,16160
2,VID_20250114_121037,16170
2,VID_20250114_121037,16180
2,VID_20250114_121037,16190
2,VID_20250114_121037,16200
2,VID_20250114_121037,16210
2,VID_20250114_121037,16220
2,VID_20250114_121037,16230
2,VID_20250114_121037,16240
2,VID_20250114_121037,16250
2,VID_20250114_121037,16260
2,VID_20250114_121037,16270
2,VID_20250114_121037,16280
2,VID_20250114_121037,16290
2,VID_20250114_121037,16300
2,VID_20250114_121037,16310
2,VID_20250114_121037,16320
2,VID_20250114_121037,16330
2,VID_20250114_121037,16340
2,VID_20250114_121037,16350
2,VID_20250114_121037,16360
2,VID_20250114_121037,16370
2,VID_20250114_121037,16380
2,VID_20250114_121037,16390
2,VID_20250114_121037,16400
2,VID_20250114_121037,16410
2,VID_20250114_121037,16420
2,VID_20250114_121037,16430
2,VID_20250114_121037,16440
2,VID_20250114_121037,16450
2,VID_20250114_121037,16460
2,VID_20250114_121037,16470
2,VID_20250114_121037,16480
2,VID_20250114_121037,16490
2,VID_20250114_121037,16500
2,VID_20250114_121037,16510
2,VID_20250114_121037,16520
2,VID_20250114_121037,16530
2,VID_20250114_121037,16540
2,VID_20250114_121037,16550
2,VID_20250114_121037,16560
2,VID_20250114_121037,16570
2,VID_20250114_121037,16580
2,VID_20250114_121037,16590
2,VID_20250114_121037,16600
2,VID_20250114_121037,16610
2,VID_20250114_121037,16620
2,VID_20250114_121037,16810
2,VID_20250114_121037,16820
2,VID_20250114_121037,16830
2,VID_20250114_121037,16840
2,VID_20250114_121037,16850
2,VID_20250114_121037,16860
2,VID_20250114_121037,16870
2,VID_20250114_121037,16880
2,VID_20250114_121037,16890
2,VID_20250114_121037,16900
3,VID_20250114_121037,16930
3,VID_20250114_121037,16940
3,VID_20250114_121037,16950
3,VID_20250114_121037,16960
3,VID_20250114_121037,16970
3,VID_20250114_121037,16980
3,VID_20250114_121037,16990
3,VID_20250114_121037,17000
3,VID_20250114_121037,17010
3,VID_20250114_121037,17020
3,VID_20250114_121037,17030
3,VID_20250114_121037,17040
3,VID_20250114_121037,17050
3,VID_20250114_121037,17060
3,VID_20250114_121037,17070
3,VID_20250114_121037,17080
3,VID_20250114_121037,17090
3,VID_20250114_121037,17100
3,VID_20250114_121037,17110
3,VID_20250114_121037,17120
3,VID_20250114_121037,17130
3,VID_20250114_121037,17140
3,VID_20250114_121037,17150
3,VID_20250114_121037,17160
3,VID_20250114_121037,17170
3,VID_20250114_121037,17180
3,VID_20250114_121037,17190
3,VID_20250114_121037,17200
3,VID_20250114_121037,17210
3,VID_20250114_121037,17220
3,VID_20250114_121037,17230
3,VID_20250114_121037,17240
3,VID_20250114_121037,17250
3,VID_20250114_121037,17260
3,VID_20250114_121037,17270
3,VID_20250114_121037,17280
3,VID_20250114_121037,17290
3,VID_20250114_121037,17300
3,VID_20250114_121037,17310
3,VID_20250114_121037,17320
3,VID_20250114_121037,17330
3,VID_20250114_121037,17340
3,VID_20250114_121037,17350
3,VID_20250114_121037,17360
3,VID_20250114_121037,17370
3,VID_20250114_121037,17380
3,VID_20250114_121037,17390
3,VID_20250114_121037,17400
3,VID_20250114_121037,17410
3,VID_20250114_121037,17420
3,VID_20250114_121037,17430
3,VID_20250114_121037,17440
3,VID_20250114_121037,17450
3,VID_20250114_121037,17460
3,VID_20250114_121037,17470
3,VID_20250114_121037,17480
3,VID_20250114_121037,17490
3,VID_20250114_121037,17500
3,VID_20250114_121037,17510
3,VID_20250114_121037,17520
3,VID_20250114_121037,17530
3,VID_20250114_121037,17540
3,VID_20250114_121037,17550
3,VID_20250114_121037,17560
3,VID_20250114_121037,17570
3,VID_20250114_121037,17580
3,VID_20250114_121037,17590
3,VID_20250114_121037,17600
3,VID_20250114_121037,17610
3,VID_20250114_121037,17620
3,VID_20250114_121037,17630
3,VID_20250114_121037,17640
3,VID_20250114_121037,17650
3,VID_20250114_121037,17660
3,VID_20250114_121037,17670
3,VID_20250114_121037,17680
3,VID_20250114_121037,17690
3,VID_20250114_121037,17700
3,VID_20250114_121037,17710
3,VID_20250114_121037,17720
3,VID_20250114_121037,17730
3,VID_20250114_121037,17740
3,VID_20250114_121037,17750
3,VID_20250114_121037,17760
3,VID_20250114_121037,17770
3,VID_20250114_121037,17780
3,VID_20250114_121037,17790
3,VID_20250114_121037,17800
3,VID_20250114_121037,17810
3,VID_20250114_121037,17820
3,VID_20250114_121037,17830
3,VID_20250114_121037,17840
3,VID_20250114_121037,17850
3,VID_20250114_121037,17860
3,VID_20250114_121037,17870
3,VID_20250114_121037,17880
3,VID_20250114_121037,17890
3,VID_20250114_121037,17900
3,VID_20250114_121037,17910
3,VID_20250114_121037,17920
3,VID_20250114_121037,17930
3,VID_20250114_121037,17940
3,VID_20250114_121037,17950
3,VID_20250114_121037,17960
3,VID_20250114_121037,17970
3,VID_20250114_121037,17980
3,VID_20250114_121037,17990
3,VID_20250114_121037,18000
3,VID_20250114_121037,18010
3,VID_20250114_121037,18020
3,VID_20250114_121037,18030
3,VID_20250114_121037,18040
3,VID_20250114_121037,18050
3,VID_20250114_121037,18060
3,VID_20250114_121037,18070
3,VID_20250114_121037,18080
3,VID_20250114_121037,18090
3,VID_20250114_121037,18100
3,VID_20250114_121037,18110
3,VID_20250114_121037,18120
3,VID_20250114_121037,18130
3,VID_20250114_121037,18140
3,VID_20250114_121037,18150
3,VID_20250114_121037,18160
0,VID_20250114_122658,0
0,VID_20250114_122658,10
0,VID_20250114_122658,20
0,VID_20250114_122658,30
0,VID_20250114_122658,40
0,VID_20250114_122658,50
0,VID_20250114_122658,60
0,VID_20250114_122658,70
0,VID_20250114_122658,80
0,VID_20250114_122658,90
0,VID_20250114_122658,100
0,VID_20250114_122658,110
0,VID_20250114_122658,120
0,VID_20250114_122658,130
0,VID_20250114_122658,140
0,VID_20250114_122658,150
0,VID_20250114_122658,160
0,VID_20250114_122658,170
0,VID_20250114_122658,180
0,VID_20250114_122658,190
0,VID_20250114_122658,200
0,VID_20250114_122658,210
0,VID_20250114_122658,220
0,VID_20250114_122658,230
0,VID_20250114_122658,240
0,VID_20250114_122658,250
0,VID_20250114_122658,260
0,VID_20250114_122658,270
0,VID_20250114_122658,280
0,VID_20250114_122658,290
0,VID_20250114_122658,300
0,VID_20250114_122658,310
0,VID_20250114_122658,320
0,VID_20250114_122658,330
0,VID_20250114_122658,340
0,VID_20250114_122658,350
0,VID_20250114_122658,360
0,VID_20250114_122658,370
0,VID_20250114_122658,380
0,VID_20250114_122658,390
0,VID_20250114_122658,400
0,VID_20250114_122658,410
0,VID_20250114_122658,420
0,VID_20250114_122658,430
0,VID_20250114_122658,440
0,VID_20250114_122658,450
0,VID_20250114_122658,460
0,VID_20250114_122658,470
0,VID_20250114_122658,480
0,VID_20250114_122658,490
0,VID_20250114_122658,500
0,VID_20250114_122658,510
0,VID_20250114_122658,520
0,VID_20250114_122658,530
0,VID_20250114_122658,540
0,VID_20250114_122658,550
0,VID_20250114_122658,560
0,VID_20250114_122658,570
0,VID_20250114_122658,580
0,VID_20250114_122658,590
0,VID_20250114_122658,600
0,VID_20250114_122658,610
0,VID_20250114_122658,620
0,VID_20250114_122658,630
0,VID_20250114_122658,640
0,VID_20250114_122658,650
0,VID_20250114_122658,660
0,VID_20250114_122658,670
0,VID_20250114_122658,680
0,VID_20250114_122658,690
0,VID_20250114_122658,700
0,VID_20250114_122658,710
0,VID_20250114_122658,720
0,VID_20250114_122658,730
0,VID_20250114_122658,740
0,VID_20250114_122658,750
0,VID_20250114_122658,760
0,VID_20250114_122658,770
0,VID_20250114_122658,780
0,VID_20250114_122658,790
0,VID_20250114_122658,800
0,VID_20250114_122658,810
0,VID_20250114_122658,820
0,VID_20250114_122658,830
0,VID_20250114_122658,840
0,VID_20250114_122658,850
0,VID_20250114_122658,860
0,VID_20250114_122658,870
0,VID_20250114_122658,880
0,VID_20250114_122658,890
0,VID_20250114_122658,900
0,VID_20250114_122658,910
0,VID_20250114_122658,920
0,VID_20250114_122658,930
0,VID_20250114_122658,940
0,VID_20250114_122658,950
0,VID_20250114_122658,960
0,VID_20250114_122658,970
0,VID_20250114_122658,980
0,VID_20250114_122658,990
0,VID_20250114_122658,1000
0,VID_20250114_122658,1010
0,VID_20250114_122658,1020
0,VID_20250114_122658,1030
0,VID_20250114_122658,1040
0,VID_20250114_122658,1050
0,VID_20250114_122658,1060
0,VID_20250114_122658,1070
0,VID_20250114_122658,1080
0,VID_20250114_122658,1090
0,VID_20250114_122658,1100
0,VID_20250114_122658,1110
0,VID_20250114_122658,1120
0,VID_20250114_122658,1130
0,VID_20250114_122658,1140
0,VID_20250114_122658,1150
0,VID_20250114_122658,1160
0,VID_20250114_122658,1170
0,VID_20250114_122658,1180
0,VID_20250114_122658,1190
0,VID_20250114_122658,1200
0,VID_20250114_122658,1210
0,VID_20250114_122658,1220
0,VID_20250114_122658,1230
0,VID_20250114_122658,1240
1,VID_20250114_122658,1270
1,VID_20250114_122658,1280
1,VID_20250114_122658,1290
1,VID_20250114_122658,1300
1,VID_20250114_122658,1310
1,VID_20250114_122658,1320
1,VID_20250114_122658,1330
1,VID_20250114_122658,1340
1,VID_20250114_122658,1350
1,VID_20250114_122658,1360
1,VID_20250114_122658,1370
1,VID_20250114_122658,1380
1,VID_20250114_122658,1390
1,VID_20250114_122658,1400
1,VID_20250114_122658,1410
1,VID_20250114_122658,1420
1,VID_20250114_122658,1430
1,VID_20250114_122658,1440
1,VID_20250114_122658,1450
1,VID_20250114_122658,1460
1,VID_20250114_122658,1470
1,VID_20250114_122658,1480
1,VID_20250114_122658,1490
1,VID_20250114_122658,1500
1,VID_20250114_122658,1510
1,VID_20250114_122658,1520
1,VID_20250114_122658,1530
1,VID_20250114_122658,1540
1,VID_20250114_122658,1550
1,VID_20250114_122658,1560
1,VID_20250114_122658,1570
1,VID_20250114_122658,1580
1,VID_20250114_122658,1590
1,VID_20250114_122658,1600
1,VID_20250114_122658,1610
1,VID_20250114_122658,1620
1,VID_20250114_122658,1630
1,VID_20250114_122658,1640
1,VID_20250114_122658,1650
1,VID_20250114_122658,1660
1,VID_20250114_122658,1670
1,VID_20250114_122658,1680
1,VID_20250114_122658,1690
1,VID_20250114_122658,1700
1,VID_20250114_122658,1710
1,VID_20250114_122658,1720
1,VID_20250114_122658,1730
1,VID_20250114_122658,1740
1,VID_20250114_122658,1750
1,VID_20250114_122658,1760
1,VID_20250114_122658,1770
1,VID_20250114_122658,1780
1,VID_20250114_122658,1790
1,VID_20250114_122658,1800
1,VID_20250114_122658,1810
1,VID_20250114_122658,1820
1,VID_20250114_122658,1830
1,VID_20250114_122658,1840
1,VID_20250114_122658,1850
1,VID_20250114_122658,1860
1,VID_20250114_122658,1870
1,VID_20250114_122658,1880
1,VID_20250114_122658,1890
1,VID_20250114_122658,1900
1,VID_20250114_122658,1910
1,VID_20250114_122658,1920
1,VID_20250114_122658,1930
1,VID_20250114_122658,1940
1,VID_20250114_122658,1950
1,VID_20250114_122658,1960
1,VID_20250114_122658,1970
1,VID_20250114_122658,1980
1,VID_20250114_122658,1990
1,VID_20250114_122658,2000
1,VID_20250114_122658,2010
1,VID_20250114_122658,2020
1,VID_20250114_122658,2030
1,VID_20250114_122658,2040
1,VID_20250114_122658,2050
1,VID_20250114_122658,2060
1,VID_20250114_122658,2070
1,VID_20250114_122658,2080
1,VID_20250114_122658,2090
1,VID_20250114_122658,2100
1,VID_20250114_122658,2110
1,VID_20250114_122658,2120
1,VID_20250114_122658,2130
1,VID_20250114_122658,2140
1,VID_20250114_122658,2150
1,VID_20250114_122658,2160
1,VID_20250114_122658,2170
1,VID_20250114_122658,2180
1,VID_20250114_122658,2220
1,VID_20250114_122658,2230
1,VID_20250114_122658,2240
1,VID_20250114_122658,2300
1,VID_20250114_122658,2310
1,VID_20250114_122658,2320
1,VID_20250114_122658,2330
1,VID_20250114_122658,2340
1,VID_20250114_122658,2350
1,VID_20250114_122658,2360
1,VID_20250114_122658,2370
1,VID_20250114_122658,2380
1,VID_20250114_122658,2390
1,VID_20250114_122658,2400
1,VID_20250114_122658,2410
1,VID_20250114_122658,2420
1,VID_20250114_122658,2430
1,VID_20250114_122658,2440
1,VID_20250114_122658,2450
1,VID_20250114_122658,2460
1,VID_20250114_122658,2470
1,VID_20250114_122658,2480
1,VID_20250114_122658,2490
1,VID_20250114_122658,2500
1,VID_20250114_122658,2510
1,VID_20250114_122658,2520
1,VID_20250114_122658,2530
1,VID_20250114_122658,2540
1,VID_20250114_122658,2550
1,VID_20250114_122658,2560
1,VID_20250114_122658,2570
1,VID_20250114_122658,2580
1,VID_20250114_122658,2590
1,VID_20250114_122658,2820
2,VID_20250114_122658,3010
2,VID_20250114_122658,3020
2,VID_20250114_122658,3030
2,VID_20250114_122658,3040
2,VID_20250114_122658,3050
2,VID_20250114_122658,3060
2,VID_20250114_122658,3070
2,VID_20250114_122658,3080
2,VID_20250114_122658,3090
2,VID_20250114_122658,3100
2,VID_20250114_122658,3110
2,VID_20250114_122658,3120
2,VID_20250114_122658,3130
2,VID_20250114_122658,3140
2,VID_20250114_122658,3150
2,VID_20250114_122658,3160
2,VID_20250114_122658,3170
2,VID_20250114_122658,3180
2,VID_20250114_122658,3190
2,VID_20250114_122658,3200
2,VID_20250114_122658,3210
2,VID_20250114_122658,3220
2,VID_20250114_122658,3230
2,VID_20250114_122658,3240
2,VID_20250114_122658,3250
2,VID_20250114_122658,3260
2,VID_20250114_122658,3270
2,VID_20250114_122658,3280
2,VID_20250114_122658,3290
2,VID_20250114_122658,3300
2,VID_20250114_122658,3310
2,VID_20250114_122658,3320
2,VID_20250114_122658,3330
2,VID_20250114_122658,3340
2,VID_20250114_122658,3350
2,VID_20250114_122658,3360
2,VID_20250114_122658,3370
2,VID_20250114_122658,3380
2,VID_20250114_122658,3390
2,VID_20250114_122658,3400
2,VID_20250114_122658,3410
2,VID_20250114_122658,3420
2,VID_20250114_122658,3430
2,VID_20250114_122658,3440
2,VID_20250114_122658,3450
2,VID_20250114_122658,3460
2,VID_20250114_122658,3470
2,VID_20250114_122658,3480
2,VID_20250114_122658,3490
2,VID_20250114_122658,3500
2,VID_20250114_122658,3510
2,VID_20250114_122658,3520
2,VID_20250114_122658,3530
2,VID_20250114_122658,3540
2,VID_20250114_122658,3550
2,VID_20250114_122658,3560
2,VID_20250114_122658,3570
2,VID_20250114_122658,3580
2,VID_20250114_122658,3590
2,VID_20250114_122658,3600
2,VID_20250114_122658,3610
3,VID_20250114_122658,2830
3,VID_20250114_122658,2840
3,VID_20250114_122658,2850
3,VID_20250114_122658,2860
3,VID_20250114_122658,2870
3,VID_20250114_122658,2880
3,VID_20250114_122658,2890
3,VID_20250114_122658,2900
3,VID_20250114_122658,2910
3,VID_20250114_122658,2920
3,VID_20250114_122658,2930
3,VID_20250114_122658,2940
3,VID_20250114_122658,2950
3,VID_20250114_122658,2960
3,VID_20250114_122658,2970
3,VID_20250114_122658,2980
3,VID_20250114_122658,2990
0,VID_20250114_123113,0
0,VID_20250114_123113,10
0,VID_20250114_123113,20
0,VID_20250114_123113,30
0,VID_20250114_123113,40
0,VID_20250114_123113,50
0,VID_20250114_123113,60
0,VID_20250114_123113,70
0,VID_20250114_123113,80
0,VID_20250114_123113,90
0,VID_20250114_123113,100
0,VID_20250114_123113,110
0,VID_20250114_123113,120
0,VID_20250114_123113,130
0,VID_20250114_123113,140
0,VID_20250114_123113,150
0,VID_20250114_123113,160
0,VID_20250114_123113,170
0,VID_20250114_123113,180
0,VID_20250114_123113,190
0,VID_20250114_123113,200
0,VID_20250114_123113,210
0,VID_20250114_123113,220
0,VID_20250114_123113,230
0,VID_20250114_123113,240
0,VID_20250114_123113,250
0,VID_20250114_123113,260
0,VID_20250114_123113,270
0,VID_20250114_123113,280
0,VID_20250114_123113,290
0,VID_20250114_123113,300
0,VID_20250114_123113,310
0,VID_20250114_123113,320
0,VID_20250114_123113,330
0,VID_20250114_123113,340
0,VID_20250114_123113,350
0,VID_20250114_123113,360
0,VID_20250114_123113,370
0,VID_20250114_123113,380
0,VID_20250114_123113,390
0,VID_20250114_123113,400
0,VID_20250114_123113,410
0,VID_20250114_123113,420
0,VID_20250114_123113,430
0,VID_20250114_123113,440
0,VID_20250114_123113,450
0,VID_20250114_123113,460
0,VID_20250114_123113,470
0,VID_20250114_123113,480
0,VID_20250114_123113,490
0,VID_20250114_123113,500
0,VID_20250114_123113,510
0,VID_20250114_123113,520
0,VID_20250114_123113,530
0,VID_20250114_123113,540
0,VID_20250114_123113,550
0,VID_20250114_123113,560
0,VID_20250114_123113,570
0,VID_20250114_123113,580
0,VID_20250114_123113,590
0,VID_20250114_123113,600
0,VID_20250114_123113,610
0,VID_20250114_123113,620
0,VID_20250114_123113,630
0,VID_20250114_123113,640
0,VID_20250114_123113,650
0,VID_20250114_123113,660
0,VID_20250114_123113,670
0,VID_20250114_123113,680
0,VID_20250114_123113,690
0,VID_20250114_123113,700
0,VID_20250114_123113,710
0,VID_20250114_123113,720
0,VID_20250114_123113,730
0,VID_20250114_123113,740
0,VID_20250114_123113,750
0,VID_20250114_123113,760
0,VID_20250114_123113,770
0,VID_20250114_123113,780
0,VID_20250114_123113,790
0,VID_20250114_123113,800
0,VID_20250114_123113,810
0,VID_20250114_123113,820
0,VID_20250114_123113,830
0,VID_20250114_123113,840
0,VID_20250114_123113,850
0,VID_20250114_123113,860
0,VID_20250114_123113,870
0,VID_20250114_123113,880
0,VID_20250114_123113,890
0,VID_20250114_123113,900
0,VID_20250114_123113,910
0,VID_20250114_123113,920
0,VID_20250114_123113,930
0,VID_20250114_123113,940
0,VID_20250114_123113,950
0,VID_20250114_123113,960
0,VID_20250114_123113,970
0,VID_20250114_123113,980
0,VID_20250114_123113,990
0,VID_20250114_123113,1000
0,VID_20250114_123113,1010
0,VID_20250114_123113,1020
0,VID_20250114_123113,1030
0,VID_20250114_123113,1040
0,VID_20250114_123113,1050
0,VID_20250114_123113,1060
0,VID_20250114_123113,1070
0,VID_20250114_123113,1080
0,VID_20250114_123113,1090
0,VID_20250114_123113,1100
0,VID_20250114_123113,1110
0,VID_20250114_123113,1120
0,VID_20250114_123113,1130
0,VID_20250114_123113,1140
0,VID_20250114_123113,1150
0,VID_20250114_123113,1160
0,VID_20250114_123113,1170
0,VID_20250114_123113,1180
0,VID_20250114_123113,1190
0,VID_20250114_123113,1200
0,VID_20250114_123113,1210
0,VID_20250114_123113,1220
0,VID_20250114_123113,1230
0,VID_20250114_123113,1240
0,VID_20250114_123113,1250
0,VID_20250114_123113,1260
0,VID_20250114_123113,1270
0,VID_20250114_123113,1280
0,VID_20250114_123113,1290
0,VID_20250114_123113,1300
0,VID_20250114_123113,1310
0,VID_20250114_123113,1320
0,VID_20250114_123113,1330
0,VID_20250114_123113,1340
0,VID_20250114_123113,1350
0,VID_20250114_123113,1360
0,VID_20250114_123113,1370
0,VID_20250114_123113,1380
0,VID_20250114_123113,1390
0,VID_20250114_123113,1400
0,VID_20250114_123113,1410
0,VID_20250114_123113,1420
0,VID_20250114_123113,1430
0,VID_20250114_123113,1440
0,VID_20250114_123113,1450
0,VID_20250114_123113,1460
0,VID_20250114_123113,1470
0,VID_20250114_123113,1480
0,VID_20250114_123113,1490
0,VID_20250114_123113,1500
0,VID_20250114_123113,1510
0,VID_20250114_123113,1520
0,VID_20250114_123113,1530
0,VID_20250114_123113,1540
0,VID_20250114_123113,1550
0,VID_20250114_123113,1560
0,VID_20250114_123113,1570
0,VID_20250114_123113,1580
0,VID_20250114_123113,1590
0,VID_20250114_123113,1600
0,VID_20250114_123113,1610
0,VID_20250114_123113,1620
0,VID_20250114_123113,1630
0,VID_20250114_123113,1640
0,VID_20250114_123113,1650
0,VID_20250114_123113,1660
0,VID_20250114_123113,1670
0,VID_20250114_123113,1680
0,VID_20250114_123113,1690
0,VID_20250114_123113,1700
0,VID_20250114_123113,1710
0,VID_20250114_123113,1720
0,VID_20250114_123113,1730
0,VID_20250114_123113,1740
0,VID_20250114_123113,1750
0,VID_20250114_123113,1760
0,VID_20250114_123113,1770
0,VID_20250114_123113,1780
0,VID_20250114_123113,1790
0,VID_20250114_123113,1800
0,VID_20250114_123113,1810
0,VID_20250114_123113,1820
0,VID_20250114_123113,1830
0,VID_20250114_123113,1840
0,VID_20250114_123113,1850
0,VID_20250114_123113,1860
0,VID_20250114_123113,1870
0,VID_20250114_123113,1880
0,VID_20250114_123113,1890
0,VID_20250114_123113,1900
0,VID_20250114_123113,1910
0,VID_20250114_123113,1920
0,VID_20250114_123113,1930
0,VID_20250114_123113,1940
0,VID_20250114_123113,1950
0,VID_20250114_123113,1960
0,VID_20250114_123113,1970
0,VID_20250114_123113,1980
0,VID_20250114_123113,1990
0,VID_20250114_123113,2000
0,VID_20250114_123113,2010
0,VID_20250114_123113,2020
0,VID_20250114_123113,2030
0,VID_20250114_123113,2040
0,VID_20250114_123113,2050
0,VID_20250114_123113,2060
0,VID_20250114_123113,2070
0,VID_20250114_123113,2080
0,VID_20250114_123113,2090
0,VID_20250114_123113,2100
0,VID_20250114_123113,2110
0,VID_20250114_123113,2120
0,VID_20250114_123113,2130
0,VID_20250114_123113,2140
0,VID_20250114_123113,2150
0,VID_20250114_123113,2160
0,VID_20250114_123113,2170
0,VID_20250114_123113,2180
0,VID_20250114_123113,2190
0,VID_20250114_123113,2200
0,VID_20250114_123113,2210
0,VID_20250114_123113,2220
0,VID_20250114_123113,2230
0,VID_20250114_123113,2240
0,VID_20250114_123113,2250
0,VID_20250114_123113,2260
0,VID_20250114_123113,2270
0,VID_20250114_123113,2280
0,VID_20250114_123113,2290
0,VID_20250114_123113,2300
0,VID_20250114_123113,2310
0,VID_20250114_123113,2320
0,VID_20250114_123113,2330
0,VID_20250114_123113,2340
0,VID_20250114_123113,2350
0,VID_20250114_123113,2360
0,VID_20250114_123113,2370
0,VID_20250114_123113,2380
0,VID_20250114_123113,2390
0,VID_20250114_123113,2400
0,VID_20250114_123113,2410
0,VID_20250114_123113,2420
0,VID_20250114_123113,2430
0,VID_20250114_123113,2440
0,VID_20250114_123113,2450
0,VID_20250114_123113,2460
0,VID_20250114_123113,2470
0,VID_20250114_123113,2480
0,VID_20250114_123113,2490
0,VID_20250114_123113,2500
0,VID_20250114_123113,2510
0,VID_20250114_123113,2520
0,VID_20250114_123113,2530
0,VID_20250114_123113,2540
0,VID_20250114_123113,2550
0,VID_20250114_123113,2560
0,VID_20250114_123113,2570
0,VID_20250114_123113,2580
0,VID_20250114_123113,2590
0,VID_20250114_123113,2600
0,VID_20250114_123113,2610
0,VID_20250114_123113,2620
0,VID_20250114_123113,2630
0,VID_20250114_123113,2640
0,VID_20250114_123113,2650
0,VID_20250114_123113,2660
0,VID_20250114_123113,2670
0,VID_20250114_123113,2680
0,VID_20250114_123113,2690
0,VID_20250114_123113,2700
0,VID_20250114_123113,2710
0,VID_20250114_123113,2720
0,VID_20250114_123113,2730
0,VID_20250114_123113,2740
0,VID_20250114_123113,2750
0,VID_20250114_123113,2760
0,VID_20250114_123113,2770
0,VID_20250114_123113,2780
0,VID_20250114_123113,2790
0,VID_20250114_123113,2800
0,VID_20250114_123113,2810
0,VID_20250114_123113,2820
0,VID_20250114_123113,2830
0,VID_20250114_123113,2840
0,VID_20250114_123113,2850
0,VID_20250114_123113,2860
0,VID_20250114_123113,2870
0,VID_20250114_123113,2880
0,VID_20250114_123113,2890
0,VID_20250114_123113,2900
0,VID_20250114_123113,2910
0,VID_20250114_123113,2920
0,VID_20250114_123113,2930
0,VID_20250114_123113,2940
0,VID_20250114_123113,2950
0,VID_20250114_123113,2960
0,VID_20250114_123113,2970
0,VID_20250114_123113,2980
0,VID_20250114_123113,2990
0,VID_20250114_123113,3000
0,VID_20250114_123113,3010
0,VID_20250114_123113,3020
0,VID_20250114_123113,3030
0,VID_20250114_123113,3040
0,VID_20250114_123113,3050
0,VID_20250114_123113,3060
0,VID_20250114_123113,3070
0,VID_20250114_123113,3080
0,VID_20250114_123113,3090
0,VID_20250114_123113,3100
0,VID_20250114_123113,3110
0,VID_20250114_123113,3120
1,VID_20250114_123113,3150
1,VID_20250114_123113,3160
1,VID_20250114_123113,3170
1,VID_20250114_123113,3180
1,VID_20250114_123113,3190
1,VID_20250114_123113,3200
1,VID_20250114_123113,3210
1,VID_20250114_123113,3220
1,VID_20250114_123113,3230
1,VID_20250114_123113,3240
1,VID_20250114_123113,3250
1,VID_20250114_123113,3260
1,VID_20250114_123113,3270
1,VID_20250114_123113,3280
1,VID_20250114_123113,3290
1,VID_20250114_123113,3300
1,VID_20250114_123113,3310
1,VID_20250114_123113,3320
1,VID_20250114_123113,3330
1,VID_20250114_123113,3340
1,VID_20250114_123113,3350
1,VID_20250114_123113,3360
1,VID_20250114_123113,3370
1,VID_20250114_123113,3380
1,VID_20250114_123113,3390
1,VID_20250114_123113,3400
1,VID_20250114_123113,3410
1,VID_20250114_123113,3420
1,VID_20250114_123113,3430
1,VID_20250114_123113,3440
1,VID_20250114_123113,3450
1,VID_20250114_123113,3460
1,VID_20250114_123113,3470
1,VID_20250114_123113,3480
1,VID_20250114_123113,3490
1,VID_20250114_123113,3500
1,VID_20250114_123113,3510
1,VID_20250114_123113,3520
1,VID_20250114_123113,3530
1,VID_20250114_123113,3540
1,VID_20250114_123113,3550
1,VID_20250114_123113,3560
1,VID_20250114_123113,3570
1,VID_20250114_123113,3580
1,VID_20250114_123113,3590
1,VID_20250114_123113,3600
1,VID_20250114_123113,3610
1,VID_20250114_123113,3620
1,VID_20250114_123113,3630
1,VID_20250114_123113,3640
1,VID_20250114_123113,3650
1,VID_20250114_123113,3660
1,VID_20250114_123113,3670
1,VID_20250114_123113,3680
1,VID_20250114_123113,3690
1,VID_20250114_123113,3700
1,VID_20250114_123113,3710
1,VID_20250114_123113,3720
1,VID_20250114_123113,3730
1,VID_20250114_123113,3740
1,VID_20250114_123113,3750
1,VID_20250114_123113,3760
1,VID_20250114_123113,3770
1,VID_20250114_123113,3780
1,VID_20250114_123113,3790
1,VID_20250114_123113,3800
1,VID_20250114_123113,3810
1,VID_20250114_123113,3820
1,VID_20250114_123113,3830
1,VID_20250114_123113,3840
1,VID_20250114_123113,3850
1,VID_20250114_123113,3860
1,VID_20250114_123113,3870
1,VID_20250114_123113,3880
1,VID_20250114_123113,3890
1,VID_20250114_123113,3900
1,VID_20250114_123113,3910
1,VID_20250114_123113,3920
1,VID_20250114_123113,3930
1,VID_20250114_123113,3940
1,VID_20250114_123113,3950
1,VID_20250114_123113,3960
1,VID_20250114_123113,3970
1,VID_20250114_123113,3980
1,VID_20250114_123113,3990
1,VID_20250114_123113,4000
1,VID_20250114_123113,4010
1,VID_20250114_123113,4020
1,VID_20250114_123113,4030
1,VID_20250114_123113,4040
1,VID_20250114_123113,4050
1,VID_20250114_123113,4060
1,VID_20250114_123113,4070
1,VID_20250114_123113,4080
1,VID_20250114_123113,4090
1,VID_20250114_123113,4100
1,VID_20250114_123113,4110
1,VID_20250114_123113,4120
1,VID_20250114_123113,4130
1,VID_20250114_123113,4140
1,VID_20250114_123113,4150
1,VID_20250114_123113,4160
1,VID_20250114_123113,4170
1,VID_20250114_123113,4180
1,VID_20250114_123113,4190
1,VID_20250114_123113,4200
1,VID_20250114_123113,4210
1,VID_20250114_123113,4220
1,VID_20250114_123113,4230
1,VID_20250114_123113,4240
1,VID_20250114_123113,4250
1,VID_20250114_123113,4260
1,VID_20250114_123113,4270
1,VID_20250114_123113,4280
1,VID_20250114_123113,4290
1,VID_20250114_123113,4300
1,VID_20250114_123113,4310
1,VID_20250114_123113,4320
1,VID_20250114_123113,4330
1,VID_20250114_123113,4340
1,VID_20250114_123113,4350
1,VID_20250114_123113,4360
1,VID_20250114_123113,4370
1,VID_20250114_123113,4380
1,VID_20250114_123113,4390
1,VID_20250114_123113,4400
1,VID_20250114_123113,4410
1,VID_20250114_123113,4420
1,VID_20250114_123113,4430
1,VID_20250114_123113,4440
1,VID_20250114_123113,4450
1,VID_20250114_123113,4460
1,VID_20250114_123113,4470
1,VID_20250114_123113,4480
1,VID_20250114_123113,4490
1,VID_20250114_123113,4500
1,VID_20250114_123113,4510
1,VID_20250114_123113,4520
1,VID_20250114_123113,4530
1,VID_20250114_123113,4540
1,VID_20250114_123113,4550
1,VID_20250114_123113,4560
1,VID_20250114_123113,4570
1,VID_20250114_123113,4580
1,VID_20250114_123113,4590
1,VID_20250114_123113,4600
1,VID_20250114_123113,4610
1,VID_20250114_123113,4620
1,VID_20250114_123113,4630
1,VID_20250114_123113,4640
1,VID_20250114_123113,4650
1,VID_20250114_123113,4660
1,VID_20250114_123113,4670
1,VID_20250114_123113,4680
1,VID_20250114_123113,4690
2,VID_20250114_123113,4770
2,VID_20250114_123113,4780
2,VID_20250114_123113,4790
2,VID_20250114_123113,4800
2,VID_20250114_123113,4810
2,VID_20250114_123113,4820
2,VID_20250114_123113,4830
2,VID_20250114_123113,4840
2,VID_20250114_123113,4850
2,VID_20250114_123113,4860
2,VID_20250114_123113,4870
2,VID_20250114_123113,4880
2,VID_20250114_123113,4890
2,VID_20250114_123113,4900
2,VID_20250114_123113,4910
2,VID_20250114_123113,4920
2,VID_20250114_123113,4930
2,VID_20250114_123113,4940
2,VID_20250114_123113,4950
2,VID_20250114_123113,4960
2,VID_20250114_123113,4970
2,VID_20250114_123113,4980
2,VID_20250114_123113,4990
2,VID_20250114_123113,5000
2,VID_20250114_123113,5010
2,VID_20250114_123113,5020
2,VID_20250114_123113,5030
2,VID_20250114_123113,5040
2,VID_20250114_123113,5050
2,VID_20250114_123113,5060
2,VID_20250114_123113,5070
2,VID_20250114_123113,5080
2,VID_20250114_123113,5090
2,VID_20250114_123113,5100
2,VID_20250114_123113,5110
2,VID_20250114_123113,5120
2,VID_20250114_123113,5130
2,VID_20250114_123113,5140
2,VID_20250114_123113,5150
2,VID_20250114_123113,5160
2,VID_20250114_123113,5170
2,VID_20250114_123113,5180
2,VID_20250114_123113,5190
2,VID_20250114_123113,5200
2,VID_20250114_123113,5210
2,VID_20250114_123113,5220
2,VID_20250114_123113,5230
2,VID_20250114_123113,5240
2,VID_20250114_123113,5250
2,VID_20250114_123113,5260
2,VID_20250114_123113,5270
2,VID_20250114_123113,5280
2,VID_20250114_123113,5290
2,VID_20250114_123113,5300
2,VID_20250114_123113,5310
2,VID_20250114_123113,5320
2,VID_20250114_123113,5330
2,VID_20250114_123113,5340
2,VID_20250114_123113,5350
2,VID_20250114_123113,5360
2,VID_20250114_123113,5370
2,VID_20250114_123113,5380
2,VID_20250114_123113,5390
2,VID_20250114_123113,5400
2,VID_20250114_123113,5410
2,VID_20250114_123113,5420
2,VID_20250114_123113,5430
2,VID_20250114_123113,5440
2,VID_20250114_123113,5450
2,VID_20250114_123113,5460
2,VID_20250114_123113,5470
2,VID_20250114_123113,5480
2,VID_20250114_123113,5490
2,VID_20250114_123113,5500
2,VID_20250114_123113,5510
2,VID_20250114_123113,5520
2,VID_20250114_123113,5530
2,VID_20250114_123113,5540
2,VID_20250114_123113,5550
2,VID_20250114_123113,5560
2,VID_20250114_123113,5570
2,VID_20250114_123113,5580
2,VID_20250114_123113,5590
2,VID_20250114_123113,5600
2,VID_20250114_123113,5610
2,VID_20250114_123113,5620
2,VID_20250114_123113,5630
2,VID_20250114_123113,5640
2,VID_20250114_123113,5650
2,VID_20250114_123113,5660
2,VID_20250114_123113,5670
2,VID_20250114_123113,5680
2,VID_20250114_123113,5690
2,VID_20250114_123113,5700
2,VID_20250114_123113,5710
2,VID_20250114_123113,5720
2,VID_20250114_123113,5730
2,VID_20250114_123113,5740
2,VID_20250114_123113,5750
2,VID_20250114_123113,5760
2,VID_20250114_123113,5770
2,VID_20250114_123113,5780
2,VID_20250114_123113,5790
2,VID_20250114_123113,5800
2,VID_20250114_123113,5810
2,VID_20250114_123113,5820
2,VID_20250114_123113,5830
2,VID_20250114_123113,5840
2,VID_20250114_123113,5850
2,VID_20250114_123113,5860
2,VID_20250114_123113,5870
2,VID_20250114_123113,5880
2,VID_20250114_123113,5890
2,VID_20250114_123113,5900
2,VID_20250114_123113,5910
2,VID_20250114_123113,5920
2,VID_20250114_123113,5930
2,VID_20250114_123113,5940
2,VID_20250114_123113,5950
2,VID_20250114_123113,5960
2,VID_20250114_123113,5970
2,VID_20250114_123113,5980
2,VID_20250114_123113,5990
2,VID_20250114_123113,6000
2,VID_20250114_123113,6010
2,VID_20250114_123113,6020
2,VID_20250114_123113,6030
2,VID_20250114_123113,6040
2,VID_20250114_123113,6050
2,VID_20250114_123113,6060
2,VID_20250114_123113,6070
2,VID_20250114_123113,6080
2,VID_20250114_123113,6090
2,VID_20250114_123113,6100
2,VID_20250114_123113,6110
2,VID_20250114_123113,6120
2,VID_20250114_123113,6130
2,VID_20250114_123113,6140
2,VID_20250114_123113,6150
2,VID_20250114_123113,6160
2,VID_20250114_123113,6170
2,VID_20250114_123113,6180
2,VID_20250114_123113,6190
2,VID_20250114_123113,6200
2,VID_20250114_123113,6210
2,VID_20250114_123113,6220
2,VID_20250114_123113,6230
2,VID_20250114_123113,6240
2,VID_20250114_123113,6250
2,VID_20250114_123113,6260
2,VID_20250114_123113,6270
2,VID_20250114_123113,6280
2,VID_20250114_123113,6290
2,VID_20250114_123113,6300
2,VID_20250114_123113,6310
2,VID_20250114_123113,6320
2,VID_20250114_123113,6330
2,VID_20250114_123113,6340
2,VID_20250114_123113,6350
2,VID_20250114_123113,6360
2,VID_20250114_123113,6370
2,VID_20250114_123113,6380
2,VID_20250114_123113,6390
2,VID_20250114_123113,6400
2,VID_20250114_123113,6410
2,VID_20250114_123113,6420
2,VID_20250114_123113,6430
2,VID_20250114_123113,6440
2,VID_20250114_123113,6450
2,VID_20250114_123113,6460
2,VID_20250114_123113,6470
2,VID_20250114_123113,6480
2,VID_20250114_123113,6490
2,VID_20250114_123113,6500
2,VID_20250114_123113,6510
2,VID_20250114_123113,6520
2,VID_20250114_123113,6530
2,VID_20250114_123113,6540
2,VID_20250114_123113,6550
2,VID_20250114_123113,6560
2,VID_20250114_123113,6570
2,VID_20250114_123113,6580
2,VID_20250114_123113,6590
2,VID_20250114_123113,6600
2,VID_20250114_123113,6610
2,VID_20250114_123113,6620
2,VID_20250114_123113,6630
2,VID_20250114_123113,6640
2,VID_20250114_123113,6650
2,VID_20250114_123113,6660
2,VID_20250114_123113,6670
2,VID_20250114_123113,6680
2,VID_20250114_123113,6690
2,VID_20250114_123113,6700
2,VID_20250114_123113,6710
2,VID_20250114_123113,6720
2,VID_20250114_123113,6730
2,VID_20250114_123113,6740
2,VID_20250114_123113,6750
2,VID_20250114_123113,6760
2,VID_20250114_123113,6770
2,VID_20250114_123113,6780
2,VID_20250114_123113,6790
2,VID_20250114_123113,6800
2,VID_20250114_123113,6810
2,VID_20250114_123113,6820
2,VID_20250114_123113,6830
2,VID_20250114_123113,6840
2,VID_20250114_123113,6850
2,VID_20250114_123113,6860
2,VID_20250114_123113,6870
2,VID_20250114_123113,6880
3,VID_20250114_123113,7250
3,VID_20250114_123113,7260
3,VID_20250114_123113,7270
3,VID_20250114_123113,7280
3,VID_20250114_123113,7290
3,VID_20250114_123113,7300
3,VID_20250114_123113,7310
3,VID_20250114_123113,7320
3,VID_20250114_123113,7330
3,VID_20250114_123113,7340
3,VID_20250114_123113,7350
3,VID_20250114_123113,7360
3,VID_20250114_123113,7370
3,VID_20250114_123113,7380
3,VID_20250114_123113,7390
3,VID_20250114_123113,7400
3,VID_20250114_123113,7410
3,VID_20250114_123113,7420
3,VID_20250114_123113,7430
3,VID_20250114_123113,7440
3,VID_20250114_123113,7450
3,VID_20250114_123113,7460
3,VID_20250114_123113,7470
3,VID_20250114_123113,7480
3,VID_20250114_123113,7490
3,VID_20250114_123113,7500
3,VID_20250114_123113,7510
3,VID_20250114_123113,7520
3,VID_20250114_123113,7530
3,VID_20250114_123113,7540
3,VID_20250114_123113,7550
3,VID_20250114_123113,7560
3,VID_20250114_123113,7570
3,VID_20250114_123113,7580
3,VID_20250114_123113,7590
3,VID_20250114_123113,7600
3,VID_20250114_123113,7610
3,VID_20250114_123113,7620
3,VID_20250114_123113,7630
3,VID_20250114_123113,7640
3,VID_20250114_123113,7650
3,VID_20250114_123113,7660
3,VID_20250114_123113,7670
3,VID_20250114_123113,7680
3,VID_20250114_123113,7690
3,VID_20250114_123113,7700
3,VID_20250114_123113,7710
3,VID_20250114_123113,7720
3,VID_20250114_123113,7730
3,VID_20250114_123113,7740
3,VID_20250114_123113,7750
3,VID_20250114_123113,7760
3,VID_20250114_123113,7770
3,VID_20250114_123113,7780
3,VID_20250114_123113,7790
3,VID_20250114_123113,7800
3,VID_20250114_123113,7810
3,VID_20250114_123113,7820
3,VID_20250114_123113,7830
3,VID_20250114_123113,7840
3,VID_20250114_123113,7850
3,VID_20250114_123113,7860
3,VID_20250114_123113,7870
3,VID_20250114_123113,7880
3,VID_20250114_123113,7890
3,VID_20250114_123113,7900
3,VID_20250114_123113,7910
3,VID_20250114_123113,7920
3,VID_20250114_123113,7930
3,VID_20250114_123113,7940
3,VID_20250114_123113,7950
3,VID_20250114_123113,7960
3,VID_20250114_123113,7970
3,VID_20250114_123113,7980
3,VID_20250114_123113,7990
3,VID_20250114_123113,8000
3,VID_20250114_123113,8010
3,VID_20250114_123113,8020
3,VID_20250114_123113,8030
3,VID_20250114_123113,8040
3,VID_20250114_123113,8050
3,VID_20250114_123113,8060
3,VID_20250114_123113,8070
3,VID_20250114_123113,8080
3,VID_20250114_123113,8090
3,VID_20250114_123113,8100
3,VID_20250114_123113,8110
3,VID_20250114_123113,8120
3,VID_20250114_123113,8130
3,VID_20250114_123113,8140
3,VID_20250114_123113,8150
3,VID_20250114_123113,8160
3,VID_20250114_123113,8170
3,VID_20250114_123113,8180
3,VID_20250114_123113,8190
3,VID_20250114_123113,8200
3,VID_20250114_123113,8210
3,VID_20250114_123113,8220
3,VID_20250114_123113,8230
3,VID_20250114_123113,8240
3,VID_20250114_123113,8250
3,VID_20250114_123113,8260
3,VID_20250114_123113,8270
3,VID_20250114_123113,8280
3,VID_20250114_123113,8290
3,VID_20250114_123113,8300
3,VID_20250114_123113,8310
3,VID_20250114_123113,8320
3,VID_20250114_123113,8330
3,VID_20250114_123113,8340
3,VID_20250114_123113,8350
3,VID_20250114_123113,8360
3,VID_20250114_123113,8370
3,VID_20250114_123113,8380
3,VID_20250114_123113,8390
3,VID_20250114_123113,8400
3,VID_20250114_123113,8410
3,VID_20250114_123113,8420
3,VID_20250114_123113,8430
3,VID_20250114_123113,8440
3,VID_20250114_123113,8450
3,VID_20250114_123113,8460
3,VID_20250114_123113,8470
3,VID_20250114_123113,8480
3,VID_20250114_123113,8490
3,VID_20250114_123113,8500
3,VID_20250114_123113,8510
3,VID_20250114_123113,8520
3,VID_20250114_123113,8530
3,VID_20250114_123113,8540
3,VID_20250114_123113,8550
3,VID_20250114_123113,8560
3,VID_20250114_123113,8570
3,VID_20250114_123113,8580
3,VID_20250114_123113,8590
3,VID_20250114_123113,8600
3,VID_20250114_123113,8610
3,VID_20250114_123113,8620
3,VID_20250114_123113,8630
3,VID_20250114_123113,8640
3,VID_20250114_123113,8650
3,VID_20250114_123113,8660
3,VID_20250114_123113,8670
3,VID_20250114_123113,8680
3,VID_20250114_123113,8690
3,VID_20250114_123113,8700
3,VID_20250114_123113,8710
3,VID_20250114_123113,8720
3,VID_20250114_123113,8730
3,VID_20250114_123113,8740
3,VID_20250114_123113,8750
3,VID_20250114_123113,8760
3,VID_20250114_123113,8770
3,VID_20250114_123113,8780
3,VID_20250114_123113,8790
3,VID_20250114_123113,8800
3,VID_20250114_123113,8810
3,VID_20250114_123113,8820
3,VID_20250114_123113,8830
3,VID_20250114_123113,8840
3,VID_20250114_123113,8850
3,VID_20250114_123113,10060
3,VID_20250114_123113,10070
3,VID_20250114_123113,10080
3,VID_20250114_123113,10090
3,VID_20250114_123113,10100
3,VID_20250114_123113,10110
3,VID_20250114_123113,10120
3,VID_20250114_123113,10130
3,VID_20250114_123113,10140
3,VID_20250114_123113,10150
3,VID_20250114_123113,10160
3,VID_20250114_123113,10170
3,VID_20250114_123113,10180
3,VID_20250114_123113,10190
3,VID_20250114_123113,10200
3,VID_20250114_123113,10210
3,VID_20250114_123113,10220
3,VID_20250114_123113,10230
3,VID_20250114_123113,10240
3,VID_20250114_123113,10250
3,VID_20250114_123113,10260
3,VID_20250114_123113,10270
3,VID_20250114_123113,10280
3,VID_20250114_123113,10290
3,VID_20250114_123113,10300
3,VID_20250114_123113,10310
3,VID_20250114_123113,10320
3,VID_20250114_123113,10330
3,VID_20250114_123113,10340
3,VID_20250114_123113,10350
3,VID_20250114_123113,10360
3,VID_20250114_123113,10370
3,VID_20250114_123113,10380
3,VID_20250114_123113,10390
3,VID_20250114_123113,10400
3,VID_20250114_123113,10410
3,VID_20250114_123113,10420
3,VID_20250114_123113,10430
3,VID_20250114_123113,10440
3,VID_20250114_123113,10450
3,VID_20250114_123113,10460
3,VID_20250114_123113,10470
3,VID_20250114_123113,10480
3,VID_20250114_123113,10490
3,VID_20250114_123113,10500
3,VID_20250114_123113,10510
3,VID_20250114_123113,10520
3,VID_20250114_123113,10530
3,VID_20250114_123113,10540
3,VID_20250114_123113,10550
3,VID_20250114_123113,10560
3,VID_20250114_123113,10570
3,VID_20250114_123113,10580
3,VID_20250114_123113,10590
3,VID_20250114_123113,10600
3,VID_20250114_123113,10610
3,VID_20250114_123113,10620
3,VID_20250114_123113,10630
3,VID_20250114_123113,10640
3,VID_20250114_123113,10650
3,VID_20250114_123113,10660
3,VID_20250114_123113,10670
3,VID_20250114_123113,10680
3,VID_20250114_123113,10690
3,VID_20250114_123113,10700
3,VID_20250114_123113,10710
3,VID_20250114_123113,10720
3,VID_20250114_123113,10730
3,VID_20250114_123113,10740
3,VID_20250114_123113,10750
3,VID_20250114_123113,10760
3,VID_20250114_123113,10770
3,VID_20250114_123113,10780
3,VID_20250114_123113,10790
3,VID_20250114_123113,10800
3,VID_20250114_123113,10810
3,VID_20250114_123113,10820
3,VID_20250114_123113,10830
3,VID_20250114_123113,10840
3,VID_20250114_123113,10850
3,VID_20250114_123113,10860
3,VID_20250114_123113,10870
3,VID_20250114_123113,10880
3,VID_20250114_123113,10890
3,VID_20250114_123113,10900
3,VID_20250114_123113,10910
3,VID_20250114_123113,10920
3,VID_20250114_123113,10930
3,VID_20250114_123113,10940
3,VID_20250114_123113,10950
3,VID_20250114_123113,10960
3,VID_20250114_123113,10970
3,VID_20250114_123113,10980
3,VID_20250114_123113,10990
3,VID_20250114_123113,11000
3,VID_20250114_123113,11010
3,VID_20250114_123113,11020
3,VID_20250114_123113,11030
3,VID_20250114_123113,11040
3,VID_20250114_123113,11050
3,VID_20250114_123113,11060
3,VID_20250114_123113,11070
3,VID_20250114_123113,11080
3,VID_20250114_123113,11090
3,VID_20250114_123113,11100
3,VID_20250114_123113,11110
3,VID_20250114_123113,11120
3,VID_20250114_123113,11130
3,VID_20250114_123113,11140
3,VID_20250114_123113,11150
3,VID_20250114_123113,11160
3,VID_20250114_123113,11170
3,VID_20250114_123113,11180
3,VID_20250114_123113,11190
3,VID_20250114_123113,11200
3,VID_20250114_123113,11210
3,VID_20250114_123113,11220
3,VID_20250114_123113,11230
3,VID_20250114_123113,11240
3,VID_20250114_123113,11250
3,VID_20250114_123113,11260
3,VID_20250114_123113,11270
3,VID_20250114_123113,11280
3,VID_20250114_123113,11290
3,VID_20250114_123113,11300
3,VID_20250114_123113,11310
3,VID_20250114_123113,11320
3,VID_20250114_123113,11330
3,VID_20250114_123113,11340
3,VID_20250114_123113,11350
3,VID_20250114_123113,11360
3,VID_20250114_123113,11370
3,VID_20250114_123113,11380
3,VID_20250114_123113,11390
3,VID_20250114_123113,11400
3,VID_20250114_123113,11410
3,VID_20250114_123113,11420
3,VID_20250114_123113,11430
3,VID_20250114_123113,11440
3,VID_20250114_123113,11450
3,VID_20250114_123113,11460
3,VID_20250114_123113,11470
3,VID_20250114_123113,11480
3,VID_20250114_123113,11490
3,VID_20250114_123113,11500
3,VID_20250114_123113,11510
3,VID_20250114_123113,11520
3,VID_20250114_123113,11530
3,VID_20250114_123113,11540
3,VID_20250114_123113,11550
3,VID_20250114_123113,11560
3,VID_20250114_123113,11570
3,VID_20250114_123113,11580
3,VID_20250114_123113,11590
3,VID_20250114_123113,11600
3,VID_20250114_123113,11610
3,VID_20250114_123113,11620
3,VID_20250114_123113,11630
3,VID_20250114_123113,11640
3,VID_20250114_123113,11650
3,VID_20250114_123113,11660
3,VID_20250114_123113,11670
3,VID_20250114_123113,11680
3,VID_20250114_123113,11690
3,VID_20250114_123113,11700
3,VID_20250114_123113,11710
3,VID_20250114_123113,11720
3,VID_20250114_123113,11730
3,VID_20250114_123113,11740
3,VID_20250114_123113,11750
3,VID_20250114_123113,11760
3,VID_20250114_123113,11770
3,VID_20250114_123113,11780
3,VID_20250114_123113,11790
3,VID_20250114_123113,11800
3,VID_20250114_123113,11810
3,VID_20250114_123113,11820
3,VID_20250114_123113,11830
3,VID_20250114_123113,11840
3,VID_20250114_123113,11850
3,VID_20250114_123113,11860
3,VID_20250114_123113,11870
3,VID_20250114_123113,11880
3,VID_20250114_123113,11890
3,VID_20250114_123113,11900
3,VID_20250114_123113,11910
3,VID_20250114_123113,11920
3,VID_20250114_123113,11930
3,VID_20250114_123113,11940
3,VID_20250114_123113,11950
3,VID_20250114_123113,11960
3,VID_20250114_123113,11970
3,VID_20250114_123113,11980
3,VID_20250114_123113,11990
3,VID_20250114_123113,12000
3,VID_20250114_123113,12010
3,VID_20250114_123113,12020
3,VID_20250114_123113,12030
3,VID_20250114_123113,12040
3,VID_20250114_123113,12050
3,VID_20250114_123113,12060
3,VID_20250114_123113,12070
3,VID_20250114_123113,12080
3,VID_20250114_123113,12090
3,VID_20250114_123113,12100
3,VID_20250114_123113,12110
3,VID_20250114_123113,12120
3,VID_20250114_123113,12130
3,VID_20250114_123113,12140
3,VID_20250114_123113,12150
3,VID_20250114_123113,12160
3,VID_20250114_123113,12170
3,VID_20250114_123113,12180
3,VID_20250114_123113,12190
3,VID_20250114_123113,12200
3,VID_20250114_123113,12210
3,VID_20250114_123113,12220
3,VID_20250114_123113,12230
3,VID_20250114_123113,12240
3,VID_20250114_123113,12250
3,VID_20250114_123113,12260
3,VID_20250114_123113,12270
0,VID_20250114_123116,0
0,VID_20250114_123116,10
0,VID_20250114_123116,20
0,VID_20250114_123116,30
0,VID_20250114_123116,40
0,VID_20250114_123116,50
0,VID_20250114_123116,60
0,VID_20250114_123116,70
0,VID_20250114_123116,80
0,VID_20250114_123116,90
0,VID_20250114_123116,100
0,VID_20250114_123116,110
0,VID_20250114_123116,120
0,VID_20250114_123116,130
0,VID_20250114_123116,140
0,VID_20250114_123116,150
0,VID_20250114_123116,160
0,VID_20250114_123116,170
0,VID_20250114_123116,180
0,VID_20250114_123116,190
0,VID_20250114_123116,200
0,VID_20250114_123116,210
0,VID_20250114_123116,220
0,VID_20250114_123116,230
0,VID_20250114_123116,240
0,VID_20250114_123116,250
0,VID_20250114_123116,260
0,VID_20250114_123116,270
0,VID_20250114_123116,280
0,VID_20250114_123116,290
0,VID_20250114_123116,300
0,VID_20250114_123116,310
0,VID_20250114_123116,320
0,VID_20250114_123116,330
0,VID_20250114_123116,340
0,VID_20250114_123116,350
0,VID_20250114_123116,360
0,VID_20250114_123116,370
0,VID_20250114_123116,380
0,VID_20250114_123116,390
0,VID_20250114_123116,400
0,VID_20250114_123116,410
0,VID_20250114_123116,420
0,VID_20250114_123116,430
0,VID_20250114_123116,440
0,VID_20250114_123116,450
0,VID_20250114_123116,460
0,VID_20250114_123116,470
0,VID_20250114_123116,480
0,VID_20250114_123116,490
0,VID_20250114_123116,500
0,VID_20250114_123116,510
0,VID_20250114_123116,520
0,VID_20250114_123116,530
0,VID_20250114_123116,540
0,VID_20250114_123116,550
0,VID_20250114_123116,560
0,VID_20250114_123116,570
0,VID_20250114_123116,580
0,VID_20250114_123116,590
0,VID_20250114_123116,600
0,VID_20250114_123116,610
0,VID_20250114_123116,620
0,VID_20250114_123116,630
0,VID_20250114_123116,640
0,VID_20250114_123116,650
0,VID_20250114_123116,660
0,VID_20250114_123116,670
0,VID_20250114_123116,680
0,VID_20250114_123116,690
0,VID_20250114_123116,700
0,VID_20250114_123116,710
0,VID_20250114_123116,720
0,VID_20250114_123116,730
0,VID_20250114_123116,740
0,VID_20250114_123116,750
0,VID_20250114_123116,760
0,VID_20250114_123116,770
0,VID_20250114_123116,780
0,VID_20250114_123116,790
0,VID_20250114_123116,800
0,VID_20250114_123116,810
0,VID_20250114_123116,820
0,VID_20250114_123116,830
0,VID_20250114_123116,840
0,VID_20250114_123116,850
0,VID_20250114_123116,860
0,VID_20250114_123116,870
0,VID_20250114_123116,880
0,VID_20250114_123116,890
0,VID_20250114_123116,900
0,VID_20250114_123116,910
0,VID_20250114_123116,920
0,VID_20250114_123116,930
0,VID_20250114_123116,940
0,VID_20250114_123116,950
0,VID_20250114_123116,960
0,VID_20250114_123116,970
0,VID_20250114_123116,980
0,VID_20250114_123116,990
0,VID_20250114_123116,1000
0,VID_20250114_123116,1010
0,VID_20250114_123116,1020
0,VID_20250114_123116,1030
0,VID_20250114_123116,1040
0,VID_20250114_123116,1050
0,VID_20250114_123116,1060
0,VID_20250114_123116,1070
0,VID_20250114_123116,1080
0,VID_20250114_123116,1090
0,VID_20250114_123116,1100
0,VID_20250114_123116,1110
0,VID_20250114_123116,1120
0,VID_20250114_123116,1130
0,VID_20250114_123116,1140
0,VID_20250114_123116,1150
0,VID_20250114_123116,1160
0,VID_20250114_123116,1170
0,VID_20250114_123116,1180
0,VID_20250114_123116,1190
0,VID_20250114_123116,1200
0,VID_20250114_123116,1210
0,VID_20250114_123116,1220
0,VID_20250114_123116,1230
0,VID_20250114_123116,1240
0,VID_20250114_123116,1250
0,VID_20250114_123116,1260
0,VID_20250114_123116,1270
0,VID_20250114_123116,1280
0,VID_20250114_123116,1290
0,VID_20250114_123116,1300
0,VID_20250114_123116,1310
0,VID_20250114_123116,1320
0,VID_20250114_123116,1330
0,VID_20250114_123116,1340
0,VID_20250114_123116,1350
0,VID_20250114_123116,1360
0,VID_20250114_123116,1370
0,VID_20250114_123116,1380
0,VID_20250114_123116,1390
0,VID_20250114_123116,1400
0,VID_20250114_123116,1410
0,VID_20250114_123116,1420
0,VID_20250114_123116,1430
0,VID_20250114_123116,1440
0,VID_20250114_123116,1450
0,VID_20250114_123116,1460
0,VID_20250114_123116,1470
0,VID_20250114_123116,1480
0,VID_20250114_123116,1490
0,VID_20250114_123116,1500
0,VID_20250114_123116,1510
0,VID_20250114_123116,1520
0,VID_20250114_123116,1530
0,VID_20250114_123116,1540
0,VID_20250114_123116,1550
0,VID_20250114_123116,1560
0,VID_20250114_123116,1570
0,VID_20250114_123116,1580
0,VID_20250114_123116,1590
0,VID_20250114_123116,1600
0,VID_20250114_123116,1610
0,VID_20250114_123116,1620
0,VID_20250114_123116,1630
0,VID_20250114_123116,1640
0,VID_20250114_123116,1650
0,VID_20250114_123116,1660
0,VID_20250114_123116,1670
0,VID_20250114_123116,1680
0,VID_20250114_123116,1690
0,VID_20250114_123116,1700
0,VID_20250114_123116,1710
0,VID_20250114_123116,1720
0,VID_20250114_123116,1730
0,VID_20250114_123116,1740
0,VID_20250114_123116,1750
0,VID_20250114_123116,1760
0,VID_20250114_123116,1770
0,VID_20250114_123116,1780
0,VID_20250114_123116,1790
0,VID_20250114_123116,1800
0,VID_20250114_123116,1810
0,VID_20250114_123116,1820
0,VID_20250114_123116,1830
0,VID_20250114_123116,1840
0,VID_20250114_123116,1850
0,VID_20250114_123116,1860
0,VID_20250114_123116,1870
0,VID_20250114_123116,1880
0,VID_20250114_123116,1890
0,VID_20250114_123116,1900
0,VID_20250114_123116,1910
0,VID_20250114_123116,1920
0,VID_20250114_123116,1930
0,VID_20250114_123116,1940
0,VID_20250114_123116,1950
0,VID_20250114_123116,1960
0,VID_20250114_123116,1970
0,VID_20250114_123116,1980
0,VID_20250114_123116,1990
0,VID_20250114_123116,2000
0,VID_20250114_123116,2010
0,VID_20250114_123116,2020
0,VID_20250114_123116,2030
0,VID_20250114_123116,2040
0,VID_20250114_123116,2050
0,VID_20250114_123116,2060
0,VID_20250114_123116,2070
0,VID_20250114_123116,2080
0,VID_20250114_123116,2090
0,VID_20250114_123116,2100
0,VID_20250114_123116,2110
0,VID_20250114_123116,2120
0,VID_20250114_123116,2130
0,VID_20250114_123116,2140
0,VID_20250114_123116,2150
0,VID_20250114_123116,2160
0,VID_20250114_123116,2170
0,VID_20250114_123116,2180
0,VID_20250114_123116,2190
0,VID_20250114_123116,2200
0,VID_20250114_123116,2210
0,VID_20250114_123116,2220
0,VID_20250114_123116,2230
0,VID_20250114_123116,2240
0,VID_20250114_123116,2250
0,VID_20250114_123116,2260
0,VID_20250114_123116,2270
0,VID_20250114_123116,2280
0,VID_20250114_123116,2290
0,VID_20250114_123116,2300
0,VID_20250114_123116,2310
0,VID_20250114_123116,2320
0,VID_20250114_123116,2330
0,VID_20250114_123116,2340
0,VID_20250114_123116,2350
0,VID_20250114_123116,2360
0,VID_20250114_123116,2370
0,VID_20250114_123116,2380
0,VID_20250114_123116,2390
0,VID_20250114_123116,2400
0,VID_20250114_123116,2410
0,VID_20250114_123116,2420
0,VID_20250114_123116,2430
0,VID_20250114_123116,2440
0,VID_20250114_123116,2450
0,VID_20250114_123116,2460
0,VID_20250114_123116,2470
0,VID_20250114_123116,2480
0,VID_20250114_123116,2490
0,VID_20250114_123116,2500
0,VID_20250114_123116,2510
0,VID_20250114_123116,2520
0,VID_20250114_123116,2530
0,VID_20250114_123116,2540
0,VID_20250114_123116,2550
0,VID_20250114_123116,2560
0,VID_20250114_123116,2570
0,VID_20250114_123116,2580
0,VID_20250114_123116,2590
0,VID_20250114_123116,2600
0,VID_20250114_123116,2610
0,VID_20250114_123116,2620
0,VID_20250114_123116,2630
0,VID_20250114_123116,2640
0,VID_20250114_123116,2650
0,VID_20250114_123116,2660
0,VID_20250114_123116,2670
0,VID_20250114_123116,2680
0,VID_20250114_123116,2690
0,VID_20250114_123116,2700
0,VID_20250114_123116,2710
0,VID_20250114_123116,2720
0,VID_20250114_123116,2730
0,VID_20250114_123116,2740
0,VID_20250114_123116,2750
0,VID_20250114_123116,2760
0,VID_20250114_123116,2770
0,VID_20250114_123116,2780
0,VID_20250114_123116,2790
0,VID_20250114_123116,2800
0,VID_20250114_123116,2810
0,VID_20250114_123116,2820
0,VID_20250114_123116,2830
0,VID_20250114_123116,2840
0,VID_20250114_123116,2850
0,VID_20250114_123116,2860
0,VID_20250114_123116,2870
0,VID_20250114_123116,2880
0,VID_20250114_123116,2890
0,VID_20250114_123116,2900
0,VID_20250114_123116,2910
0,VID_20250114_123116,2920
0,VID_20250114_123116,2930
0,VID_20250114_123116,2940
0,VID_20250114_123116,2950
0,VID_20250114_123116,2960
0,VID_20250114_123116,2970
0,VID_20250114_123116,2980
0,VID_20250114_123116,2990
0,VID_20250114_123116,3000
0,VID_20250114_123116,3010
0,VID_20250114_123116,3020
0,VID_20250114_123116,3030
0,VID_20250114_123116,3040
0,VID_20250114_123116,3050
0,VID_20250114_123116,3060
0,VID_20250114_123116,3070
0,VID_20250114_123116,3080
0,VID_20250114_123116,3090
0,VID_20250114_123116,3100
0,VID_20250114_123116,3110
0,VID_20250114_123116,3120
0,VID_20250114_123116,3130
0,VID_20250114_123116,3140
0,VID_20250114_123116,3150
1,VID_20250114_123116,3170
1,VID_20250114_123116,3180
1,VID_20250114_123116,3190
1,VID_20250114_123116,3200
1,VID_20250114_123116,3210
1,VID_20250114_123116,3220
1,VID_20250114_123116,3230
1,VID_20250114_123116,3240
1,VID_20250114_123116,3250
1,VID_20250114_123116,3260
1,VID_20250114_123116,3270
1,VID_20250114_123116,3280
1,VID_20250114_123116,3290
1,VID_20250114_123116,3300
1,VID_20250114_123116,3310
1,VID_20250114_123116,3320
1,VID_20250114_123116,3330
1,VID_20250114_123116,3340
1,VID_20250114_123116,3350
1,VID_20250114_123116,3360
1,VID_20250114_123116,3370
1,VID_20250114_123116,3380
1,VID_20250114_123116,3390
1,VID_20250114_123116,3400
1,VID_20250114_123116,3410
1,VID_20250114_123116,3420
1,VID_20250114_123116,3430
1,VID_20250114_123116,3440
1,VID_20250114_123116,3450
1,VID_20250114_123116,3460
1,VID_20250114_123116,3470
1,VID_20250114_123116,3480
1,VID_20250114_123116,3490
1,VID_20250114_123116,3500
1,VID_20250114_123116,3510
1,VID_20250114_123116,3520
1,VID_20250114_123116,3530
1,VID_20250114_123116,3540
1,VID_20250114_123116,3550
1,VID_20250114_123116,3560
1,VID_20250114_123116,3570
1,VID_20250114_123116,3580
1,VID_20250114_123116,3590
1,VID_20250114_123116,3600
1,VID_20250114_123116,3610
1,VID_20250114_123116,3620
1,VID_20250114_123116,3630
1,VID_20250114_123116,3640
1,VID_20250114_123116,3650
1,VID_20250114_123116,3660
1,VID_20250114_123116,3670
1,VID_20250114_123116,3680
1,VID_20250114_123116,3690
1,VID_20250114_123116,3700
1,VID_20250114_123116,3710
1,VID_20250114_123116,3720
1,VID_20250114_123116,3730
1,VID_20250114_123116,3740
1,VID_20250114_123116,3750
1,VID_20250114_123116,3760
1,VID_20250114_123116,3770
1,VID_20250114_123116,3780
1,VID_20250114_123116,3790
1,VID_20250114_123116,3800
1,VID_20250114_123116,3810
1,VID_20250114_123116,3820
1,VID_20250114_123116,3830
1,VID_20250114_123116,3840
1,VID_20250114_123116,3850
1,VID_20250114_123116,3860
1,VID_20250114_123116,3870
1,VID_20250114_123116,3880
1,VID_20250114_123116,3890
1,VID_20250114_123116,3900
1,VID_20250114_123116,3910
1,VID_20250114_123116,3920
1,VID_20250114_123116,3930
1,VID_20250114_123116,3940
1,VID_20250114_123116,3950
1,VID_20250114_123116,3960
1,VID_20250114_123116,3970
1,VID_20250114_123116,3980
1,VID_20250114_123116,3990
1,VID_20250114_123116,4000
1,VID_20250114_123116,4010
1,VID_20250114_123116,4020
1,VID_20250114_123116,4030
1,VID_20250114_123116,4040
1,VID_20250114_123116,4050
1,VID_20250114_123116,4060
1,VID_20250114_123116,4070
1,VID_20250114_123116,4080
1,VID_20250114_123116,4090
1,VID_20250114_123116,4100
1,VID_20250114_123116,4110
1,VID_20250114_123116,4120
1,VID_20250114_123116,4130
1,VID_20250114_123116,4140
1,VID_20250114_123116,4150
1,VID_20250114_123116,4160
1,VID_20250114_123116,4170
1,VID_20250114_123116,4180
1,VID_20250114_123116,4190
1,VID_20250114_123116,4200
1,VID_20250114_123116,4210
1,VID_20250114_123116,4220
1,VID_20250114_123116,4230
1,VID_20250114_123116,4240
1,VID_20250114_123116,4250
1,VID_20250114_123116,4260
1,VID_20250114_123116,4270
1,VID_20250114_123116,4280
1,VID_20250114_123116,4290
1,VID_20250114_123116,4300
1,VID_20250114_123116,4310
1,VID_20250114_123116,4320
1,VID_20250114_123116,4330
1,VID_20250114_123116,4340
1,VID_20250114_123116,4350
1,VID_20250114_123116,4360
1,VID_20250114_123116,4370
1,VID_20250114_123116,4380
1,VID_20250114_123116,4390
1,VID_20250114_123116,4400
1,VID_20250114_123116,4410
1,VID_20250114_123116,4420
1,VID_20250114_123116,4430
1,VID_20250114_123116,4440
1,VID_20250114_123116,4450
1,VID_20250114_123116,4460
1,VID_20250114_123116,4470
1,VID_20250114_123116,4480
1,VID_20250114_123116,4490
1,VID_20250114_123116,4500
1,VID_20250114_123116,4510
1,VID_20250114_123116,4520
1,VID_20250114_123116,4530
1,VID_20250114_123116,4540
1,VID_20250114_123116,4550
1,VID_20250114_123116,4560
1,VID_20250114_123116,4570
1,VID_20250114_123116,4580
1,VID_20250114_123116,4590
1,VID_20250114_123116,4600
1,VID_20250114_123116,4610
1,VID_20250114_123116,4620
1,VID_20250114_123116,4630
1,VID_20250114_123116,4640
1,VID_20250114_123116,4650
1,VID_20250114_123116,4660
1,VID_20250114_123116,4670
1,VID_20250114_123116,4680
1,VID_20250114_123116,4690
1,VID_20250114_123116,4700
1,VID_20250114_123116,4710
1,VID_20250114_123116,4720
1,VID_20250114_123116,4730
1,VID_20250114_123116,4740
1,VID_20250114_123116,4750
1,VID_20250114_123116,4760
1,VID_20250114_123116,4770
1,VID_20250114_123116,4780
1,VID_20250114_123116,4790
1,VID_20250114_123116,4800
1,VID_20250114_123116,4810
1,VID_20250114_123116,4820
1,VID_20250114_123116,4830
1,VID_20250114_123116,4840
1,VID_20250114_123116,4850
1,VID_20250114_123116,4860
1,VID_20250114_123116,4870
1,VID_20250114_123116,4880
1,VID_20250114_123116,4890
1,VID_20250114_123116,4900
1,VID_20250114_123116,4910
1,VID_20250114_123116,4920
1,VID_20250114_123116,4930
1,VID_20250114_123116,4940
1,VID_20250114_123116,4950
1,VID_20250114_123116,4960
1,VID_20250114_123116,4970
1,VID_20250114_123116,4980
1,VID_20250114_123116,4990
1,VID_20250114_123116,5000
1,VID_20250114_123116,5010
1,VID_20250114_123116,5020
1,VID_20250114_123116,5030
1,VID_20250114_123116,5040
1,VID_20250114_123116,5050
1,VID_20250114_123116,5060
1,VID_20250114_123116,5070
1,VID_20250114_123116,5080
1,VID_20250114_123116,5090
1,VID_20250114_123116,5100
1,VID_20250114_123116,5110
1,VID_20250114_123116,5120
1,VID_20250114_123116,5130
1,VID_20250114_123116,5140
1,VID_20250114_123116,5150
1,VID_20250114_123116,5160
1,VID_20250114_123116,5170
1,VID_20250114_123116,5180
1,VID_20250114_123116,5190
1,VID_20250114_123116,5200
1,VID_20250114_123116,5210
1,VID_20250114_123116,5220
1,VID_20250114_123116,5230
1,VID_20250114_123116,5240
1,VID_20250114_123116,5250
1,VID_20250114_123116,5260
1,VID_20250114_123116,5270
1,VID_20250114_123116,5280
1,VID_20250114_123116,5290
1,VID_20250114_123116,5300
1,VID_20250114_123116,5310
1,VID_20250114_123116,5320
1,VID_20250114_123116,5330
1,VID_20250114_123116,5340
1,VID_20250114_123116,5350
1,VID_20250114_123116,5360
1,VID_20250114_123116,5370
1,VID_20250114_123116,5380
1,VID_20250114_123116,5390
1,VID_20250114_123116,5400
1,VID_20250114_123116,5410
1,VID_20250114_123116,5420
1,VID_20250114_123116,5430
1,VID_20250114_123116,5440
1,VID_20250114_123116,5450
1,VID_20250114_123116,5460
1,VID_20250114_123116,5470
1,VID_20250114_123116,5480
1,VID_20250114_123116,5490
1,VID_20250114_123116,5500
1,VID_20250114_123116,5510
1,VID_20250114_123116,5520
1,VID_20250114_123116,5530
1,VID_20250114_123116,5540
1,VID_20250114_123116,5550
1,VID_20250114_123116,5560
1,VID_20250114_123116,5570
1,VID_20250114_123116,5580
1,VID_20250114_123116,5590
1,VID_20250114_123116,5600
1,VID_20250114_123116,5610
1,VID_20250114_123116,5620
1,VID_20250114_123116,5630
1,VID_20250114_123116,5640
1,VID_20250114_123116,5650
1,VID_20250114_123116,5660
1,VID_20250114_123116,5670
1,VID_20250114_123116,5680
1,VID_20250114_123116,5690
1,VID_20250114_123116,5700
1,VID_20250114_123116,5710
1,VID_20250114_123116,5720
1,VID_20250114_123116,5730
1,VID_20250114_123116,5740
1,VID_20250114_123116,5750
1,VID_20250114_123116,5760
1,VID_20250114_123116,5770
1,VID_20250114_123116,5780
1,VID_20250114_123116,5790
1,VID_20250114_123116,5800
1,VID_20250114_123116,5810
1,VID_20250114_123116,5820
1,VID_20250114_123116,5830
1,VID_20250114_123116,5840
1,VID_20250114_123116,5850
1,VID_20250114_123116,5860
1,VID_20250114_123116,5870
1,VID_20250114_123116,5880
1,VID_20250114_123116,5890
1,VID_20250114_123116,5900
1,VID_20250114_123116,5910
1,VID_20250114_123116,5920
1,VID_20250114_123116,5930
1,VID_20250114_123116,5940
1,VID_20250114_123116,5950
1,VID_20250114_123116,5960
1,VID_20250114_123116,5970
1,VID_20250114_123116,5980
1,VID_20250114_123116,5990
1,VID_20250114_123116,6000
1,VID_20250114_123116,6010
1,VID_20250114_123116,6020
1,VID_20250114_123116,6030
1,VID_20250114_123116,6040
1,VID_20250114_123116,6050
1,VID_20250114_123116,6060
1,VID_20250114_123116,6070
1,VID_20250114_123116,6080
1,VID_20250114_123116,6090
1,VID_20250114_123116,6100
1,VID_20250114_123116,6110
1,VID_20250114_123116,6120
1,VID_20250114_123116,6130
1,VID_20250114_123116,6140
1,VID_20250114_123116,6150
1,VID_20250114_123116,6160
1,VID_20250114_123116,6170
1,VID_20250114_123116,6180
1,VID_20250114_123116,6190
1,VID_20250114_123116,6200
1,VID_20250114_123116,6210
1,VID_20250114_123116,6220
1,VID_20250114_123116,6230
1,VID_20250114_123116,6240
1,VID_20250114_123116,6250
1,VID_20250114_123116,6260
1,VID_20250114_123116,6270
1,VID_20250114_123116,6280
1,VID_20250114_123116,6290
1,VID_20250114_123116,6300
1,VID_20250114_123116,6310
1,VID_20250114_123116,6320
1,VID_20250114_123116,6330
1,VID_20250114_123116,6340
1,VID_20250114_123116,6350
1,VID_20250114_123116,6360
1,VID_20250114_123116,6370
1,VID_20250114_123116,6380
1,VID_20250114_123116,6390
1,VID_20250114_123116,6400
1,VID_20250114_123116,6410
1,VID_20250114_123116,6420
1,VID_20250114_123116,6430
1,VID_20250114_123116,6440
1,VID_20250114_123116,6450
1,VID_20250114_123116,6460
1,VID_20250114_123116,6470
1,VID_20250114_123116,6480
1,VID_20250114_123116,6490
1,VID_20250114_123116,6500
1,VID_20250114_123116,6510
1,VID_20250114_123116,6520
1,VID_20250114_123116,6530
1,VID_20250114_123116,6540
1,VID_20250114_123116,6550
1,VID_20250114_123116,6560
1,VID_20250114_123116,6570
1,VID_20250114_123116,6580
1,VID_20250114_123116,6590
1,VID_20250114_123116,6600
1,VID_20250114_123116,6610
1,VID_20250114_123116,6620
1,VID_20250114_123116,6630
1,VID_20250114_123116,6640
1,VID_20250114_123116,6650
1,VID_20250114_123116,6660
1,VID_20250114_123116,6670
1,VID_20250114_123116,6680
1,VID_20250114_123116,6690
1,VID_20250114_123116,6700
1,VID_20250114_123116,6710
1,VID_20250114_123116,6720
1,VID_20250114_123116,6730
1,VID_20250114_123116,6740
1,VID_20250114_123116,6750
1,VID_20250114_123116,6760
1,VID_20250114_123116,6770
1,VID_20250114_123116,6780
1,VID_20250114_123116,6790
1,VID_20250114_123116,6800
1,VID_20250114_123116,6810
1,VID_20250114_123116,6820
1,VID_20250114_123116,6830
1,VID_20250114_123116,6840
1,VID_20250114_123116,6850
1,VID_20250114_123116,6860
1,VID_20250114_123116,6870
1,VID_20250114_123116,6880
1,VID_20250114_123116,6890
1,VID_20250114_123116,6900
1,VID_20250114_123116,6910
1,VID_20250114_123116,6920
1,VID_20250114_123116,6930
1,VID_20250114_123116,6940
1,VID_20250114_123116,6950
1,VID_20250114_123116,6960
1,VID_20250114_123116,6970
1,VID_20250114_123116,6980
1,VID_20250114_123116,6990
1,VID_20250114_123116,7000
1,VID_20250114_123116,7010
1,VID_20250114_123116,7020
1,VID_20250114_123116,7030
1,VID_20250114_123116,7040
1,VID_20250114_123116,7050
1,VID_20250114_123116,7060
1,VID_20250114_123116,7070
1,VID_20250114_123116,7080
1,VID_20250114_123116,7090
1,VID_20250114_123116,7100
1,VID_20250114_123116,7110
1,VID_20250114_123116,7120
1,VID_20250114_123116,7130
1,VID_20250114_123116,7140
1,VID_20250114_123116,7150
1,VID_20250114_123116,7160
1,VID_20250114_123116,7170
1,VID_20250114_123116,7180
1,VID_20250114_123116,7190
1,VID_20250114_123116,7200
1,VID_20250114_123116,7210
1,VID_20250114_123116,7220
1,VID_20250114_123116,7230
1,VID_20250114_123116,7240
1,VID_20250114_123116,7250
1,VID_20250114_123116,7260
1,VID_20250114_123116,7270
1,VID_20250114_123116,7280
1,VID_20250114_123116,7290
1,VID_20250114_123116,7300
1,VID_20250114_123116,7310
1,VID_20250114_123116,7320
1,VID_20250114_123116,7330
1,VID_20250114_123116,7340
1,VID_20250114_123116,7350
1,VID_20250114_123116,7360
1,VID_20250114_123116,7370
1,VID_20250114_123116,7380
1,VID_20250114_123116,7390
1,VID_20250114_123116,7400
1,VID_20250114_123116,7410
1,VID_20250114_123116,7420
1,VID_20250114_123116,7430
1,VID_20250114_123116,7440
1,VID_20250114_123116,7450
1,VID_20250114_123116,7460
1,VID_20250114_123116,7470
1,VID_20250114_123116,7480
1,VID_20250114_123116,7490
1,VID_20250114_123116,7500
1,VID_20250114_123116,7510
1,VID_20250114_123116,7520
1,VID_20250114_123116,7530
1,VID_20250114_123116,7540
1,VID_20250114_123116,7550
1,VID_20250114_123116,7560
1,VID_20250114_123116,7570
1,VID_20250114_123116,7580
1,VID_20250114_123116,7590
1,VID_20250114_123116,7600
1,VID_20250114_123116,7610
1,VID_20250114_123116,7620
1,VID_20250114_123116,7630
1,VID_20250114_123116,7640
1,VID_20250114_123116,7650
1,VID_20250114_123116,7660
1,VID_20250114_123116,7670
1,VID_20250114_123116,7680
1,VID_20250114_123116,7690
1,VID_20250114_123116,7700
1,VID_20250114_123116,7710
1,VID_20250114_123116,7720
1,VID_20250114_123116,7730
1,VID_20250114_123116,7740
1,VID_20250114_123116,7750
1,VID_20250114_123116,7760
1,VID_20250114_123116,7770
1,VID_20250114_123116,7780
1,VID_20250114_123116,7790
1,VID_20250114_123116,7800
1,VID_20250114_123116,7810
1,VID_20250114_123116,7820
1,VID_20250114_123116,7830
1,VID_20250114_123116,7840
1,VID_20250114_123116,7850
1,VID_20250114_123116,7860
1,VID_20250114_123116,7870
1,VID_20250114_123116,7880
1,VID_20250114_123116,7890
1,VID_20250114_123116,7900
1,VID_20250114_123116,7910
1,VID_20250114_123116,7920
1,VID_20250114_123116,7930
1,VID_20250114_123116,7940
1,VID_20250114_123116,7950
1,VID_20250114_123116,7960
1,VID_20250114_123116,7970
1,VID_20250114_123116,7980
1,VID_20250114_123116,7990
1,VID_20250114_123116,8000
1,VID_20250114_123116,8010
1,VID_20250114_123116,8020
1,VID_20250114_123116,8030
1,VID_20250114_123116,8040
1,VID_20250114_123116,8050
1,VID_20250114_123116,8060
1,VID_20250114_123116,8070
1,VID_20250114_123116,8080
1,VID_20250114_123116,8090
1,VID_20250114_123116,8100
1,VID_20250114_123116,8110
1,VID_20250114_123116,8120
1,VID_20250114_123116,8130
1,VID_20250114_123116,8140
1,VID_20250114_123116,8150
1,VID_20250114_123116,8160
1,VID_20250114_123116,8170
1,VID_20250114_123116,8180
1,VID_20250114_123116,8190
1,VID_20250114_123116,8200
1,VID_20250114_123116,8210
1,VID_20250114_123116,8220
1,VID_20250114_123116,8230
1,VID_20250114_123116,8240
1,VID_20250114_123116,8250
1,VID_20250114_123116,8260
1,VID_20250114_123116,8270
1,VID_20250114_123116,8280
1,VID_20250114_123116,8290
1,VID_20250114_123116,8300
1,VID_20250114_123116,8310
1,VID_20250114_123116,8320
1,VID_20250114_123116,8330
1,VID_20250114_123116,8340
1,VID_20250114_123116,8350
1,VID_20250114_123116,8360
1,VID_20250114_123116,8370
1,VID_20250114_123116,8380
1,VID_20250114_123116,8390
1,VID_20250114_123116,8400
1,VID_20250114_123116,8410
1,VID_20250114_123116,8420
1,VID_20250114_123116,8430
1,VID_20250114_123116,8440
1,VID_20250114_123116,8450
1,VID_20250114_123116,8460
1,VID_20250114_123116,8470
1,VID_20250114_123116,8480
1,VID_20250114_123116,8490
1,VID_20250114_123116,8500
1,VID_20250114_123116,8510
1,VID_20250114_123116,8520
1,VID_20250114_123116,8530
1,VID_20250114_123116,8540
1,VID_20250114_123116,8550
1,VID_20250114_123116,8560
1,VID_20250114_123116,8570
1,VID_20250114_123116,8580
1,VID_20250114_123116,8590
1,VID_20250114_123116,8600
1,VID_20250114_123116,8610
1,VID_20250114_123116,8620
1,VID_20250114_123116,8630
1,VID_20250114_123116,8640
1,VID_20250114_123116,8650
1,VID_20250114_123116,8660
1,VID_20250114_123116,8670
1,VID_20250114_123116,8820
1,VID_20250114_123116,8830
1,VID_20250114_123116,8840
1,VID_20250114_123116,8850
1,VID_20250114_123116,8860
1,VID_20250114_123116,8870
1,VID_20250114_123116,8880
1,VID_20250114_123116,8890
1,VID_20250114_123116,8900
1,VID_20250114_123116,10120
1,VID_20250114_123116,10130
1,VID_20250114_123116,10140
1,VID_20250114_123116,10150
1,VID_20250114_123116,10160
1,VID_20250114_123116,10170
1,VID_20250114_123116,10180
1,VID_20250114_123116,10190
1,VID_20250114_123116,10200
2,VID_20250114_123116,10270
2,VID_20250114_123116,10280
2,VID_20250114_123116,10290
2,VID_20250114_123116,10300
2,VID_20250114_123116,10310
2,VID_20250114_123116,10320
2,VID_20250114_123116,10330
2,VID_20250114_123116,10340
2,VID_20250114_123116,10350
2,VID_20250114_123116,10360
2,VID_20250114_123116,10370
2,VID_20250114_123116,10380
2,VID_20250114_123116,10390
2,VID_20250114_123116,10400
2,VID_20250114_123116,10410
2,VID_20250114_123116,10420
2,VID_20250114_123116,10430
2,VID_20250114_123116,10440
2,VID_20250114_123116,10450
2,VID_20250114_123116,10460
2,VID_20250114_123116,10470
2,VID_20250114_123116,10480
2,VID_20250114_123116,10490
2,VID_20250114_123116,10500
2,VID_20250114_123116,10510
2,VID_20250114_123116,10520
2,VID_20250114_123116,10530
2,VID_20250114_123116,10540
2,VID_20250114_123116,10550
2,VID_20250114_123116,10560
2,VID_20250114_123116,10570
2,VID_20250114_123116,10580
2,VID_20250114_123116,10590
2,VID_20250114_123116,10600
2,VID_20250114_123116,10610
2,VID_20250114_123116,10620
2,VID_20250114_123116,10630
2,VID_20250114_123116,10640
2,VID_20250114_123116,10650
2,VID_20250114_123116,10660
2,VID_20250114_123116,10670
2,VID_20250114_123116,10680
2,VID_20250114_123116,10690
2,VID_20250114_123116,10700
2,VID_20250114_123116,10710
2,VID_20250114_123116,10720
2,VID_20250114_123116,10730
2,VID_20250114_123116,10740
2,VID_20250114_123116,10750
2,VID_20250114_123116,10760
2,VID_20250114_123116,10770
2,VID_20250114_123116,10780
2,VID_20250114_123116,10790
2,VID_20250114_123116,10800
2,VID_20250114_123116,10810
2,VID_20250114_123116,10820
2,VID_20250114_123116,10830
2,VID_20250114_123116,10840
2,VID_20250114_123116,10850
2,VID_20250114_123116,10860
2,VID_20250114_123116,10870
2,VID_20250114_123116,10880
2,VID_20250114_123116,10890
2,VID_20250114_123116,10900
2,VID_20250114_123116,10910
2,VID_20250114_123116,10920
2,VID_20250114_123116,10930
2,VID_20250114_123116,10940
2,VID_20250114_123116,10950
2,VID_20250114_123116,10960
2,VID_20250114_123116,10970
2,VID_20250114_123116,10980
2,VID_20250114_123116,10990
2,VID_20250114_123116,11000
2,VID_20250114_123116,11010
2,VID_20250114_123116,11020
2,VID_20250114_123116,11030
2,VID_20250114_123116,11040
2,VID_20250114_123116,11050
2,VID_20250114_123116,11060
2,VID_20250114_123116,11070
2,VID_20250114_123116,11080
2,VID_20250114_123116,11090
2,VID_20250114_123116,11100
2,VID_20250114_123116,11110
2,VID_20250114_123116,11120
2,VID_20250114_123116,11130
2,VID_20250114_123116,11140
2,VID_20250114_123116,11150
2,VID_20250114_123116,11160
2,VID_20250114_123116,11170
2,VID_20250114_123116,11180
2,VID_20250114_123116,11190
2,VID_20250114_123116,11200
2,VID_20250114_123116,11210
2,VID_20250114_123116,11220
2,VID_20250114_123116,11230
2,VID_20250114_123116,11240
2,VID_20250114_123116,11250
2,VID_20250114_123116,11260
2,VID_20250114_123116,11270
2,VID_20250114_123116,11280
2,VID_20250114_123116,11290
2,VID_20250114_123116,11300
2,VID_20250114_123116,11310
2,VID_20250114_123116,11320
2,VID_20250114_123116,11330
2,VID_20250114_123116,11340
2,VID_20250114_123116,11350
2,VID_20250114_123116,11360
2,VID_20250114_123116,11370
2,VID_20250114_123116,11380
2,VID_20250114_123116,11390
2,VID_20250114_123116,11400
2,VID_20250114_123116,11410
2,VID_20250114_123116,11420
2,VID_20250114_123116,11430
2,VID_20250114_123116,11440
2,VID_20250114_123116,11450
2,VID_20250114_123116,11460
2,VID_20250114_123116,11470
2,VID_20250114_123116,11480
2,VID_20250114_123116,11490
2,VID_20250114_123116,11500
2,VID_20250114_123116,11510
2,VID_20250114_123116,11520
2,VID_20250114_123116,11530
2,VID_20250114_123116,11540
2,VID_20250114_123116,11550
2,VID_20250114_123116,11560
2,VID_20250114_123116,11570
2,VID_20250114_123116,11580
2,VID_20250114_123116,11590
2,VID_20250114_123116,11600
2,VID_20250114_123116,11610
2,VID_20250114_123116,11620
2,VID_20250114_123116,11630
2,VID_20250114_123116,11640
2,VID_20250114_123116,11650
2,VID_20250114_123116,11660
2,VID_20250114_123116,11670
2,VID_20250114_123116,11680
2,VID_20250114_123116,11690
2,VID_20250114_123116,11700
2,VID_20250114_123116,11710
2,VID_20250114_123116,11720
2,VID_20250114_123116,11730
2,VID_20250114_123116,11740
2,VID_20250114_123116,11750
2,VID_20250114_123116,11760
2,VID_20250114_123116,11770
2,VID_20250114_123116,11780
2,VID_20250114_123116,11790
2,VID_20250114_123116,11800
2,VID_20250114_123116,11810
2,VID_20250114_123116,11820
2,VID_20250114_123116,11830
2,VID_20250114_123116,11840
2,VID_20250114_123116,11850
2,VID_20250114_123116,11860
2,VID_20250114_123116,11870
2,VID_20250114_123116,11880
2,VID_20250114_123116,11890
2,VID_20250114_123116,11900
2,VID_20250114_123116,11910
2,VID_20250114_123116,11920
2,VID_20250114_123116,11930
2,VID_20250114_123116,11940
2,VID_20250114_123116,11950
2,VID_20250114_123116,11960
2,VID_20250114_123116,11970
2,VID_20250114_123116,11980
2,VID_20250114_123116,11990
2,VID_20250114_123116,12000
2,VID_20250114_123116,12010
2,VID_20250114_123116,12020
2,VID_20250114_123116,12030
2,VID_20250114_123116,12040
2,VID_20250114_123116,12050
2,VID_20250114_123116,12060
2,VID_20250114_123116,12070
2,VID_20250114_123116,12080
2,VID_20250114_123116,12090
2,VID_20250114_123116,12100
2,VID_20250114_123116,12110
2,VID_20250114_123116,12120
2,VID_20250114_123116,12130
2,VID_20250114_123116,12140
2,VID_20250114_123116,12150
2,VID_20250114_123116,12160
2,VID_20250114_123116,12170
2,VID_20250114_123116,12180
2,VID_20250114_123116,12190
2,VID_20250114_123116,12200
2,VID_20250114_123116,12210
2,VID_20250114_123116,12220
2,VID_20250114_123116,12230
2,VID_20250114_123116,12240
2,VID_20250114_123116,12250
2,VID_20250114_123116,12260
2,VID_20250114_123116,12270
2,VID_20250114_123116,12280
2,VID_20250114_123116,12290
2,VID_20250114_123116,12300
2,VID_20250114_123116,12310
2,VID_20250114_123116,12320
2,VID_20250114_123116,12330
2,VID_20250114_123116,12340
2,VID_20250114_123116,12350
2,VID_20250114_123116,12360
2,VID_20250114_123116,12370
2,VID_20250114_123116,12380
2,VID_20250114_123116,12390
2,VID_20250114_123116,12400
2,VID_20250114_123116,12410
2,VID_20250114_123116,12420
2,VID_20250114_123116,12430
2,VID_20250114_123116,12440
0,VID_20250114_124017,0
0,VID_20250114_124017,10
0,VID_20250114_124017,20
0,VID_20250114_124017,30
0,VID_20250114_124017,40
0,VID_20250114_124017,50
0,VID_20250114_124017,60
0,VID_20250114_124017,70
0,VID_20250114_124017,80
0,VID_20250114_124017,90
0,VID_20250114_124017,100
0,VID_20250114_124017,110
0,VID_20250114_124017,120
0,VID_20250114_124017,130
0,VID_20250114_124017,140
0,VID_20250114_124017,150
0,VID_20250114_124017,160
0,VID_20250114_124017,170
0,VID_20250114_124017,180
0,VID_20250114_124017,190
0,VID_20250114_124017,200
0,VID_20250114_124017,210
0,VID_20250114_124017,220
0,VID_20250114_124017,230
0,VID_20250114_124017,240
0,VID_20250114_124017,250
0,VID_20250114_124017,260
0,VID_20250114_124017,270
0,VID_20250114_124017,280
0,VID_20250114_124017,290
0,VID_20250114_124017,300
0,VID_20250114_124017,310
0,VID_20250114_124017,320
0,VID_20250114_124017,330
0,VID_20250114_124017,340
0,VID_20250114_124017,350
0,VID_20250114_124017,360
0,VID_20250114_124017,370
0,VID_20250114_124017,380
0,VID_20250114_124017,390
0,VID_20250114_124017,400
0,VID_20250114_124017,410
0,VID_20250114_124017,420
0,VID_20250114_124017,430
0,VID_20250114_124017,440
0,VID_20250114_124017,450
0,VID_20250114_124017,460
0,VID_20250114_124017,470
0,VID_20250114_124017,480
0,VID_20250114_124017,490
0,VID_20250114_124017,500
0,VID_20250114_124017,510
0,VID_20250114_124017,520
0,VID_20250114_124017,530
0,VID_20250114_124017,540
0,VID_20250114_124017,550
0,VID_20250114_124017,560
0,VID_20250114_124017,570
0,VID_20250114_124017,580
0,VID_20250114_124017,590
0,VID_20250114_124017,600
0,VID_20250114_124017,610
0,VID_20250114_124017,620
0,VID_20250114_124017,630
0,VID_20250114_124017,640
0,VID_20250114_124017,650
0,VID_20250114_124017,660
0,VID_20250114_124017,670
0,VID_20250114_124017,680
0,VID_20250114_124017,690
0,VID_20250114_124017,700
0,VID_20250114_124017,710
0,VID_20250114_124017,720
0,VID_20250114_124017,730
0,VID_20250114_124017,740
0,VID_20250114_124017,750
0,VID_20250114_124017,760
0,VID_20250114_124017,770
0,VID_20250114_124017,780
0,VID_20250114_124017,790
0,VID_20250114_124017,800
0,VID_20250114_124017,810
0,VID_20250114_124017,820
0,VID_20250114_124017,830
0,VID_20250114_124017,840
0,VID_20250114_124017,850
0,VID_20250114_124017,860
0,VID_20250114_124017,870
0,VID_20250114_124017,880
0,VID_20250114_124017,890
0,VID_20250114_124017,900
0,VID_20250114_124017,910
0,VID_20250114_124017,920
0,VID_20250114_124017,930
0,VID_20250114_124017,940
0,VID_20250114_124017,950
0,VID_20250114_124017,960
0,VID_20250114_124017,970
0,VID_20250114_124017,980
0,VID_20250114_124017,990
0,VID_20250114_124017,1000
0,VID_20250114_124017,1010
0,VID_20250114_124017,1020
0,VID_20250114_124017,1030
0,VID_20250114_124017,1040
0,VID_20250114_124017,1050
0,VID_20250114_124017,1060
0,VID_20250114_124017,1070
0,VID_20250114_124017,1080
0,VID_20250114_124017,1090
0,VID_20250114_124017,1100
0,VID_20250114_124017,1110
0,VID_20250114_124017,1120
0,VID_20250114_124017,1130
0,VID_20250114_124017,1140
0,VID_20250114_124017,1150
0,VID_20250114_124017,1160
0,VID_20250114_124017,1170
0,VID_20250114_124017,1180
0,VID_20250114_124017,1190
0,VID_20250114_124017,1200
0,VID_20250114_124017,1210
0,VID_20250114_124017,1220
0,VID_20250114_124017,1230
0,VID_20250114_124017,1240
0,VID_20250114_124017,1250
0,VID_20250114_124017,1260
0,VID_20250114_124017,1270
0,VID_20250114_124017,1280
0,VID_20250114_124017,1290
0,VID_20250114_124017,1300
0,VID_20250114_124017,1310
0,VID_20250114_124017,1320
0,VID_20250114_124017,1330
0,VID_20250114_124017,1340
0,VID_20250114_124017,1350
0,VID_20250114_124017,1360
0,VID_20250114_124017,1370
0,VID_20250114_124017,1380
0,VID_20250114_124017,1390
0,VID_20250114_124017,1400
0,VID_20250114_124017,1410
0,VID_20250114_124017,1420
0,VID_20250114_124017,1430
0,VID_20250114_124017,1440
0,VID_20250114_124017,1450
0,VID_20250114_124017,1460
0,VID_20250114_124017,1470
0,VID_20250114_124017,1480
0,VID_20250114_124017,1490
0,VID_20250114_124017,1500
0,VID_20250114_124017,1510
0,VID_20250114_124017,1520
0,VID_20250114_124017,1530
0,VID_20250114_124017,1540
0,VID_20250114_124017,1550
0,VID_20250114_124017,1560
0,VID_20250114_124017,1570
0,VID_20250114_124017,1580
0,VID_20250114_124017,1590
0,VID_20250114_124017,1600
0,VID_20250114_124017,1610
0,VID_20250114_124017,1620
0,VID_20250114_124017,1630
0,VID_20250114_124017,1640
0,VID_20250114_124017,1650
0,VID_20250114_124017,1660
0,VID_20250114_124017,1670
0,VID_20250114_124017,1680
0,VID_20250114_124017,1690
0,VID_20250114_124017,1700
0,VID_20250114_124017,1710
0,VID_20250114_124017,1720
0,VID_20250114_124017,1730
0,VID_20250114_124017,1740
0,VID_20250114_124017,1750
0,VID_20250114_124017,1760
0,VID_20250114_124017,1770
0,VID_20250114_124017,1780
0,VID_20250114_124017,1790
0,VID_20250114_124017,1800
0,VID_20250114_124017,1810
0,VID_20250114_124017,1820
0,VID_20250114_124017,1830
0,VID_20250114_124017,1840
0,VID_20250114_124017,1850
0,VID_20250114_124017,1860
0,VID_20250114_124017,1870
0,VID_20250114_124017,1880
0,VID_20250114_124017,1890
0,VID_20250114_124017,1900
0,VID_20250114_124017,1910
0,VID_20250114_124017,1920
0,VID_20250114_124017,1930
0,VID_20250114_124017,1940
0,VID_20250114_124017,1950
0,VID_20250114_124017,1960
0,VID_20250114_124017,1970
0,VID_20250114_124017,1980
0,VID_20250114_124017,1990
0,VID_20250114_124017,2000
0,VID_20250114_124017,2010
0,VID_20250114_124017,2020
0,VID_20250114_124017,2030
0,VID_20250114_124017,2040
0,VID_20250114_124017,2050
0,VID_20250114_124017,2060
0,VID_20250114_124017,2070
0,VID_20250114_124017,2080
0,VID_20250114_124017,2090
0,VID_20250114_124017,2100
0,VID_20250114_124017,2110
0,VID_20250114_124017,2120
0,VID_20250114_124017,2130
0,VID_20250114_124017,2140
0,VID_20250114_124017,2150
0,VID_20250114_124017,2160
0,VID_20250114_124017,2170
0,VID_20250114_124017,2180
0,VID_20250114_124017,2190
0,VID_20250114_124017,2200
0,VID_20250114_124017,2210
0,VID_20250114_124017,2220
0,VID_20250114_124017,2230
0,VID_20250114_124017,2240
0,VID_20250114_124017,2250
0,VID_20250114_124017,2260
0,VID_20250114_124017,2270
0,VID_20250114_124017,2280
0,VID_20250114_124017,2290
0,VID_20250114_124017,2300
0,VID_20250114_124017,2310
0,VID_20250114_124017,2320
0,VID_20250114_124017,2330
0,VID_20250114_124017,2340
0,VID_20250114_124017,2350
0,VID_20250114_124017,2360
0,VID_20250114_124017,2370
0,VID_20250114_124017,2380
0,VID_20250114_124017,2390
0,VID_20250114_124017,2400
0,VID_20250114_124017,2410
0,VID_20250114_124017,2420
0,VID_20250114_124017,2430
0,VID_20250114_124017,2440
0,VID_20250114_124017,2450
0,VID_20250114_124017,2460
0,VID_20250114_124017,2470
0,VID_20250114_124017,2480
0,VID_20250114_124017,2490
0,VID_20250114_124017,2500
0,VID_20250114_124017,2510
0,VID_20250114_124017,2520
0,VID_20250114_124017,2530
0,VID_20250114_124017,2540
0,VID_20250114_124017,2550
0,VID_20250114_124017,2560
0,VID_20250114_124017,2570
0,VID_20250114_124017,2580
0,VID_20250114_124017,2590
0,VID_20250114_124017,2600
0,VID_20250114_124017,2610
0,VID_20250114_124017,2620
0,VID_20250114_124017,2630
0,VID_20250114_124017,2640
0,VID_20250114_124017,2650
0,VID_20250114_124017,2660
0,VID_20250114_124017,2670
0,VID_20250114_124017,2680
0,VID_20250114_124017,2690
0,VID_20250114_124017,2700
0,VID_20250114_124017,2710
0,VID_20250114_124017,2720
0,VID_20250114_124017,2730
0,VID_20250114_124017,2740
0,VID_20250114_124017,2750
0,VID_20250114_124017,2760
0,VID_20250114_124017,2770
0,VID_20250114_124017,2780
0,VID_20250114_124017,2790
0,VID_20250114_124017,2800
0,VID_20250114_124017,2810
0,VID_20250114_124017,2820
0,VID_20250114_124017,2830
0,VID_20250114_124017,2840
0,VID_20250114_124017,2850
0,VID_20250114_124017,2860
0,VID_20250114_124017,2870
0,VID_20250114_124017,2880
0,VID_20250114_124017,2890
0,VID_20250114_124017,2900
0,VID_20250114_124017,2910
0,VID_20250114_124017,2920
0,VID_20250114_124017,2930
0,VID_20250114_124017,2940
0,VID_20250114_124017,2950
0,VID_20250114_124017,2960
0,VID_20250114_124017,2970
1,VID_20250114_124017,3000
1,VID_20250114_124017,3010
1,VID_20250114_124017,3020
1,VID_20250114_124017,3030
1,VID_20250114_124017,3040
1,VID_20250114_124017,3050
1,VID_20250114_124017,3060
1,VID_20250114_124017,3070
1,VID_20250114_124017,3080
1,VID_20250114_124017,3090
1,VID_20250114_124017,3100
1,VID_20250114_124017,3110
1,VID_20250114_124017,3120
1,VID_20250114_124017,3130
1,VID_20250114_124017,3140
1,VID_20250114_124017,3150
1,VID_20250114_124017,3160
1,VID_20250114_124017,3170
1,VID_20250114_124017,3180
1,VID_20250114_124017,3190
1,VID_20250114_124017,3200
1,VID_20250114_124017,3210
1,VID_20250114_124017,3220
1,VID_20250114_124017,3230
1,VID_20250114_124017,3240
1,VID_20250114_124017,3250
1,VID_20250114_124017,3260
1,VID_20250114_124017,3270
1,VID_20250114_124017,3280
1,VID_20250114_124017,3290
1,VID_20250114_124017,3300
1,VID_20250114_124017,3310
1,VID_20250114_124017,3320
1,VID_20250114_124017,3330
1,VID_20250114_124017,3340
1,VID_20250114_124017,3350
1,VID_20250114_124017,3360
1,VID_20250114_124017,3370
1,VID_20250114_124017,3380
1,VID_20250114_124017,3390
1,VID_20250114_124017,3400
1,VID_20250114_124017,3410
1,VID_20250114_124017,3420
1,VID_20250114_124017,3430
1,VID_20250114_124017,3440
1,VID_20250114_124017,3450
1,VID_20250114_124017,3460
1,VID_20250114_124017,3470
1,VID_20250114_124017,3480
1,VID_20250114_124017,3490
1,VID_20250114_124017,3500
1,VID_20250114_124017,3510
1,VID_20250114_124017,3520
1,VID_20250114_124017,3530
1,VID_20250114_124017,3540
1,VID_20250114_124017,3550
1,VID_20250114_124017,3560
1,VID_20250114_124017,3570
1,VID_20250114_124017,3580
1,VID_20250114_124017,3590
1,VID_20250114_124017,3600
1,VID_20250114_124017,3610
1,VID_20250114_124017,3620
1,VID_20250114_124017,3630
1,VID_20250114_124017,3640
1,VID_20250114_124017,3650
1,VID_20250114_124017,3660
1,VID_20250114_124017,3670
1,VID_20250114_124017,3680
1,VID_20250114_124017,3690
1,VID_20250114_124017,3700
1,VID_20250114_124017,3710
1,VID_20250114_124017,3720
1,VID_20250114_124017,3730
1,VID_20250114_124017,3740
1,VID_20250114_124017,3750
1,VID_20250114_124017,3760
1,VID_20250114_124017,3770
1,VID_20250114_124017,4090
1,VID_20250114_124017,4100
1,VID_20250114_124017,4110
1,VID_20250114_124017,4120
1,VID_20250114_124017,4130
1,VID_20250114_124017,4140
1,VID_20250114_124017,4150
1,VID_20250114_124017,4160
1,VID_20250114_124017,4170
1,VID_20250114_124017,4180
1,VID_20250114_124017,4190
1,VID_20250114_124017,4200
1,VID_20250114_124017,4210
1,VID_20250114_124017,4220
1,VID_20250114_124017,4230
2,VID_20250114_124017,5000
2,VID_20250114_124017,5010
2,VID_20250114_124017,5020
2,VID_20250114_124017,5030
2,VID_20250114_124017,5040
2,VID_20250114_124017,5050
2,VID_20250114_124017,5060
2,VID_20250114_124017,5070
2,VID_20250114_124017,5080
2,VID_20250114_124017,5090
2,VID_20250114_124017,5100
2,VID_20250114_124017,5110
2,VID_20250114_124017,5120
2,VID_20250114_124017,5130
2,VID_20250114_124017,5140
2,VID_20250114_124017,5150
2,VID_20250114_124017,5160
2,VID_20250114_124017,5170
2,VID_20250114_124017,5180
2,VID_20250114_124017,5190
2,VID_20250114_124017,5200
2,VID_20250114_124017,5210
2,VID_20250114_124017,5220
2,VID_20250114_124017,5230
2,VID_20250114_124017,5240
2,VID_20250114_124017,5250
2,VID_20250114_124017,5260
2,VID_20250114_124017,5270
2,VID_20250114_124017,5280
2,VID_20250114_124017,5290
2,VID_20250114_124017,5300
2,VID_20250114_124017,5310
2,VID_20250114_124017,5320
2,VID_20250114_124017,5330
2,VID_20250114_124017,5340
2,VID_20250114_124017,5350
2,VID_20250114_124017,5360
2,VID_20250114_124017,5370
2,VID_20250114_124017,5380
2,VID_20250114_124017,5390
2,VID_20250114_124017,5400
2,VID_20250114_124017,5410
2,VID_20250114_124017,5420
2,VID_20250114_124017,5430
2,VID_20250114_124017,5440
2,VID_20250114_124017,5450
2,VID_20250114_124017,5460
2,VID_20250114_124017,5470
2,VID_20250114_124017,5480
2,VID_20250114_124017,5490
2,VID_20250114_124017,5500
2,VID_20250114_124017,5510
2,VID_20250114_124017,5520
3,VID_20250114_124017,4250
3,VID_20250114_124017,4260
3,VID_20250114_124017,4270
3,VID_20250114_124017,4280
3,VID_20250114_124017,4290
0,VID_20250114_124329,0
0,VID_20250114_124329,10
0,VID_20250114_124329,20
0,VID_20250114_124329,30
0,VID_20250114_124329,40
0,VID_20250114_124329,50
0,VID_20250114_124329,60
0,VID_20250114_124329,70
0,VID_20250114_124329,80
0,VID_20250114_124329,90
0,VID_20250114_124329,100
0,VID_20250114_124329,110
0,VID_20250114_124329,120
0,VID_20250114_124329,130
0,VID_20250114_124329,140
0,VID_20250114_124329,150
0,VID_20250114_124329,160
0,VID_20250114_124329,170
0,VID_20250114_124329,180
0,VID_20250114_124329,190
0,VID_20250114_124329,200
0,VID_20250114_124329,210
0,VID_20250114_124329,220
0,VID_20250114_124329,230
0,VID_20250114_124329,240
0,VID_20250114_124329,250
0,VID_20250114_124329,260
0,VID_20250114_124329,270
0,VID_20250114_124329,280
0,VID_20250114_124329,290
0,VID_20250114_124329,300
0,VID_20250114_124329,310
0,VID_20250114_124329,320
0,VID_20250114_124329,330
0,VID_20250114_124329,340
0,VID_20250114_124329,350
0,VID_20250114_124329,360
0,VID_20250114_124329,370
0,VID_20250114_124329,380
0,VID_20250114_124329,390
0,VID_20250114_124329,400
0,VID_20250114_124329,410
0,VID_20250114_124329,420
0,VID_20250114_124329,430
0,VID_20250114_124329,440
0,VID_20250114_124329,450
0,VID_20250114_124329,460
0,VID_20250114_124329,470
0,VID_20250114_124329,480
0,VID_20250114_124329,490
0,VID_20250114_124329,500
0,VID_20250114_124329,510
0,VID_20250114_124329,520
0,VID_20250114_124329,530
0,VID_20250114_124329,540
0,VID_20250114_124329,550
0,VID_20250114_124329,560
0,VID_20250114_124329,570
0,VID_20250114_124329,580
0,VID_20250114_124329,590
0,VID_20250114_124329,600
0,VID_20250114_124329,610
0,VID_20250114_124329,620
0,VID_20250114_124329,630
0,VID_20250114_124329,640
0,VID_20250114_124329,650
0,VID_20250114_124329,660
0,VID_20250114_124329,670
0,VID_20250114_124329,680
0,VID_20250114_124329,690
0,VID_20250114_124329,700
0,VID_20250114_124329,710
0,VID_20250114_124329,720
0,VID_20250114_124329,730
0,VID_20250114_124329,740
0,VID_20250114_124329,750
0,VID_20250114_124329,760
0,VID_20250114_124329,770
0,VID_20250114_124329,780
0,VID_20250114_124329,790
0,VID_20250114_124329,800
0,VID_20250114_124329,810
0,VID_20250114_124329,820
0,VID_20250114_124329,830
0,VID_20250114_124329,840
0,VID_20250114_124329,850
0,VID_20250114_124329,860
0,VID_20250114_124329,870
0,VID_20250114_124329,880
0,VID_20250114_124329,890
0,VID_20250114_124329,900
0,VID_20250114_124329,910
0,VID_20250114_124329,920
0,VID_20250114_124329,930
0,VID_20250114_124329,940
0,VID_20250114_124329,950
0,VID_20250114_124329,960
0,VID_20250114_124329,970
0,VID_20250114_124329,980
0,VID_20250114_124329,990
0,VID_20250114_124329,1000
0,VID_20250114_124329,1010
0,VID_20250114_124329,1020
0,VID_20250114_124329,1030
0,VID_20250114_124329,1040
0,VID_20250114_124329,1050
0,VID_20250114_124329,1060
0,VID_20250114_124329,1070
0,VID_20250114_124329,1080
0,VID_20250114_124329,1090
0,VID_20250114_124329,1100
0,VID_20250114_124329,1110
0,VID_20250114_124329,1120
0,VID_20250114_124329,1130
0,VID_20250114_124329,1140
0,VID_20250114_124329,1150
0,VID_20250114_124329,1160
0,VID_20250114_124329,1170
0,VID_20250114_124329,1180
0,VID_20250114_124329,1190
0,VID_20250114_124329,1200
0,VID_20250114_124329,1210
0,VID_20250114_124329,1220
0,VID_20250114_124329,1230
0,VID_20250114_124329,1240
0,VID_20250114_124329,1250
0,VID_20250114_124329,1260
0,VID_20250114_124329,1270
0,VID_20250114_124329,1280
0,VID_20250114_124329,1290
0,VID_20250114_124329,1300
0,VID_20250114_124329,1310
0,VID_20250114_124329,1320
0,VID_20250114_124329,1330
0,VID_20250114_124329,1340
0,VID_20250114_124329,1350
0,VID_20250114_124329,1360
0,VID_20250114_124329,1370
0,VID_20250114_124329,1380
0,VID_20250114_124329,1390
0,VID_20250114_124329,1400
0,VID_20250114_124329,1410
0,VID_20250114_124329,1420
0,VID_20250114_124329,1430
0,VID_20250114_124329,1440
0,VID_20250114_124329,1450
0,VID_20250114_124329,1460
0,VID_20250114_124329,1470
0,VID_20250114_124329,1480
0,VID_20250114_124329,1490
0,VID_20250114_124329,1500
0,VID_20250114_124329,1510
0,VID_20250114_124329,1520
0,VID_20250114_124329,1530
0,VID_20250114_124329,1540
0,VID_20250114_124329,1550
0,VID_20250114_124329,1560
0,VID_20250114_124329,1570
0,VID_20250114_124329,1580
0,VID_20250114_124329,1590
0,VID_20250114_124329,1600
0,VID_20250114_124329,1610
0,VID_20250114_124329,1620
0,VID_20250114_124329,1630
0,VID_20250114_124329,1640
0,VID_20250114_124329,1650
0,VID_20250114_124329,1660
0,VID_20250114_124329,1670
0,VID_20250114_124329,1680
0,VID_20250114_124329,1690
0,VID_20250114_124329,1700
0,VID_20250114_124329,1710
0,VID_20250114_124329,1720
0,VID_20250114_124329,1730
0,VID_20250114_124329,1740
0,VID_20250114_124329,1750
0,VID_20250114_124329,1760
0,VID_20250114_124329,1770
0,VID_20250114_124329,1780
0,VID_20250114_124329,1790
0,VID_20250114_124329,1800
0,VID_20250114_124329,1810
0,VID_20250114_124329,1820
0,VID_20250114_124329,1830
0,VID_20250114_124329,1840
0,VID_20250114_124329,1850
0,VID_20250114_124329,1860
0,VID_20250114_124329,1870
0,VID_20250114_124329,1880
0,VID_20250114_124329,1890
0,VID_20250114_124329,1900
0,VID_20250114_124329,1910
0,VID_20250114_124329,1920
0,VID_20250114_124329,1930
0,VID_20250114_124329,1940
0,VID_20250114_124329,1950
0,VID_20250114_124329,1960
0,VID_20250114_124329,1970
0,VID_20250114_124329,1980
0,VID_20250114_124329,1990
0,VID_20250114_124329,2000
0,VID_20250114_124329,2010
0,VID_20250114_124329,2020
0,VID_20250114_124329,2030
0,VID_20250114_124329,2040
0,VID_20250114_124329,2050
0,VID_20250114_124329,2060
0,VID_20250114_124329,2070
0,VID_20250114_124329,2080
0,VID_20250114_124329,2090
0,VID_20250114_124329,2100
0,VID_20250114_124329,2110
0,VID_20250114_124329,2120
0,VID_20250114_124329,2130
0,VID_20250114_124329,2140
0,VID_20250114_124329,2150
0,VID_20250114_124329,2160
0,VID_20250114_124329,2170
0,VID_20250114_124329,2180
0,VID_20250114_124329,2190
0,VID_20250114_124329,2200
0,VID_20250114_124329,2210
0,VID_20250114_124329,2220
0,VID_20250114_124329,2230
0,VID_20250114_124329,2240
0,VID_20250114_124329,2250
0,VID_20250114_124329,2260
0,VID_20250114_124329,2270
0,VID_20250114_124329,2280
0,VID_20250114_124329,2290
0,VID_20250114_124329,2300
0,VID_20250114_124329,2310
0,VID_20250114_124329,2320
0,VID_20250114_124329,2330
0,VID_20250114_124329,2340
0,VID_20250114_124329,2350
0,VID_20250114_124329,2360
0,VID_20250114_124329,2370
0,VID_20250114_124329,2380
0,VID_20250114_124329,2390
0,VID_20250114_124329,2400
0,VID_20250114_124329,2410
0,VID_20250114_124329,2420
0,VID_20250114_124329,2430
0,VID_20250114_124329,2440
0,VID_20250114_124329,2450
0,VID_20250114_124329,2460
0,VID_20250114_124329,2470
0,VID_20250114_124329,2480
0,VID_20250114_124329,2490
0,VID_20250114_124329,2500
0,VID_20250114_124329,2510
0,VID_20250114_124329,2520
0,VID_20250114_124329,2530
0,VID_20250114_124329,2540
0,VID_20250114_124329,2550
0,VID_20250114_124329,2560
0,VID_20250114_124329,2570
0,VID_20250114_124329,2580
0,VID_20250114_124329,2590
0,VID_20250114_124329,2600
0,VID_20250114_124329,2610
0,VID_20250114_124329,2620
0,VID_20250114_124329,2630
0,VID_20250114_124329,2640
0,VID_20250114_124329,2650
0,VID_20250114_124329,2660
0,VID_20250114_124329,2670
0,VID_20250114_124329,2680
0,VID_20250114_124329,2690
0,VID_20250114_124329,2700
0,VID_20250114_124329,2710
0,VID_20250114_124329,2720
0,VID_20250114_124329,2730
0,VID_20250114_124329,2740
0,VID_20250114_124329,2750
0,VID_20250114_124329,2760
0,VID_20250114_124329,2770
0,VID_20250114_124329,2780
0,VID_20250114_124329,2790
0,VID_20250114_124329,2800
0,VID_20250114_124329,2810
0,VID_20250114_124329,2820
0,VID_20250114_124329,2830
0,VID_20250114_124329,2840
0,VID_20250114_124329,2850
0,VID_20250114_124329,2860
0,VID_20250114_124329,2870
0,VID_20250114_124329,2880
0,VID_20250114_124329,2890
0,VID_20250114_124329,2900
0,VID_20250114_124329,2910
0,VID_20250114_124329,2920
0,VID_20250114_124329,2930
0,VID_20250114_124329,2940
0,VID_20250114_124329,2950
0,VID_20250114_124329,2960
0,VID_20250114_124329,2970
0,VID_20250114_124329,2980
0,VID_20250114_124329,2990
0,VID_20250114_124329,3000
0,VID_20250114_124329,3010
0,VID_20250114_124329,3020
0,VID_20250114_124329,3030
0,VID_20250114_124329,3040
0,VID_20250114_124329,3050
0,VID_20250114_124329,3060
0,VID_20250114_124329,3070
0,VID_20250114_124329,3080
0,VID_20250114_124329,3090
0,VID_20250114_124329,3100
0,VID_20250114_124329,3110
0,VID_20250114_124329,3120
0,VID_20250114_124329,3130
0,VID_20250114_124329,3140
0,VID_20250114_124329,3150
0,VID_20250114_124329,3160
0,VID_20250114_124329,3170
0,VID_20250114_124329,3180
0,VID_20250114_124329,3190
0,VID_20250114_124329,3200
0,VID_20250114_124329,3210
0,VID_20250114_124329,3220
0,VID_20250114_124329,3230
0,VID_20250114_124329,3240
0,VID_20250114_124329,3250
0,VID_20250114_124329,3260
0,VID_20250114_124329,3270
0,VID_20250114_124329,3280
0,VID_20250114_124329,3290
0,VID_20250114_124329,3300
0,VID_20250114_124329,3310
0,VID_20250114_124329,3320
0,VID_20250114_124329,3330
0,VID_20250114_124329,3340
0,VID_20250114_124329,3350
0,VID_20250114_124329,3360
0,VID_20250114_124329,3370
0,VID_20250114_124329,3380
0,VID_20250114_124329,3390
0,VID_20250114_124329,3400
0,VID_20250114_124329,3410
0,VID_20250114_124329,3420
0,VID_20250114_124329,3430
0,VID_20250114_124329,3440
0,VID_20250114_124329,3450
0,VID_20250114_124329,3460
0,VID_20250114_124329,3470
0,VID_20250114_124329,3480
0,VID_20250114_124329,3490
0,VID_20250114_124329,3500
0,VID_20250114_124329,3510
0,VID_20250114_124329,3520
0,VID_20250114_124329,3530
0,VID_20250114_124329,3540
0,VID_20250114_124329,3550
0,VID_20250114_124329,3560
0,VID_20250114_124329,3570
0,VID_20250114_124329,3580
0,VID_20250114_124329,3590
0,VID_20250114_124329,3600
0,VID_20250114_124329,3610
0,VID_20250114_124329,3620
0,VID_20250114_124329,3630
0,VID_20250114_124329,3640
0,VID_20250114_124329,3650
0,VID_20250114_124329,3660
0,VID_20250114_124329,3670
0,VID_20250114_124329,3680
0,VID_20250114_124329,3690
0,VID_20250114_124329,3700
0,VID_20250114_124329,3710
0,VID_20250114_124329,3720
0,VID_20250114_124329,3730
0,VID_20250114_124329,3740
0,VID_20250114_124329,3750
0,VID_20250114_124329,3760
0,VID_20250114_124329,3770
0,VID_20250114_124329,3780
0,VID_20250114_124329,3790
0,VID_20250114_124329,3800
0,VID_20250114_124329,3810
0,VID_20250114_124329,3820
0,VID_20250114_124329,3830
0,VID_20250114_124329,3840
0,VID_20250114_124329,3850
0,VID_20250114_124329,3860
0,VID_20250114_124329,3870
0,VID_20250114_124329,3880
0,VID_20250114_124329,3890
0,VID_20250114_124329,3900
0,VID_20250114_124329,3910
0,VID_20250114_124329,3920
0,VID_20250114_124329,3930
0,VID_20250114_124329,3940
0,VID_20250114_124329,3950
0,VID_20250114_124329,3960
0,VID_20250114_124329,3970
0,VID_20250114_124329,3980
0,VID_20250114_124329,3990
0,VID_20250114_124329,4000
0,VID_20250114_124329,4010
0,VID_20250114_124329,4020
0,VID_20250114_124329,4030
0,VID_20250114_124329,4040
0,VID_20250114_124329,4050
0,VID_20250114_124329,4060
0,VID_20250114_124329,4070
0,VID_20250114_124329,4080
0,VID_20250114_124329,4090
0,VID_20250114_124329,4100
0,VID_20250114_124329,4110
0,VID_20250114_124329,4120
0,VID_20250114_124329,4130
0,VID_20250114_124329,4140
0,VID_20250114_124329,4150
0,VID_20250114_124329,4160
0,VID_20250114_124329,4170
0,VID_20250114_124329,4180
0,VID_20250114_124329,4190
0,VID_20250114_124329,4200
0,VID_20250114_124329,4210
0,VID_20250114_124329,4220
0,VID_20250114_124329,4230
0,VID_20250114_124329,4240
0,VID_20250114_124329,4250
0,VID_20250114_124329,4260
0,VID_20250114_124329,4270
0,VID_20250114_124329,4280
0,VID_20250114_124329,4290
0,VID_20250114_124329,4300
0,VID_20250114_124329,4310
0,VID_20250114_124329,4320
0,VID_20250114_124329,4330
0,VID_20250114_124329,4340
0,VID_20250114_124329,4350
0,VID_20250114_124329,4360
0,VID_20250114_124329,4370
0,VID_20250114_124329,4380
0,VID_20250114_124329,4390
0,VID_20250114_124329,4400
0,VID_20250114_124329,4410
0,VID_20250114_124329,4420
0,VID_20250114_124329,4430
0,VID_20250114_124329,4440
0,VID_20250114_124329,4450
0,VID_20250114_124329,4460
0,VID_20250114_124329,4470
0,VID_20250114_124329,4480
0,VID_20250114_124329,4490
0,VID_20250114_124329,4500
0,VID_20250114_124329,4510
0,VID_20250114_124329,4520
0,VID_20250114_124329,4530
0,VID_20250114_124329,4540
0,VID_20250114_124329,4550
0,VID_20250114_124329,4560
0,VID_20250114_124329,4570
0,VID_20250114_124329,4580
0,VID_20250114_124329,4590
0,VID_20250114_124329,4600
0,VID_20250114_124329,4610
0,VID_20250114_124329,4620
0,VID_20250114_124329,4630
0,VID_20250114_124329,4640
0,VID_20250114_124329,4650
0,VID_20250114_124329,4660
0,VID_20250114_124329,4670
0,VID_20250114_124329,4680
0,VID_20250114_124329,4690
0,VID_20250114_124329,4700
0,VID_20250114_124329,4710
0,VID_20250114_124329,4720
0,VID_20250114_124329,4730
0,VID_20250114_124329,4740
0,VID_20250114_124329,4750
0,VID_20250114_124329,4760
0,VID_20250114_124329,4770
0,VID_20250114_124329,4780
0,VID_20250114_124329,4790
0,VID_20250114_124329,4800
0,VID_20250114_124329,4810
0,VID_20250114_124329,4820
0,VID_20250114_124329,4830
0,VID_20250114_124329,4840
0,VID_20250114_124329,4850
0,VID_20250114_124329,4860
0,VID_20250114_124329,4870
0,VID_20250114_124329,4880
0,VID_20250114_124329,4890
0,VID_20250114_124329,4900
0,VID_20250114_124329,4910
0,VID_20250114_124329,4920
0,VID_20250114_124329,4930
0,VID_20250114_124329,4940
0,VID_20250114_124329,4950
0,VID_20250114_124329,4960
0,VID_20250114_124329,4970
0,VID_20250114_124329,4980
0,VID_20250114_124329,4990
0,VID_20250114_124329,5000
0,VID_20250114_124329,5010
0,VID_20250114_124329,5020
0,VID_20250114_124329,5030
0,VID_20250114_124329,5040
0,VID_20250114_124329,5050
0,VID_20250114_124329,5060
0,VID_20250114_124329,5070
0,VID_20250114_124329,5080
0,VID_20250114_124329,5090
0,VID_20250114_124329,5100
0,VID_20250114_124329,5110
0,VID_20250114_124329,5120
0,VID_20250114_124329,5130
0,VID_20250114_124329,5140
0,VID_20250114_124329,5150
0,VID_20250114_124329,5160
0,VID_20250114_124329,5170
0,VID_20250114_124329,5180
0,VID_20250114_124329,5190
0,VID_20250114_124329,5200
0,VID_20250114_124329,5210
0,VID_20250114_124329,5220
0,VID_20250114_124329,5230
0,VID_20250114_124329,5240
0,VID_20250114_124329,5250
0,VID_20250114_124329,5260
0,VID_20250114_124329,5270
0,VID_20250114_124329,5280
0,VID_20250114_124329,5290
0,VID_20250114_124329,5300
0,VID_20250114_124329,5310
0,VID_20250114_124329,5320
0,VID_20250114_124329,5330
0,VID_20250114_124329,5340
0,VID_20250114_124329,5350
0,VID_20250114_124329,5360
0,VID_20250114_124329,5370
0,VID_20250114_124329,5380
0,VID_20250114_124329,5390
0,VID_20250114_124329,5400
0,VID_20250114_124329,5410
0,VID_20250114_124329,5420
0,VID_20250114_124329,5430
0,VID_20250114_124329,5440
0,VID_20250114_124329,5450
0,VID_20250114_124329,5460
0,VID_20250114_124329,5470
0,VID_20250114_124329,5480
0,VID_20250114_124329,5490
0,VID_20250114_124329,5500
0,VID_20250114_124329,5510
0,VID_20250114_124329,5520
0,VID_20250114_124329,5530
0,VID_20250114_124329,5540
0,VID_20250114_124329,5550
0,VID_20250114_124329,5560
0,VID_20250114_124329,5570
0,VID_20250114_124329,5580
0,VID_20250114_124329,5590
0,VID_20250114_124329,5600
0,VID_20250114_124329,5610
0,VID_20250114_124329,5620
0,VID_20250114_124329,5630
0,VID_20250114_124329,5640
0,VID_20250114_124329,5650
0,VID_20250114_124329,5660
0,VID_20250114_124329,5670
0,VID_20250114_124329,5680
0,VID_20250114_124329,5690
0,VID_20250114_124329,5700
0,VID_20250114_124329,5710
0,VID_20250114_124329,5720
0,VID_20250114_124329,5730
0,VID_20250114_124329,5740
0,VID_20250114_124329,5750
0,VID_20250114_124329,5760
0,VID_20250114_124329,5770
0,VID_20250114_124329,5780
0,VID_20250114_124329,5790
0,VID_20250114_124329,5800
0,VID_20250114_124329,5810
0,VID_20250114_124329,5820
0,VID_20250114_124329,5830
0,VID_20250114_124329,5840
0,VID_20250114_124329,5850
0,VID_20250114_124329,5860
0,VID_20250114_124329,5870
0,VID_20250114_124329,5880
0,VID_20250114_124329,5890
0,VID_20250114_124329,5900
0,VID_20250114_124329,5910
0,VID_20250114_124329,5920
0,VID_20250114_124329,5930
0,VID_20250114_124329,5940
0,VID_20250114_124329,5950
0,VID_20250114_124329,5960
0,VID_20250114_124329,5970
0,VID_20250114_124329,5980
0,VID_20250114_124329,5990
0,VID_20250114_124329,6000
0,VID_20250114_124329,6010
0,VID_20250114_124329,6020
0,VID_20250114_124329,6030
0,VID_20250114_124329,6040
0,VID_20250114_124329,6050
0,VID_20250114_124329,6060
0,VID_20250114_124329,6070
0,VID_20250114_124329,6080
0,VID_20250114_124329,6090
0,VID_20250114_124329,6100
0,VID_20250114_124329,6110
0,VID_20250114_124329,6120
0,VID_20250114_124329,6130
0,VID_20250114_124329,6140
0,VID_20250114_124329,6150
0,VID_20250114_124329,6160
0,VID_20250114_124329,6170
0,VID_20250114_124329,6180
0,VID_20250114_124329,6190
0,VID_20250114_124329,6200
0,VID_20250114_124329,6210
0,VID_20250114_124329,6220
0,VID_20250114_124329,6230
0,VID_20250114_124329,6240
0,VID_20250114_124329,6250
0,VID_20250114_124329,6260
0,VID_20250114_124329,6270
0,VID_20250114_124329,6280
0,VID_20250114_124329,6290
0,VID_20250114_124329,6300
0,VID_20250114_124329,6310
0,VID_20250114_124329,6320
0,VID_20250114_124329,6330
0,VID_20250114_124329,6340
0,VID_20250114_124329,6350
0,VID_20250114_124329,6360
0,VID_20250114_124329,6370
0,VID_20250114_124329,6380
0,VID_20250114_124329,6390
0,VID_20250114_124329,6400
0,VID_20250114_124329,6410
0,VID_20250114_124329,6420
0,VID_20250114_124329,6430
0,VID_20250114_124329,6440
0,VID_20250114_124329,6450
0,VID_20250114_124329,6460
0,VID_20250114_124329,6470
0,VID_20250114_124329,6480
0,VID_20250114_124329,6490
0,VID_20250114_124329,6500
0,VID_20250114_124329,6510
0,VID_20250114_124329,6520
0,VID_20250114_124329,6530
0,VID_20250114_124329,6540
0,VID_20250114_124329,6550
0,VID_20250114_124329,6560
0,VID_20250114_124329,6570
0,VID_20250114_124329,6580
0,VID_20250114_124329,6590
0,VID_20250114_124329,6600
0,VID_20250114_124329,6610
0,VID_20250114_124329,6620
0,VID_20250114_124329,6630
0,VID_20250114_124329,6640
0,VID_20250114_124329,6650
0,VID_20250114_124329,6660
0,VID_20250114_124329,6670
0,VID_20250114_124329,6680
0,VID_20250114_124329,6690
0,VID_20250114_124329,6700
0,VID_20250114_124329,6710
0,VID_20250114_124329,6720
0,VID_20250114_124329,6730
0,VID_20250114_124329,6740
0,VID_20250114_124329,6750
0,VID_20250114_124329,6760
0,VID_20250114_124329,6770
0,VID_20250114_124329,6780
0,VID_20250114_124329,6790
0,VID_20250114_124329,6800
0,VID_20250114_124329,6810
0,VID_20250114_124329,6820
0,VID_20250114_124329,6830
0,VID_20250114_124329,6840
0,VID_20250114_124329,6850
0,VID_20250114_124329,6860
0,VID_20250114_124329,6870
0,VID_20250114_124329,6880
0,VID_20250114_124329,6890
0,VID_20250114_124329,6900
0,VID_20250114_124329,6910
0,VID_20250114_124329,6920
0,VID_20250114_124329,6930
0,VID_20250114_124329,6940
0,VID_20250114_124329,6950
0,VID_20250114_124329,6960
0,VID_20250114_124329,6970
0,VID_20250114_124329,6980
0,VID_20250114_124329,6990
0,VID_20250114_124329,7000
0,VID_20250114_124329,7010
0,VID_20250114_124329,7020
0,VID_20250114_124329,7030
0,VID_20250114_124329,7040
0,VID_20250114_124329,7050
0,VID_20250114_124329,7060
0,VID_20250114_124329,7070
0,VID_20250114_124329,7080
0,VID_20250114_124329,7090
0,VID_20250114_124329,7100
0,VID_20250114_124329,7110
0,VID_20250114_124329,7120
0,VID_20250114_124329,7130
0,VID_20250114_124329,7140
0,VID_20250114_124329,7150
0,VID_20250114_124329,7160
0,VID_20250114_124329,7170
0,VID_20250114_124329,7180
0,VID_20250114_124329,7190
0,VID_20250114_124329,7200
0,VID_20250114_124329,7210
0,VID_20250114_124329,7220
0,VID_20250114_124329,7230
0,VID_20250114_124329,7240
0,VID_20250114_124329,7250
0,VID_20250114_124329,7260
0,VID_20250114_124329,7270
0,VID_20250114_124329,7280
0,VID_20250114_124329,7290
0,VID_20250114_124329,7300
0,VID_20250114_124329,7310
0,VID_20250114_124329,7320
0,VID_20250114_124329,7330
0,VID_20250114_124329,7340
0,VID_20250114_124329,7350
0,VID_20250114_124329,7360
0,VID_20250114_124329,7370
0,VID_20250114_124329,7380
0,VID_20250114_124329,7390
0,VID_20250114_124329,7400
0,VID_20250114_124329,7410
0,VID_20250114_124329,7420
0,VID_20250114_124329,7430
0,VID_20250114_124329,7440
0,VID_20250114_124329,7450
0,VID_20250114_124329,7460
0,VID_20250114_124329,7470
0,VID_20250114_124329,7480
0,VID_20250114_124329,7490
0,VID_20250114_124329,7500
0,VID_20250114_124329,7510
0,VID_20250114_124329,7520
0,VID_20250114_124329,7530
0,VID_20250114_124329,7540
0,VID_20250114_124329,7550
0,VID_20250114_124329,7560
0,VID_20250114_124329,7570
0,VID_20250114_124329,7580
0,VID_20250114_124329,7590
0,VID_20250114_124329,7600
0,VID_20250114_124329,7610
0,VID_20250114_124329,7620
2,VID_20250114_124329,7740
2,VID_20250114_124329,7750
2,VID_20250114_124329,7760
2,VID_20250114_124329,7770
2,VID_20250114_124329,7780
2,VID_20250114_124329,7790
2,VID_20250114_124329,7800
2,VID_20250114_124329,7810
2,VID_20250114_124329,7820
2,VID_20250114_124329,7830
2,VID_20250114_124329,7840
2,VID_20250114_124329,7850
2,VID_20250114_124329,7860
2,VID_20250114_124329,7870
2,VID_20250114_124329,7880
2,VID_20250114_124329,7890
2,VID_20250114_124329,7900
2,VID_20250114_124329,7910
2,VID_20250114_124329,7920
2,VID_20250114_124329,7930
2,VID_20250114_124329,7940
2,VID_20250114_124329,7950
2,VID_20250114_124329,7960
2,VID_20250114_124329,7970
2,VID_20250114_124329,7980
2,VID_20250114_124329,7990
2,VID_20250114_124329,8000
2,VID_20250114_124329,8010
2,VID_20250114_124329,8020
2,VID_20250114_124329,8030
2,VID_20250114_124329,8040
2,VID_20250114_124329,8050
2,VID_20250114_124329,8060
2,VID_20250114_124329,8070
2,VID_20250114_124329,8080
2,VID_20250114_124329,8090
2,VID_20250114_124329,8100
2,VID_20250114_124329,8110
2,VID_20250114_124329,8120
2,VID_20250114_124329,8130
2,VID_20250114_124329,8140
2,VID_20250114_124329,8150
2,VID_20250114_124329,8160
2,VID_20250114_124329,8170
2,VID_20250114_124329,8180
2,VID_20250114_124329,8190
2,VID_20250114_124329,8200
2,VID_20250114_124329,8210
2,VID_20250114_124329,8220
2,VID_20250114_124329,8230
2,VID_20250114_124329,8240
2,VID_20250114_124329,8250
2,VID_20250114_124329,8260
2,VID_20250114_124329,8270
2,VID_20250114_124329,8280
2,VID_20250114_124329,8290
2,VID_20250114_124329,8300
2,VID_20250114_124329,8310
2,VID_20250114_124329,8320
2,VID_20250114_124329,8330
2,VID_20250114_124329,8340
2,VID_20250114_124329,8350
2,VID_20250114_124329,8360
2,VID_20250114_124329,8370
2,VID_20250114_124329,8380
2,VID_20250114_124329,8390
2,VID_20250114_124329,8400
2,VID_20250114_124329,8410
2,VID_20250114_124329,8420
2,VID_20250114_124329,8430
2,VID_20250114_124329,8440
2,VID_20250114_124329,8450
2,VID_20250114_124329,8460
2,VID_20250114_124329,8470
2,VID_20250114_124329,8480
2,VID_20250114_124329,8490
2,VID_20250114_124329,8500
2,VID_20250114_124329,8510
2,VID_20250114_124329,8520
2,VID_20250114_124329,8530
2,VID_20250114_124329,8540
2,VID_20250114_124329,8550
2,VID_20250114_124329,8560
2,VID_20250114_124329,8570
2,VID_20250114_124329,8580
2,VID_20250114_124329,8590
2,VID_20250114_124329,8600
2,VID_20250114_124329,8610
2,VID_20250114_124329,8620
2,VID_20250114_124329,8630
2,VID_20250114_124329,8640
2,VID_20250114_124329,8650
2,VID_20250114_124329,8660
2,VID_20250114_124329,8670
2,VID_20250114_124329,8680
2,VID_20250114_124329,8690
2,VID_20250114_124329,8700
2,VID_20250114_124329,8710
2,VID_20250114_124329,8720
2,VID_20250114_124329,8730
2,VID_20250114_124329,8740
2,VID_20250114_124329,8750
2,VID_20250114_124329,8760
2,VID_20250114_124329,8770
2,VID_20250114_124329,8780
2,VID_20250114_124329,8790
2,VID_20250114_124329,8800
2,VID_20250114_124329,8810
2,VID_20250114_124329,8820
2,VID_20250114_124329,8830
2,VID_20250114_124329,8840
2,VID_20250114_124329,8850
2,VID_20250114_124329,8860
2,VID_20250114_124329,8870
2,VID_20250114_124329,8880
2,VID_20250114_124329,8890
2,VID_20250114_124329,8900
2,VID_20250114_124329,8910
2,VID_20250114_124329,8920
2,VID_20250114_124329,8930
2,VID_20250114_124329,8940
2,VID_20250114_124329,8950
2,VID_20250114_124329,8960
2,VID_20250114_124329,8970
2,VID_20250114_124329,8980
2,VID_20250114_124329,8990
2,VID_20250114_124329,9000
2,VID_20250114_124329,9010
2,VID_20250114_124329,9020
2,VID_20250114_124329,9030
2,VID_20250114_124329,9040
2,VID_20250114_124329,9050
2,VID_20250114_124329,9060
2,VID_20250114_124329,9070
2,VID_20250114_124329,9080
2,VID_20250114_124329,9090
2,VID_20250114_124329,9100
2,VID_20250114_124329,9110
2,VID_20250114_124329,9120
2,VID_20250114_124329,9130
2,VID_20250114_124329,9140
2,VID_20250114_124329,9150
2,VID_20250114_124329,9160
2,VID_20250114_124329,9170
2,VID_20250114_124329,9180
2,VID_20250114_124329,9190
2,VID_20250114_124329,9200
2,VID_20250114_124329,9210
2,VID_20250114_124329,9220
2,VID_20250114_124329,9230
2,VID_20250114_124329,9240
2,VID_20250114_124329,9250
2,VID_20250114_124329,9260
2,VID_20250114_124329,9270
2,VID_20250114_124329,9280
2,VID_20250114_124329,9290
2,VID_20250114_124329,9300
2,VID_20250114_124329,9310
2,VID_20250114_124329,9320
2,VID_20250114_124329,9330
2,VID_20250114_124329,9340
2,VID_20250114_124329,9350
2,VID_20250114_124329,9360
2,VID_20250114_124329,9370
2,VID_20250114_124329,9380
2,VID_20250114_124329,9390
2,VID_20250114_124329,9400
2,VID_20250114_124329,9410
2,VID_20250114_124329,9420
2,VID_20250114_124329,9430
2,VID_20250114_124329,9440
2,VID_20250114_124329,9450
2,VID_20250114_124329,9460
2,VID_20250114_124329,9470
2,VID_20250114_124329,9480
2,VID_20250114_124329,9490
2,VID_20250114_124329,9500
2,VID_20250114_124329,9510
2,VID_20250114_124329,9520
2,VID_20250114_124329,9530
2,VID_20250114_124329,9540
2,VID_20250114_124329,9550
2,VID_20250114_124329,9560
2,VID_20250114_124329,9570
2,VID_20250114_124329,9580
2,VID_20250114_124329,9590
2,VID_20250114_124329,9600
2,VID_20250114_124329,9610
2,VID_20250114_124329,9620
2,VID_20250114_124329,9630
2,VID_20250114_124329,9640
2,VID_20250114_124329,9650
2,VID_20250114_124329,9660
2,VID_20250114_124329,9670
2,VID_20250114_124329,9680
2,VID_20250114_124329,9690
2,VID_20250114_124329,9700
2,VID_20250114_124329,9710
2,VID_20250114_124329,9720
2,VID_20250114_124329,9730
2,VID_20250114_124329,9740
2,VID_20250114_124329,9750
2,VID_20250114_124329,9760
2,VID_20250114_124329,9770
2,VID_20250114_124329,9780
2,VID_20250114_124329,9790
2,VID_20250114_124329,9800
2,VID_20250114_124329,9810
2,VID_20250114_124329,9820
2,VID_20250114_124329,9830
2,VID_20250114_124329,9840
2,VID_20250114_124329,9850
2,VID_20250114_124329,9860
2,VID_20250114_124329,9870
2,VID_20250114_124329,9880
2,VID_20250114_124329,9890
2,VID_20250114_124329,9900
2,VID_20250114_124329,9910
2,VID_20250114_124329,9920
2,VID_20250114_124329,9930
2,VID_20250114_124329,9940
2,VID_20250114_124329,9950
2,VID_20250114_124329,9960
2,VID_20250114_124329,9970
2,VID_20250114_124329,9980
2,VID_20250114_124329,9990
2,VID_20250114_124329,10000
2,VID_20250114_124329,10010
2,VID_20250114_124329,10020
2,VID_20250114_124329,10030
2,VID_20250114_124329,10040
2,VID_20250114_124329,10050
2,VID_20250114_124329,10060
3,VID_20250114_124329,7650
3,VID_20250114_124329,7660
3,VID_20250114_124329,7670
3,VID_20250114_124329,7680
3,VID_20250114_124329,7690
3,VID_20250114_124329,7700
0,VID_20250114_124330,0
0,VID_20250114_124330,10
0,VID_20250114_124330,20
0,VID_20250114_124330,30
0,VID_20250114_124330,40
0,VID_20250114_124330,50
0,VID_20250114_124330,60
0,VID_20250114_124330,70
0,VID_20250114_124330,80
0,VID_20250114_124330,90
0,VID_20250114_124330,100
0,VID_20250114_124330,110
0,VID_20250114_124330,120
0,VID_20250114_124330,130
0,VID_20250114_124330,140
0,VID_20250114_124330,150
0,VID_20250114_124330,160
0,VID_20250114_124330,170
0,VID_20250114_124330,180
0,VID_20250114_124330,190
0,VID_20250114_124330,200
0,VID_20250114_124330,210
0,VID_20250114_124330,220
0,VID_20250114_124330,230
0,VID_20250114_124330,240
0,VID_20250114_124330,250
0,VID_20250114_124330,260
0,VID_20250114_124330,270
0,VID_20250114_124330,280
0,VID_20250114_124330,290
0,VID_20250114_124330,300
0,VID_20250114_124330,310
0,VID_20250114_124330,320
0,VID_20250114_124330,330
0,VID_20250114_124330,340
0,VID_20250114_124330,350
0,VID_20250114_124330,360
0,VID_20250114_124330,370
0,VID_20250114_124330,380
0,VID_20250114_124330,390
0,VID_20250114_124330,400
0,VID_20250114_124330,410
0,VID_20250114_124330,420
0,VID_20250114_124330,430
0,VID_20250114_124330,440
0,VID_20250114_124330,450
0,VID_20250114_124330,460
0,VID_20250114_124330,470
0,VID_20250114_124330,480
0,VID_20250114_124330,490
0,VID_20250114_124330,500
0,VID_20250114_124330,510
0,VID_20250114_124330,520
0,VID_20250114_124330,530
0,VID_20250114_124330,540
0,VID_20250114_124330,550
0,VID_20250114_124330,560
0,VID_20250114_124330,570
0,VID_20250114_124330,580
0,VID_20250114_124330,590
0,VID_20250114_124330,600
0,VID_20250114_124330,610
0,VID_20250114_124330,620
0,VID_20250114_124330,630
0,VID_20250114_124330,640
0,VID_20250114_124330,650
0,VID_20250114_124330,660
0,VID_20250114_124330,670
0,VID_20250114_124330,680
0,VID_20250114_124330,690
0,VID_20250114_124330,700
0,VID_20250114_124330,710
0,VID_20250114_124330,720
0,VID_20250114_124330,730
0,VID_20250114_124330,740
0,VID_20250114_124330,750
0,VID_20250114_124330,760
0,VID_20250114_124330,770
0,VID_20250114_124330,780
0,VID_20250114_124330,790
0,VID_20250114_124330,800
0,VID_20250114_124330,810
0,VID_20250114_124330,820
0,VID_20250114_124330,830
0,VID_20250114_124330,840
0,VID_20250114_124330,850
0,VID_20250114_124330,860
0,VID_20250114_124330,870
0,VID_20250114_124330,880
0,VID_20250114_124330,890
0,VID_20250114_124330,900
0,VID_20250114_124330,910
0,VID_20250114_124330,920
0,VID_20250114_124330,930
0,VID_20250114_124330,940
0,VID_20250114_124330,950
0,VID_20250114_124330,960
0,VID_20250114_124330,970
0,VID_20250114_124330,980
0,VID_20250114_124330,990
0,VID_20250114_124330,1000
0,VID_20250114_124330,1010
0,VID_20250114_124330,1020
0,VID_20250114_124330,1030
0,VID_20250114_124330,1040
0,VID_20250114_124330,1050
0,VID_20250114_124330,1060
0,VID_20250114_124330,1070
0,VID_20250114_124330,1080
0,VID_20250114_124330,1090
0,VID_20250114_124330,1100
0,VID_20250114_124330,1110
0,VID_20250114_124330,1120
0,VID_20250114_124330,1130
0,VID_20250114_124330,1140
0,VID_20250114_124330,1150
0,VID_20250114_124330,1160
0,VID_20250114_124330,1170
0,VID_20250114_124330,1180
0,VID_20250114_124330,1190
0,VID_20250114_124330,1200
0,VID_20250114_124330,1210
0,VID_20250114_124330,1220
0,VID_20250114_124330,1230
0,VID_20250114_124330,1240
0,VID_20250114_124330,1250
0,VID_20250114_124330,1260
0,VID_20250114_124330,1270
0,VID_20250114_124330,1280
0,VID_20250114_124330,1290
0,VID_20250114_124330,1300
0,VID_20250114_124330,1310
0,VID_20250114_124330,1320
0,VID_20250114_124330,1330
0,VID_20250114_124330,1340
0,VID_20250114_124330,1350
0,VID_20250114_124330,1360
0,VID_20250114_124330,1370
0,VID_20250114_124330,1380
0,VID_20250114_124330,1390
0,VID_20250114_124330,1400
0,VID_20250114_124330,1410
0,VID_20250114_124330,1420
0,VID_20250114_124330,1430
0,VID_20250114_124330,1440
0,VID_20250114_124330,1450
0,VID_20250114_124330,1460
0,VID_20250114_124330,1470
0,VID_20250114_124330,1480
0,VID_20250114_124330,1490
0,VID_20250114_124330,1500
0,VID_20250114_124330,1510
0,VID_20250114_124330,1520
0,VID_20250114_124330,1530
0,VID_20250114_124330,1540
0,VID_20250114_124330,1550
0,VID_20250114_124330,1560
0,VID_20250114_124330,1570
0,VID_20250114_124330,1580
0,VID_20250114_124330,1590
0,VID_20250114_124330,1600
0,VID_20250114_124330,1610
0,VID_20250114_124330,1620
0,VID_20250114_124330,1630
0,VID_20250114_124330,1640
0,VID_20250114_124330,1650
0,VID_20250114_124330,1660
0,VID_20250114_124330,1670
0,VID_20250114_124330,1680
0,VID_20250114_124330,1690
0,VID_20250114_124330,1700
0,VID_20250114_124330,1710
0,VID_20250114_124330,1720
0,VID_20250114_124330,1730
0,VID_20250114_124330,1740
0,VID_20250114_124330,1750
0,VID_20250114_124330,1760
0,VID_20250114_124330,1770
0,VID_20250114_124330,1780
0,VID_20250114_124330,1790
0,VID_20250114_124330,1800
0,VID_20250114_124330,1810
0,VID_20250114_124330,1820
0,VID_20250114_124330,1830
0,VID_20250114_124330,1840
0,VID_20250114_124330,1850
0,VID_20250114_124330,1860
0,VID_20250114_124330,1870
0,VID_20250114_124330,1880
0,VID_20250114_124330,1890
0,VID_20250114_124330,1900
0,VID_20250114_124330,1910
0,VID_20250114_124330,1920
0,VID_20250114_124330,1930
0,VID_20250114_124330,1940
0,VID_20250114_124330,1950
0,VID_20250114_124330,1960
0,VID_20250114_124330,1970
0,VID_20250114_124330,1980
0,VID_20250114_124330,1990
0,VID_20250114_124330,2000
0,VID_20250114_124330,2010
0,VID_20250114_124330,2020
0,VID_20250114_124330,2030
0,VID_20250114_124330,2040
0,VID_20250114_124330,2050
0,VID_20250114_124330,2060
0,VID_20250114_124330,2070
0,VID_20250114_124330,2080
0,VID_20250114_124330,2090
0,VID_20250114_124330,2100
0,VID_20250114_124330,2110
0,VID_20250114_124330,2120
0,VID_20250114_124330,2130
0,VID_20250114_124330,2140
0,VID_20250114_124330,2150
0,VID_20250114_124330,2160
0,VID_20250114_124330,2170
0,VID_20250114_124330,2180
0,VID_20250114_124330,2190
0,VID_20250114_124330,2200
0,VID_20250114_124330,2210
0,VID_20250114_124330,2220
0,VID_20250114_124330,2230
0,VID_20250114_124330,2240
0,VID_20250114_124330,2250
0,VID_20250114_124330,2260
0,VID_20250114_124330,2270
0,VID_20250114_124330,2280
0,VID_20250114_124330,2290
0,VID_20250114_124330,2300
0,VID_20250114_124330,2310
0,VID_20250114_124330,2320
0,VID_20250114_124330,2330
0,VID_20250114_124330,2340
0,VID_20250114_124330,2350
0,VID_20250114_124330,2360
0,VID_20250114_124330,2370
0,VID_20250114_124330,2380
0,VID_20250114_124330,2390
0,VID_20250114_124330,2400
0,VID_20250114_124330,2410
0,VID_20250114_124330,2420
0,VID_20250114_124330,2430
0,VID_20250114_124330,2440
0,VID_20250114_124330,2450
0,VID_20250114_124330,2460
0,VID_20250114_124330,2470
0,VID_20250114_124330,2480
0,VID_20250114_124330,2490
0,VID_20250114_124330,2500
0,VID_20250114_124330,2510
0,VID_20250114_124330,2520
0,VID_20250114_124330,2530
0,VID_20250114_124330,2540
0,VID_20250114_124330,2550
0,VID_20250114_124330,2560
0,VID_20250114_124330,2570
0,VID_20250114_124330,2580
0,VID_20250114_124330,2590
0,VID_20250114_124330,2600
0,VID_20250114_124330,2610
0,VID_20250114_124330,2620
0,VID_20250114_124330,2630
0,VID_20250114_124330,2640
0,VID_20250114_124330,2650
0,VID_20250114_124330,2660
0,VID_20250114_124330,2670
0,VID_20250114_124330,2680
0,VID_20250114_124330,2690
0,VID_20250114_124330,2700
0,VID_20250114_124330,2710
0,VID_20250114_124330,2720
0,VID_20250114_124330,2730
0,VID_20250114_124330,2740
0,VID_20250114_124330,2750
0,VID_20250114_124330,2760
0,VID_20250114_124330,2770
0,VID_20250114_124330,2780
0,VID_20250114_124330,2790
0,VID_20250114_124330,2800
0,VID_20250114_124330,2810
0,VID_20250114_124330,2820
0,VID_20250114_124330,2830
0,VID_20250114_124330,2840
0,VID_20250114_124330,2850
0,VID_20250114_124330,2860
0,VID_20250114_124330,2870
0,VID_20250114_124330,2880
0,VID_20250114_124330,2890
0,VID_20250114_124330,2900
0,VID_20250114_124330,2910
0,VID_20250114_124330,2920
0,VID_20250114_124330,2930
0,VID_20250114_124330,2940
0,VID_20250114_124330,2950
0,VID_20250114_124330,2960
0,VID_20250114_124330,2970
0,VID_20250114_124330,2980
0,VID_20250114_124330,2990
0,VID_20250114_124330,3000
0,VID_20250114_124330,3010
0,VID_20250114_124330,3020
0,VID_20250114_124330,3030
0,VID_20250114_124330,3040
0,VID_20250114_124330,3050
0,VID_20250114_124330,3060
0,VID_20250114_124330,3070
0,VID_20250114_124330,3080
0,VID_20250114_124330,3090
0,VID_20250114_124330,3100
0,VID_20250114_124330,3110
0,VID_20250114_124330,3120
0,VID_20250114_124330,3130
0,VID_20250114_124330,3140
0,VID_20250114_124330,3150
0,VID_20250114_124330,3160
0,VID_20250114_124330,3170
0,VID_20250114_124330,3180
0,VID_20250114_124330,3190
0,VID_20250114_124330,3200
0,VID_20250114_124330,3210
0,VID_20250114_124330,3220
0,VID_20250114_124330,3230
0,VID_20250114_124330,3240
0,VID_20250114_124330,3250
0,VID_20250114_124330,3260
0,VID_20250114_124330,3270
0,VID_20250114_124330,3280
0,VID_20250114_124330,3290
0,VID_20250114_124330,3300
0,VID_20250114_124330,3310
0,VID_20250114_124330,3320
0,VID_20250114_124330,3330
0,VID_20250114_124330,3340
0,VID_20250114_124330,3350
0,VID_20250114_124330,3360
0,VID_20250114_124330,3370
0,VID_20250114_124330,3380
0,VID_20250114_124330,3390
0,VID_20250114_124330,3400
0,VID_20250114_124330,3410
0,VID_20250114_124330,3420
0,VID_20250114_124330,3430
0,VID_20250114_124330,3440
0,VID_20250114_124330,3450
0,VID_20250114_124330,3460
0,VID_20250114_124330,3470
0,VID_20250114_124330,3480
0,VID_20250114_124330,3490
0,VID_20250114_124330,3500
0,VID_20250114_124330,3510
0,VID_20250114_124330,3520
0,VID_20250114_124330,3530
0,VID_20250114_124330,3540
0,VID_20250114_124330,3550
0,VID_20250114_124330,3560
0,VID_20250114_124330,3570
0,VID_20250114_124330,3580
0,VID_20250114_124330,3590
0,VID_20250114_124330,3600
0,VID_20250114_124330,3610
0,VID_20250114_124330,3620
0,VID_20250114_124330,3630
0,VID_20250114_124330,3640
0,VID_20250114_124330,3650
0,VID_20250114_124330,3660
0,VID_20250114_124330,3670
0,VID_20250114_124330,3680
0,VID_20250114_124330,3690
0,VID_20250114_124330,3700
0,VID_20250114_124330,3710
0,VID_20250114_124330,3720
0,VID_20250114_124330,3730
0,VID_20250114_124330,3740
0,VID_20250114_124330,3750
0,VID_20250114_124330,3760
0,VID_20250114_124330,3770
0,VID_20250114_124330,3780
0,VID_20250114_124330,3790
0,VID_20250114_124330,3800
0,VID_20250114_124330,3810
0,VID_20250114_124330,3820
0,VID_20250114_124330,3830
0,VID_20250114_124330,3840
0,VID_20250114_124330,3850
0,VID_20250114_124330,3860
0,VID_20250114_124330,3870
0,VID_20250114_124330,3880
0,VID_20250114_124330,3890
0,VID_20250114_124330,3900
0,VID_20250114_124330,3910
0,VID_20250114_124330,3920
0,VID_20250114_124330,3930
0,VID_20250114_124330,3940
0,VID_20250114_124330,3950
0,VID_20250114_124330,3960
0,VID_20250114_124330,3970
0,VID_20250114_124330,3980
0,VID_20250114_124330,3990
0,VID_20250114_124330,4000
0,VID_20250114_124330,4010
0,VID_20250114_124330,4020
0,VID_20250114_124330,4030
0,VID_20250114_124330,4040
0,VID_20250114_124330,4050
0,VID_20250114_124330,4060
0,VID_20250114_124330,4070
0,VID_20250114_124330,4080
0,VID_20250114_124330,4090
0,VID_20250114_124330,4100
0,VID_20250114_124330,4110
0,VID_20250114_124330,4120
0,VID_20250114_124330,4130
0,VID_20250114_124330,4140
0,VID_20250114_124330,4150
0,VID_20250114_124330,4160
0,VID_20250114_124330,4170
0,VID_20250114_124330,4180
0,VID_20250114_124330,4190
0,VID_20250114_124330,4200
0,VID_20250114_124330,4210
0,VID_20250114_124330,4220
0,VID_20250114_124330,4230
0,VID_20250114_124330,4240
0,VID_20250114_124330,4250
0,VID_20250114_124330,4260
0,VID_20250114_124330,4270
0,VID_20250114_124330,4280
0,VID_20250114_124330,4290
0,VID_20250114_124330,4300
0,VID_20250114_124330,4310
0,VID_20250114_124330,4320
0,VID_20250114_124330,4330
0,VID_20250114_124330,4340
0,VID_20250114_124330,4350
0,VID_20250114_124330,4360
0,VID_20250114_124330,4370
0,VID_20250114_124330,4380
0,VID_20250114_124330,4390
0,VID_20250114_124330,4400
0,VID_20250114_124330,4410
0,VID_20250114_124330,4420
0,VID_20250114_124330,4430
0,VID_20250114_124330,4440
0,VID_20250114_124330,4450
0,VID_20250114_124330,4460
0,VID_20250114_124330,4470
0,VID_20250114_124330,4480
0,VID_20250114_124330,4490
0,VID_20250114_124330,4500
0,VID_20250114_124330,4510
0,VID_20250114_124330,4520
0,VID_20250114_124330,4530
0,VID_20250114_124330,4540
0,VID_20250114_124330,4550
0,VID_20250114_124330,4560
0,VID_20250114_124330,4570
0,VID_20250114_124330,4580
0,VID_20250114_124330,4590
0,VID_20250114_124330,4600
0,VID_20250114_124330,4610
0,VID_20250114_124330,4620
0,VID_20250114_124330,4630
0,VID_20250114_124330,4640
0,VID_20250114_124330,4650
0,VID_20250114_124330,4660
0,VID_20250114_124330,4670
0,VID_20250114_124330,4680
0,VID_20250114_124330,4690
0,VID_20250114_124330,4700
0,VID_20250114_124330,4710
0,VID_20250114_124330,4720
0,VID_20250114_124330,4730
0,VID_20250114_124330,4740
0,VID_20250114_124330,4750
0,VID_20250114_124330,4760
0,VID_20250114_124330,4770
0,VID_20250114_124330,4780
0,VID_20250114_124330,4790
0,VID_20250114_124330,4800
0,VID_20250114_124330,4810
0,VID_20250114_124330,4820
0,VID_20250114_124330,4830
0,VID_20250114_124330,4840
0,VID_20250114_124330,4850
0,VID_20250114_124330,4860
0,VID_20250114_124330,4870
0,VID_20250114_124330,4880
0,VID_20250114_124330,4890
0,VID_20250114_124330,4900
0,VID_20250114_124330,4910
0,VID_20250114_124330,4920
0,VID_20250114_124330,4930
0,VID_20250114_124330,4940
0,VID_20250114_124330,4950
0,VID_20250114_124330,4960
0,VID_20250114_124330,4970
0,VID_20250114_124330,4980
0,VID_20250114_124330,4990
0,VID_20250114_124330,5000
0,VID_20250114_124330,5010
0,VID_20250114_124330,5020
0,VID_20250114_124330,5030
0,VID_20250114_124330,5040
0,VID_20250114_124330,5050
0,VID_20250114_124330,5060
0,VID_20250114_124330,5070
0,VID_20250114_124330,5080
0,VID_20250114_124330,5090
0,VID_20250114_124330,5100
0,VID_20250114_124330,5110
0,VID_20250114_124330,5120
0,VID_20250114_124330,5130
0,VID_20250114_124330,5140
0,VID_20250114_124330,5150
0,VID_20250114_124330,5160
0,VID_20250114_124330,5170
0,VID_20250114_124330,5180
0,VID_20250114_124330,5190
0,VID_20250114_124330,5200
0,VID_20250114_124330,5210
0,VID_20250114_124330,5220
0,VID_20250114_124330,5230
0,VID_20250114_124330,5240
0,VID_20250114_124330,5250
0,VID_20250114_124330,5260
0,VID_20250114_124330,5270
0,VID_20250114_124330,5280
0,VID_20250114_124330,5290
0,VID_20250114_124330,5300
0,VID_20250114_124330,5310
0,VID_20250114_124330,5320
0,VID_20250114_124330,5330
0,VID_20250114_124330,5340
0,VID_20250114_124330,5350
0,VID_20250114_124330,5360
0,VID_20250114_124330,5370
0,VID_20250114_124330,5380
0,VID_20250114_124330,5390
0,VID_20250114_124330,5400
0,VID_20250114_124330,5410
0,VID_20250114_124330,5420
0,VID_20250114_124330,5430
0,VID_20250114_124330,5440
0,VID_20250114_124330,5450
0,VID_20250114_124330,5460
0,VID_20250114_124330,5470
0,VID_20250114_124330,5480
0,VID_20250114_124330,5490
0,VID_20250114_124330,5500
0,VID_20250114_124330,5510
0,VID_20250114_124330,5520
0,VID_20250114_124330,5530
0,VID_20250114_124330,5540
0,VID_20250114_124330,5550
0,VID_20250114_124330,5560
0,VID_20250114_124330,5570
0,VID_20250114_124330,5580
0,VID_20250114_124330,5590
0,VID_20250114_124330,5600
0,VID_20250114_124330,5610
0,VID_20250114_124330,5620
0,VID_20250114_124330,5630
0,VID_20250114_124330,5640
0,VID_20250114_124330,5650
0,VID_20250114_124330,5660
0,VID_20250114_124330,5670
0,VID_20250114_124330,5680
0,VID_20250114_124330,5690
0,VID_20250114_124330,5700
0,VID_20250114_124330,5710
0,VID_20250114_124330,5720
0,VID_20250114_124330,5730
0,VID_20250114_124330,5740
0,VID_20250114_124330,5750
0,VID_20250114_124330,5760
0,VID_20250114_124330,5770
0,VID_20250114_124330,5780
0,VID_20250114_124330,5790
0,VID_20250114_124330,5800
0,VID_20250114_124330,5810
0,VID_20250114_124330,5820
0,VID_20250114_124330,5830
0,VID_20250114_124330,5840
0,VID_20250114_124330,5850
0,VID_20250114_124330,5860
0,VID_20250114_124330,5870
0,VID_20250114_124330,5880
0,VID_20250114_124330,5890
0,VID_20250114_124330,5900
0,VID_20250114_124330,5910
0,VID_20250114_124330,5920
0,VID_20250114_124330,5930
0,VID_20250114_124330,5940
0,VID_20250114_124330,5950
0,VID_20250114_124330,5960
0,VID_20250114_124330,5970
0,VID_20250114_124330,5980
0,VID_20250114_124330,5990
0,VID_20250114_124330,6000
0,VID_20250114_124330,6010
0,VID_20250114_124330,6020
0,VID_20250114_124330,6030
0,VID_20250114_124330,6040
0,VID_20250114_124330,6050
0,VID_20250114_124330,6060
0,VID_20250114_124330,6070
0,VID_20250114_124330,6080
0,VID_20250114_124330,6090
0,VID_20250114_124330,6100
0,VID_20250114_124330,6110
0,VID_20250114_124330,6120
0,VID_20250114_124330,6130
0,VID_20250114_124330,6140
0,VID_20250114_124330,6150
0,VID_20250114_124330,6160
0,VID_20250114_124330,6170
0,VID_20250114_124330,6180
0,VID_20250114_124330,6190
0,VID_20250114_124330,6200
0,VID_20250114_124330,6210
0,VID_20250114_124330,6220
0,VID_20250114_124330,6230
0,VID_20250114_124330,6240
0,VID_20250114_124330,6250
0,VID_20250114_124330,6260
0,VID_20250114_124330,6270
0,VID_20250114_124330,6280
0,VID_20250114_124330,6290
0,VID_20250114_124330,6300
0,VID_20250114_124330,6310
0,VID_20250114_124330,6320
0,VID_20250114_124330,6330
0,VID_20250114_124330,6340
0,VID_20250114_124330,6350
0,VID_20250114_124330,6360
0,VID_20250114_124330,6370
0,VID_20250114_124330,6380
0,VID_20250114_124330,6390
0,VID_20250114_124330,6400
0,VID_20250114_124330,6410
0,VID_20250114_124330,6420
0,VID_20250114_124330,6430
0,VID_20250114_124330,6440
0,VID_20250114_124330,6450
0,VID_20250114_124330,6460
0,VID_20250114_124330,6470
0,VID_20250114_124330,6480
0,VID_20250114_124330,6490
0,VID_20250114_124330,6500
0,VID_20250114_124330,6510
0,VID_20250114_124330,6520
0,VID_20250114_124330,6530
0,VID_20250114_124330,6540
0,VID_20250114_124330,6550
0,VID_20250114_124330,6560
0,VID_20250114_124330,6570
0,VID_20250114_124330,6580
0,VID_20250114_124330,6590
0,VID_20250114_124330,6600
0,VID_20250114_124330,6610
0,VID_20250114_124330,6620
0,VID_20250114_124330,6630
0,VID_20250114_124330,6640
0,VID_20250114_124330,6650
0,VID_20250114_124330,6660
0,VID_20250114_124330,6670
0,VID_20250114_124330,6680
0,VID_20250114_124330,6690
0,VID_20250114_124330,6700
0,VID_20250114_124330,6710
0,VID_20250114_124330,6720
0,VID_20250114_124330,6730
0,VID_20250114_124330,6740
0,VID_20250114_124330,6750
0,VID_20250114_124330,6760
0,VID_20250114_124330,6770
0,VID_20250114_124330,6780
0,VID_20250114_124330,6790
0,VID_20250114_124330,6800
0,VID_20250114_124330,6810
0,VID_20250114_124330,6820
0,VID_20250114_124330,6830
0,VID_20250114_124330,6840
0,VID_20250114_124330,6850
0,VID_20250114_124330,6860
0,VID_20250114_124330,6870
0,VID_20250114_124330,6880
0,VID_20250114_124330,6890
0,VID_20250114_124330,6900
0,VID_20250114_124330,6910
0,VID_20250114_124330,6920
0,VID_20250114_124330,6930
0,VID_20250114_124330,6940
0,VID_20250114_124330,6950
0,VID_20250114_124330,6960
0,VID_20250114_124330,6970
0,VID_20250114_124330,6980
0,VID_20250114_124330,6990
0,VID_20250114_124330,7000
0,VID_20250114_124330,7010
0,VID_20250114_124330,7020
0,VID_20250114_124330,7030
0,VID_20250114_124330,7040
0,VID_20250114_124330,7050
0,VID_20250114_124330,7060
0,VID_20250114_124330,7070
0,VID_20250114_124330,7080
0,VID_20250114_124330,7090
0,VID_20250114_124330,7100
0,VID_20250114_124330,7110
0,VID_20250114_124330,7120
0,VID_20250114_124330,7130
0,VID_20250114_124330,7140
0,VID_20250114_124330,7150
0,VID_20250114_124330,7160
0,VID_20250114_124330,7170
0,VID_20250114_124330,7180
0,VID_20250114_124330,7190
0,VID_20250114_124330,7200
0,VID_20250114_124330,7210
0,VID_20250114_124330,7220
0,VID_20250114_124330,7230
0,VID_20250114_124330,7240
0,VID_20250114_124330,7250
0,VID_20250114_124330,7260
0,VID_20250114_124330,7270
0,VID_20250114_124330,7280
0,VID_20250114_124330,7290
0,VID_20250114_124330,7300
0,VID_20250114_124330,7310
0,VID_20250114_124330,7320
0,VID_20250114_124330,7330
0,VID_20250114_124330,7340
0,VID_20250114_124330,7350
0,VID_20250114_124330,7360
0,VID_20250114_124330,7370
0,VID_20250114_124330,7380
0,VID_20250114_124330,7390
0,VID_20250114_124330,7400
0,VID_20250114_124330,7410
0,VID_20250114_124330,7420
0,VID_20250114_124330,7430
0,VID_20250114_124330,7440
0,VID_20250114_124330,7450
0,VID_20250114_124330,7460
0,VID_20250114_124330,7470
0,VID_20250114_124330,7480
0,VID_20250114_124330,7490
0,VID_20250114_124330,7500
0,VID_20250114_124330,7510
0,VID_20250114_124330,7520
0,VID_20250114_124330,7530
0,VID_20250114_124330,7540
0,VID_20250114_124330,7550
0,VID_20250114_124330,7560
0,VID_20250114_124330,7570
0,VID_20250114_124330,7580
0,VID_20250114_124330,7590
0,VID_20250114_124330,7600
0,VID_20250114_124330,7610
0,VID_20250114_124330,7620
2,VID_20250114_124330,7720
2,VID_20250114_124330,7730
2,VID_20250114_124330,7740
2,VID_20250114_124330,7750
2,VID_20250114_124330,7760
2,VID_20250114_124330,7770
2,VID_20250114_124330,7780
2,VID_20250114_124330,7790
2,VID_20250114_124330,7800
2,VID_20250114_124330,7810
2,VID_20250114_124330,7820
2,VID_20250114_124330,7830
2,VID_20250114_124330,7840
2,VID_20250114_124330,7850
2,VID_20250114_124330,7860
2,VID_20250114_124330,7870
2,VID_20250114_124330,7880
2,VID_20250114_124330,7890
2,VID_20250114_124330,7900
2,VID_20250114_124330,7910
2,VID_20250114_124330,7920
2,VID_20250114_124330,7930
2,VID_20250114_124330,7940
2,VID_20250114_124330,7950
2,VID_20250114_124330,7960
2,VID_20250114_124330,7970
2,VID_20250114_124330,7980
2,VID_20250114_124330,7990
2,VID_20250114_124330,8000
2,VID_20250114_124330,8010
2,VID_20250114_124330,8020
2,VID_20250114_124330,8030
2,VID_20250114_124330,8040
2,VID_20250114_124330,8050
2,VID_20250114_124330,8060
2,VID_20250114_124330,8070
2,VID_20250114_124330,8080
2,VID_20250114_124330,8090
2,VID_20250114_124330,8100
2,VID_20250114_124330,8110
2,VID_20250114_124330,8120
2,VID_20250114_124330,8130
2,VID_20250114_124330,8140
2,VID_20250114_124330,8150
2,VID_20250114_124330,8160
2,VID_20250114_124330,8170
2,VID_20250114_124330,8180
2,VID_20250114_124330,8190
2,VID_20250114_124330,8200
2,VID_20250114_124330,8210
2,VID_20250114_124330,8220
2,VID_20250114_124330,8230
2,VID_20250114_124330,8240
2,VID_20250114_124330,8250
2,VID_20250114_124330,8260
2,VID_20250114_124330,8270
2,VID_20250114_124330,8280
2,VID_20250114_124330,8290
2,VID_20250114_124330,8300
2,VID_20250114_124330,8310
2,VID_20250114_124330,8320
2,VID_20250114_124330,8330
2,VID_20250114_124330,8340
2,VID_20250114_124330,8350
2,VID_20250114_124330,8360
2,VID_20250114_124330,8370
2,VID_20250114_124330,8380
2,VID_20250114_124330,8390
2,VID_20250114_124330,8400
2,VID_20250114_124330,8410
2,VID_20250114_124330,8420
2,VID_20250114_124330,8430
2,VID_20250114_124330,8440
2,VID_20250114_124330,8450
2,VID_20250114_124330,8460
2,VID_20250114_124330,8470
2,VID_20250114_124330,8480
2,VID_20250114_124330,8490
2,VID_20250114_124330,8500
2,VID_20250114_124330,8510
2,VID_20250114_124330,8520
2,VID_20250114_124330,8530
2,VID_20250114_124330,8540
2,VID_20250114_124330,8550
2,VID_20250114_124330,8560
2,VID_20250114_124330,8570
2,VID_20250114_124330,8580
2,VID_20250114_124330,8590
2,VID_20250114_124330,8600
2,VID_20250114_124330,8610
2,VID_20250114_124330,8620
2,VID_20250114_124330,8630
2,VID_20250114_124330,8640
2,VID_20250114_124330,8650
2,VID_20250114_124330,8660
2,VID_20250114_124330,8670
2,VID_20250114_124330,8680
2,VID_20250114_124330,8690
2,VID_20250114_124330,8700
2,VID_20250114_124330,8710
2,VID_20250114_124330,8720
2,VID_20250114_124330,8730
2,VID_20250114_124330,8740
2,VID_20250114_124330,8750
2,VID_20250114_124330,8760
2,VID_20250114_124330,8770
2,VID_20250114_124330,8780
2,VID_20250114_124330,8790
2,VID_20250114_124330,8800
2,VID_20250114_124330,8810
2,VID_20250114_124330,8820
2,VID_20250114_124330,8830
2,VID_20250114_124330,8840
2,VID_20250114_124330,8850
2,VID_20250114_124330,8860
2,VID_20250114_124330,8870
2,VID_20250114_124330,8880
2,VID_20250114_124330,8890
2,VID_20250114_124330,8900
2,VID_20250114_124330,8910
2,VID_20250114_124330,8920
2,VID_20250114_124330,8930
2,VID_20250114_124330,8940
2,VID_20250114_124330,8950
2,VID_20250114_124330,8960
2,VID_20250114_124330,8970
2,VID_20250114_124330,8980
2,VID_20250114_124330,8990
2,VID_20250114_124330,9000
2,VID_20250114_124330,9010
2,VID_20250114_124330,9020
2,VID_20250114_124330,9030
2,VID_20250114_124330,9040
2,VID_20250114_124330,9050
2,VID_20250114_124330,9060
2,VID_20250114_124330,9070
2,VID_20250114_124330,9080
2,VID_20250114_124330,9090
2,VID_20250114_124330,9100
2,VID_20250114_124330,9110
2,VID_20250114_124330,9120
2,VID_20250114_124330,9130
2,VID_20250114_124330,9140
2,VID_20250114_124330,9150
2,VID_20250114_124330,9160
2,VID_20250114_124330,9170
2,VID_20250114_124330,9180
2,VID_20250114_124330,9190
2,VID_20250114_124330,9200
2,VID_20250114_124330,9210
2,VID_20250114_124330,9220
2,VID_20250114_124330,9230
2,VID_20250114_124330,9240
2,VID_20250114_124330,9250
2,VID_20250114_124330,9260
2,VID_20250114_124330,9270
2,VID_20250114_124330,9280
2,VID_20250114_124330,9290
2,VID_20250114_124330,9300
2,VID_20250114_124330,9310
2,VID_20250114_124330,9320
2,VID_20250114_124330,9330
2,VID_20250114_124330,9340
2,VID_20250114_124330,9350
2,VID_20250114_124330,9360
2,VID_20250114_124330,9370
2,VID_20250114_124330,9380
2,VID_20250114_124330,9390
2,VID_20250114_124330,9400
2,VID_20250114_124330,9410
2,VID_20250114_124330,9420
2,VID_20250114_124330,9430
2,VID_20250114_124330,9440
2,VID_20250114_124330,9450
2,VID_20250114_124330,9460
2,VID_20250114_124330,9470
2,VID_20250114_124330,9480
2,VID_20250114_124330,9490
2,VID_20250114_124330,9500
2,VID_20250114_124330,9510
2,VID_20250114_124330,9520
2,VID_20250114_124330,9530
2,VID_20250114_124330,9540
2,VID_20250114_124330,9550
2,VID_20250114_124330,9560
2,VID_20250114_124330,9570
2,VID_20250114_124330,9580
2,VID_20250114_124330,9590
2,VID_20250114_124330,9600
2,VID_20250114_124330,9610
2,VID_20250114_124330,9620
2,VID_20250114_124330,9630
2,VID_20250114_124330,9640
2,VID_20250114_124330,9650
2,VID_20250114_124330,9660
2,VID_20250114_124330,9670
2,VID_20250114_124330,9680
2,VID_20250114_124330,9690
2,VID_20250114_124330,9700
2,VID_20250114_124330,9710
2,VID_20250114_124330,9720
2,VID_20250114_124330,9730
2,VID_20250114_124330,9740
2,VID_20250114_124330,9750
2,VID_20250114_124330,9760
2,VID_20250114_124330,9770
2,VID_20250114_124330,9780
2,VID_20250114_124330,9790
2,VID_20250114_124330,9800
2,VID_20250114_124330,9810
2,VID_20250114_124330,9820
2,VID_20250114_124330,9830
2,VID_20250114_124330,9840
2,VID_20250114_124330,9850
2,VID_20250114_124330,9860
2,VID_20250114_124330,9870
2,VID_20250114_124330,9880
2,VID_20250114_124330,9890
2,VID_20250114_124330,9900
2,VID_20250114_124330,9910
2,VID_20250114_124330,9920
2,VID_20250114_124330,9930
2,VID_20250114_124330,9940
2,VID_20250114_124330,9950
2,VID_20250114_124330,9960
2,VID_20250114_124330,9970
2,VID_20250114_124330,9980
2,VID_20250114_124330,9990
2,VID_20250114_124330,10000
2,VID_20250114_124330,10010
2,VID_20250114_124330,10020
2,VID_20250114_124330,10030
2,VID_20250114_124330,10040
2,VID_20250114_124330,10050
2,VID_20250114_124330,10060
2,VID_20250114_124330,10070
2,VID_20250114_124330,10080
2,VID_20250114_124330,10090
2,VID_20250114_124330,10100
3,VID_20250114_124330,7640
3,VID_20250114_124330,7650
3,VID_20250114_124330,7660
3,VID_20250114_124330,7670
3,VID_20250114_124330,7680
3,VID_20250114_124330,7690
3,VID_20250114_124330,7700
0,VID_20250114_125256,0
0,VID_20250114_125256,10
0,VID_20250114_125256,20
0,VID_20250114_125256,30
0,VID_20250114_125256,40
0,VID_20250114_125256,50
0,VID_20250114_125256,60
0,VID_20250114_125256,70
0,VID_20250114_125256,80
0,VID_20250114_125256,90
0,VID_20250114_125256,100
0,VID_20250114_125256,110
0,VID_20250114_125256,120
0,VID_20250114_125256,130
0,VID_20250114_125256,140
0,VID_20250114_125256,150
0,VID_20250114_125256,160
0,VID_20250114_125256,170
0,VID_20250114_125256,180
0,VID_20250114_125256,190
0,VID_20250114_125256,200
0,VID_20250114_125256,210
0,VID_20250114_125256,220
0,VID_20250114_125256,230
0,VID_20250114_125256,240
0,VID_20250114_125256,250
0,VID_20250114_125256,260
0,VID_20250114_125256,270
0,VID_20250114_125256,280
0,VID_20250114_125256,290
0,VID_20250114_125256,300
0,VID_20250114_125256,310
0,VID_20250114_125256,320
0,VID_20250114_125256,330
0,VID_20250114_125256,340
0,VID_20250114_125256,350
0,VID_20250114_125256,360
0,VID_20250114_125256,370
0,VID_20250114_125256,380
0,VID_20250114_125256,390
0,VID_20250114_125256,400
0,VID_20250114_125256,410
0,VID_20250114_125256,420
0,VID_20250114_125256,430
0,VID_20250114_125256,440
0,VID_20250114_125256,450
0,VID_20250114_125256,460
0,VID_20250114_125256,470
0,VID_20250114_125256,480
0,VID_20250114_125256,490
0,VID_20250114_125256,500
0,VID_20250114_125256,510
0,VID_20250114_125256,520
0,VID_20250114_125256,530
0,VID_20250114_125256,540
0,VID_20250114_125256,550
0,VID_20250114_125256,560
0,VID_20250114_125256,570
0,VID_20250114_125256,580
0,VID_20250114_125256,590
0,VID_20250114_125256,600
0,VID_20250114_125256,610
0,VID_20250114_125256,620
0,VID_20250114_125256,630
0,VID_20250114_125256,640
0,VID_20250114_125256,650
0,VID_20250114_125256,660
0,VID_20250114_125256,670
0,VID_20250114_125256,680
0,VID_20250114_125256,690
0,VID_20250114_125256,700
0,VID_20250114_125256,710
0,VID_20250114_125256,720
0,VID_20250114_125256,730
0,VID_20250114_125256,740
0,VID_20250114_125256,750
0,VID_20250114_125256,760
0,VID_20250114_125256,770
0,VID_20250114_125256,780
0,VID_20250114_125256,790
0,VID_20250114_125256,800
0,VID_20250114_125256,810
0,VID_20250114_125256,820
0,VID_20250114_125256,830
0,VID_20250114_125256,840
0,VID_20250114_125256,850
0,VID_20250114_125256,860
0,VID_20250114_125256,870
0,VID_20250114_125256,880
0,VID_20250114_125256,890
0,VID_20250114_125256,900
0,VID_20250114_125256,910
0,VID_20250114_125256,920
0,VID_20250114_125256,930
0,VID_20250114_125256,940
0,VID_20250114_125256,950
0,VID_20250114_125256,960
0,VID_20250114_125256,970
0,VID_20250114_125256,980
0,VID_20250114_125256,990
0,VID_20250114_125256,1000
0,VID_20250114_125256,1010
0,VID_20250114_125256,1020
0,VID_20250114_125256,1030
0,VID_20250114_125256,1040
0,VID_20250114_125256,1050
0,VID_20250114_125256,1060
0,VID_20250114_125256,1070
0,VID_20250114_125256,1080
0,VID_20250114_125256,1090
0,VID_20250114_125256,1100
0,VID_20250114_125256,1110
0,VID_20250114_125256,1120
0,VID_20250114_125256,1130
0,VID_20250114_125256,1140
0,VID_20250114_125256,1150
0,VID_20250114_125256,1160
0,VID_20250114_125256,1170
0,VID_20250114_125256,1180
0,VID_20250114_125256,1190
0,VID_20250114_125256,1200
0,VID_20250114_125256,1210
0,VID_20250114_125256,1220
0,VID_20250114_125256,1230
0,VID_20250114_125256,1240
0,VID_20250114_125256,1250
0,VID_20250114_125256,1260
0,VID_20250114_125256,1270
0,VID_20250114_125256,1280
0,VID_20250114_125256,1290
0,VID_20250114_125256,1300
0,VID_20250114_125256,1310
0,VID_20250114_125256,1320
0,VID_20250114_125256,1330
0,VID_20250114_125256,1340
0,VID_20250114_125256,1350
0,VID_20250114_125256,1360
0,VID_20250114_125256,1370
0,VID_20250114_125256,1380
0,VID_20250114_125256,1390
0,VID_20250114_125256,1400
0,VID_20250114_125256,1410
0,VID_20250114_125256,1420
0,VID_20250114_125256,1430
0,VID_20250114_125256,1440
0,VID_20250114_125256,1450
0,VID_20250114_125256,1460
0,VID_20250114_125256,1470
0,VID_20250114_125256,1480
0,VID_20250114_125256,1490
0,VID_20250114_125256,1500
0,VID_20250114_125256,1510
0,VID_20250114_125256,1520
0,VID_20250114_125256,1530
0,VID_20250114_125256,1540
0,VID_20250114_125256,1550
0,VID_20250114_125256,1560
0,VID_20250114_125256,1570
0,VID_20250114_125256,1580
0,VID_20250114_125256,1590
0,VID_20250114_125256,1600
0,VID_20250114_125256,1610
0,VID_20250114_125256,1620
0,VID_20250114_125256,1630
0,VID_20250114_125256,1640
0,VID_20250114_125256,1650
0,VID_20250114_125256,1660
0,VID_20250114_125256,1670
0,VID_20250114_125256,1680
0,VID_20250114_125256,1690
0,VID_20250114_125256,1700
0,VID_20250114_125256,1710
0,VID_20250114_125256,1720
0,VID_20250114_125256,1730
0,VID_20250114_125256,1740
0,VID_20250114_125256,1750
0,VID_20250114_125256,1760
0,VID_20250114_125256,1770
0,VID_20250114_125256,1780
0,VID_20250114_125256,1790
0,VID_20250114_125256,1800
0,VID_20250114_125256,1810
0,VID_20250114_125256,1820
0,VID_20250114_125256,1830
0,VID_20250114_125256,1840
0,VID_20250114_125256,1850
0,VID_20250114_125256,1860
0,VID_20250114_125256,1870
0,VID_20250114_125256,1880
0,VID_20250114_125256,1890
0,VID_20250114_125256,1900
0,VID_20250114_125256,1910
0,VID_20250114_125256,1920
0,VID_20250114_125256,1930
0,VID_20250114_125256,1940
0,VID_20250114_125256,1950
0,VID_20250114_125256,1960
0,VID_20250114_125256,1970
0,VID_20250114_125256,1980
0,VID_20250114_125256,1990
0,VID_20250114_125256,2000
0,VID_20250114_125256,2010
0,VID_20250114_125256,2020
0,VID_20250114_125256,2030
0,VID_20250114_125256,2040
0,VID_20250114_125256,2050
0,VID_20250114_125256,2060
0,VID_20250114_125256,2070
0,VID_20250114_125256,2080
0,VID_20250114_125256,2090
0,VID_20250114_125256,2100
0,VID_20250114_125256,2110
0,VID_20250114_125256,2120
0,VID_20250114_125256,2130
0,VID_20250114_125256,2140
0,VID_20250114_125256,2150
0,VID_20250114_125256,2160
0,VID_20250114_125256,2170
0,VID_20250114_125256,2180
0,VID_20250114_125256,2190
0,VID_20250114_125256,2200
0,VID_20250114_125256,2210
0,VID_20250114_125256,2220
0,VID_20250114_125256,2230
0,VID_20250114_125256,2240
0,VID_20250114_125256,2250
0,VID_20250114_125256,2260
0,VID_20250114_125256,2270
0,VID_20250114_125256,2280
0,VID_20250114_125256,2290
0,VID_20250114_125256,2300
0,VID_20250114_125256,2310
0,VID_20250114_125256,2320
0,VID_20250114_125256,2330
0,VID_20250114_125256,2340
0,VID_20250114_125256,2350
0,VID_20250114_125256,2360
0,VID_20250114_125256,2370
0,VID_20250114_125256,2380
0,VID_20250114_125256,2390
0,VID_20250114_125256,2400
0,VID_20250114_125256,2410
0,VID_20250114_125256,2420
0,VID_20250114_125256,2430
0,VID_20250114_125256,2440
0,VID_20250114_125256,2450
0,VID_20250114_125256,2460
0,VID_20250114_125256,2470
0,VID_20250114_125256,2480
0,VID_20250114_125256,2490
0,VID_20250114_125256,2500
0,VID_20250114_125256,2510
0,VID_20250114_125256,2520
0,VID_20250114_125256,2530
0,VID_20250114_125256,2540
0,VID_20250114_125256,2550
0,VID_20250114_125256,2560
0,VID_20250114_125256,2570
0,VID_20250114_125256,2580
0,VID_20250114_125256,2590
0,VID_20250114_125256,2600
0,VID_20250114_125256,2610
0,VID_20250114_125256,2620
0,VID_20250114_125256,2630
0,VID_20250114_125256,2640
0,VID_20250114_125256,2650
0,VID_20250114_125256,2660
0,VID_20250114_125256,2670
0,VID_20250114_125256,2680
0,VID_20250114_125256,2690
0,VID_20250114_125256,2700
0,VID_20250114_125256,2710
0,VID_20250114_125256,2720
0,VID_20250114_125256,2730
0,VID_20250114_125256,2740
0,VID_20250114_125256,2750
0,VID_20250114_125256,2760
0,VID_20250114_125256,2770
0,VID_20250114_125256,2780
0,VID_20250114_125256,2790
0,VID_20250114_125256,2800
0,VID_20250114_125256,2810
0,VID_20250114_125256,2820
0,VID_20250114_125256,2830
0,VID_20250114_125256,2840
0,VID_20250114_125256,2850
0,VID_20250114_125256,2860
0,VID_20250114_125256,2870
0,VID_20250114_125256,2880
0,VID_20250114_125256,2890
0,VID_20250114_125256,2900
0,VID_20250114_125256,2910
0,VID_20250114_125256,2920
0,VID_20250114_125256,2930
0,VID_20250114_125256,2940
0,VID_20250114_125256,2950
0,VID_20250114_125256,2960
0,VID_20250114_125256,2970
0,VID_20250114_125256,2980
0,VID_20250114_125256,2990
0,VID_20250114_125256,3000
0,VID_20250114_125256,3010
0,VID_20250114_125256,3020
0,VID_20250114_125256,3030
0,VID_20250114_125256,3040
0,VID_20250114_125256,3050
0,VID_20250114_125256,3060
0,VID_20250114_125256,3070
0,VID_20250114_125256,3080
0,VID_20250114_125256,3090
0,VID_20250114_125256,3100
0,VID_20250114_125256,3110
0,VID_20250114_125256,3120
0,VID_20250114_125256,3130
0,VID_20250114_125256,3140
0,VID_20250114_125256,3150
0,VID_20250114_125256,3160
0,VID_20250114_125256,3170
0,VID_20250114_125256,3180
0,VID_20250114_125256,3190
0,VID_20250114_125256,3200
0,VID_20250114_125256,3210
0,VID_20250114_125256,3220
0,VID_20250114_125256,3230
0,VID_20250114_125256,3240
0,VID_20250114_125256,3250
0,VID_20250114_125256,3260
0,VID_20250114_125256,3270
0,VID_20250114_125256,3280
0,VID_20250114_125256,3290
0,VID_20250114_125256,3300
0,VID_20250114_125256,3310
0,VID_20250114_125256,3320
0,VID_20250114_125256,3330
0,VID_20250114_125256,3340
0,VID_20250114_125256,3350
0,VID_20250114_125256,3360
0,VID_20250114_125256,3370
0,VID_20250114_125256,3380
0,VID_20250114_125256,3390
0,VID_20250114_125256,3400
0,VID_20250114_125256,3410
0,VID_20250114_125256,3420
0,VID_20250114_125256,3430
0,VID_20250114_125256,3440
0,VID_20250114_125256,3450
0,VID_20250114_125256,3460
0,VID_20250114_125256,3470
0,VID_20250114_125256,3480
0,VID_20250114_125256,3490
0,VID_20250114_125256,3500
0,VID_20250114_125256,3510
0,VID_20250114_125256,3520
0,VID_20250114_125256,3530
0,VID_20250114_125256,3540
0,VID_20250114_125256,3550
0,VID_20250114_125256,3560
0,VID_20250114_125256,3570
0,VID_20250114_125256,3580
0,VID_20250114_125256,3590
0,VID_20250114_125256,3600
0,VID_20250114_125256,3610
0,VID_20250114_125256,3620
0,VID_20250114_125256,3630
0,VID_20250114_125256,3640
0,VID_20250114_125256,3650
0,VID_20250114_125256,3660
0,VID_20250114_125256,3670
0,VID_20250114_125256,3680
0,VID_20250114_125256,3690
0,VID_20250114_125256,3700
0,VID_20250114_125256,3710
0,VID_20250114_125256,3720
0,VID_20250114_125256,3730
0,VID_20250114_125256,3740
0,VID_20250114_125256,3750
0,VID_20250114_125256,3760
0,VID_20250114_125256,3770
0,VID_20250114_125256,3780
0,VID_20250114_125256,3790
0,VID_20250114_125256,3800
0,VID_20250114_125256,3810
0,VID_20250114_125256,3820
0,VID_20250114_125256,3830
0,VID_20250114_125256,3840
0,VID_20250114_125256,3850
0,VID_20250114_125256,3860
0,VID_20250114_125256,3870
0,VID_20250114_125256,3880
0,VID_20250114_125256,3890
0,VID_20250114_125256,3900
0,VID_20250114_125256,3910
0,VID_20250114_125256,3920
0,VID_20250114_125256,3930
0,VID_20250114_125256,3940
0,VID_20250114_125256,3950
0,VID_20250114_125256,3960
0,VID_20250114_125256,3970
0,VID_20250114_125256,3980
0,VID_20250114_125256,3990
0,VID_20250114_125256,4000
0,VID_20250114_125256,4010
0,VID_20250114_125256,4020
0,VID_20250114_125256,4030
0,VID_20250114_125256,4040
0,VID_20250114_125256,4050
0,VID_20250114_125256,4060
0,VID_20250114_125256,4070
0,VID_20250114_125256,4080
0,VID_20250114_125256,4090
0,VID_20250114_125256,4100
0,VID_20250114_125256,4110
0,VID_20250114_125256,4120
0,VID_20250114_125256,4130
0,VID_20250114_125256,4140
0,VID_20250114_125256,4150
0,VID_20250114_125256,4160
0,VID_20250114_125256,4170
0,VID_20250114_125256,4180
0,VID_20250114_125256,4190
0,VID_20250114_125256,4200
0,VID_20250114_125256,4210
0,VID_20250114_125256,4220
0,VID_20250114_125256,4230
0,VID_20250114_125256,4240
0,VID_20250114_125256,4250
0,VID_20250114_125256,4260
0,VID_20250114_125256,4270
0,VID_20250114_125256,4280
0,VID_20250114_125256,4290
0,VID_20250114_125256,4300
0,VID_20250114_125256,4310
0,VID_20250114_125256,4320
0,VID_20250114_125256,4330
0,VID_20250114_125256,4340
0,VID_20250114_125256,4350
0,VID_20250114_125256,4360
0,VID_20250114_125256,4370
0,VID_20250114_125256,4380
0,VID_20250114_125256,4390
0,VID_20250114_125256,4400
0,VID_20250114_125256,4410
0,VID_20250114_125256,4420
0,VID_20250114_125256,4430
2,VID_20250114_125256,4550
2,VID_20250114_125256,4560
2,VID_20250114_125256,4570
2,VID_20250114_125256,4580
2,VID_20250114_125256,4590
2,VID_20250114_125256,4600
2,VID_20250114_125256,4610
2,VID_20250114_125256,4620
2,VID_20250114_125256,4630
2,VID_20250114_125256,4640
2,VID_20250114_125256,4650
2,VID_20250114_125256,4660
2,VID_20250114_125256,4670
2,VID_20250114_125256,4680
2,VID_20250114_125256,4690
2,VID_20250114_125256,4700
2,VID_20250114_125256,4710
2,VID_20250114_125256,4720
2,VID_20250114_125256,4730
2,VID_20250114_125256,4740
2,VID_20250114_125256,4750
2,VID_20250114_125256,4760
2,VID_20250114_125256,4770
2,VID_20250114_125256,4780
2,VID_20250114_125256,4790
2,VID_20250114_125256,4800
2,VID_20250114_125256,4810
2,VID_20250114_125256,4820
2,VID_20250114_125256,4830
2,VID_20250114_125256,4840
2,VID_20250114_125256,4850
2,VID_20250114_125256,4860
2,VID_20250114_125256,4870
2,VID_20250114_125256,4880
2,VID_20250114_125256,4890
2,VID_20250114_125256,4900
2,VID_20250114_125256,4910
2,VID_20250114_125256,4920
2,VID_20250114_125256,4930
2,VID_20250114_125256,4940
2,VID_20250114_125256,4950
2,VID_20250114_125256,4960
2,VID_20250114_125256,4970
2,VID_20250114_125256,4980
2,VID_20250114_125256,4990
2,VID_20250114_125256,5000
2,VID_20250114_125256,5010
2,VID_20250114_125256,5020
2,VID_20250114_125256,5030
2,VID_20250114_125256,5040
2,VID_20250114_125256,5050
2,VID_20250114_125256,5060
2,VID_20250114_125256,5070
2,VID_20250114_125256,5080
2,VID_20250114_125256,5090
2,VID_20250114_125256,5100
2,VID_20250114_125256,5110
2,VID_20250114_125256,5120
2,VID_20250114_125256,5130
2,VID_20250114_125256,5140
2,VID_20250114_125256,5150
2,VID_20250114_125256,5160
2,VID_20250114_125256,5170
2,VID_20250114_125256,5180
2,VID_20250114_125256,5190
2,VID_20250114_125256,5200
2,VID_20250114_125256,5210
2,VID_20250114_125256,5220
2,VID_20250114_125256,5230
2,VID_20250114_125256,5240
2,VID_20250114_125256,5250
2,VID_20250114_125256,5260
2,VID_20250114_125256,5270
2,VID_20250114_125256,5280
2,VID_20250114_125256,5290
2,VID_20250114_125256,5300
2,VID_20250114_125256,5310
2,VID_20250114_125256,5320
2,VID_20250114_125256,5330
2,VID_20250114_125256,5340
2,VID_20250114_125256,5350
2,VID_20250114_125256,5360
2,VID_20250114_125256,5370
2,VID_20250114_125256,5380
2,VID_20250114_125256,5390
2,VID_20250114_125256,5400
2,VID_20250114_125256,5410
2,VID_20250114_125256,5420
2,VID_20250114_125256,5430
2,VID_20250114_125256,5440
2,VID_20250114_125256,5450
2,VID_20250114_125256,5460
2,VID_20250114_125256,5470
2,VID_20250114_125256,5480
2,VID_20250114_125256,5490
2,VID_20250114_125256,5500
2,VID_20250114_125256,5510
2,VID_20250114_125256,5520
2,VID_20250114_125256,5530
2,VID_20250114_125256,5540
2,VID_20250114_125256,5550
2,VID_20250114_125256,5560
2,VID_20250114_125256,5570
2,VID_20250114_125256,5580
2,VID_20250114_125256,5590
2,VID_20250114_125256,5600
2,VID_20250114_125256,5610
2,VID_20250114_125256,5620
2,VID_20250114_125256,5630
2,VID_20250114_125256,5640
2,VID_20250114_125256,5650
2,VID_20250114_125256,5660
2,VID_20250114_125256,5670
2,VID_20250114_125256,5680
2,VID_20250114_125256,5690
2,VID_20250114_125256,5700
2,VID_20250114_125256,5710
2,VID_20250114_125256,5720
2,VID_20250114_125256,5730
2,VID_20250114_125256,5740
2,VID_20250114_125256,5750
2,VID_20250114_125256,5760
2,VID_20250114_125256,5770
2,VID_20250114_125256,5780
2,VID_20250114_125256,5790
2,VID_20250114_125256,5800
2,VID_20250114_125256,5810
3,VID_20250114_125256,4460
3,VID_20250114_125256,4470
3,VID_20250114_125256,4480
3,VID_20250114_125256,4490
3,VID_20250114_125256,4500
3,VID_20250114_125256,4510
3,VID_20250114_125256,4520
0,VID_20250114_125259,0
0,VID_20250114_125259,10
0,VID_20250114_125259,20
0,VID_20250114_125259,30
0,VID_20250114_125259,40
0,VID_20250114_125259,50
0,VID_20250114_125259,60
0,VID_20250114_125259,70
0,VID_20250114_125259,80
0,VID_20250114_125259,90
0,VID_20250114_125259,100
0,VID_20250114_125259,110
0,VID_20250114_125259,120
0,VID_20250114_125259,130
0,VID_20250114_125259,140
0,VID_20250114_125259,150
0,VID_20250114_125259,160
0,VID_20250114_125259,170
0,VID_20250114_125259,180
0,VID_20250114_125259,190
0,VID_20250114_125259,200
0,VID_20250114_125259,210
0,VID_20250114_125259,220
0,VID_20250114_125259,230
0,VID_20250114_125259,240
0,VID_20250114_125259,250
0,VID_20250114_125259,260
0,VID_20250114_125259,270
0,VID_20250114_125259,280
0,VID_20250114_125259,290
0,VID_20250114_125259,300
0,VID_20250114_125259,310
0,VID_20250114_125259,320
0,VID_20250114_125259,330
0,VID_20250114_125259,340
0,VID_20250114_125259,350
0,VID_20250114_125259,360
0,VID_20250114_125259,370
0,VID_20250114_125259,380
0,VID_20250114_125259,390
0,VID_20250114_125259,400
0,VID_20250114_125259,410
0,VID_20250114_125259,420
0,VID_20250114_125259,430
0,VID_20250114_125259,440
0,VID_20250114_125259,450
0,VID_20250114_125259,460
0,VID_20250114_125259,470
0,VID_20250114_125259,480
0,VID_20250114_125259,490
0,VID_20250114_125259,500
0,VID_20250114_125259,510
0,VID_20250114_125259,520
0,VID_20250114_125259,530
0,VID_20250114_125259,540
0,VID_20250114_125259,550
0,VID_20250114_125259,560
0,VID_20250114_125259,570
0,VID_20250114_125259,580
0,VID_20250114_125259,590
0,VID_20250114_125259,600
0,VID_20250114_125259,610
0,VID_20250114_125259,620
0,VID_20250114_125259,630
0,VID_20250114_125259,640
0,VID_20250114_125259,650
0,VID_20250114_125259,660
0,VID_20250114_125259,670
0,VID_20250114_125259,680
0,VID_20250114_125259,690
0,VID_20250114_125259,700
0,VID_20250114_125259,710
0,VID_20250114_125259,720
0,VID_20250114_125259,730
0,VID_20250114_125259,740
0,VID_20250114_125259,750
0,VID_20250114_125259,760
0,VID_20250114_125259,770
0,VID_20250114_125259,780
0,VID_20250114_125259,790
0,VID_20250114_125259,800
0,VID_20250114_125259,810
0,VID_20250114_125259,820
0,VID_20250114_125259,830
0,VID_20250114_125259,840
0,VID_20250114_125259,850
0,VID_20250114_125259,860
0,VID_20250114_125259,870
0,VID_20250114_125259,880
0,VID_20250114_125259,890
0,VID_20250114_125259,900
0,VID_20250114_125259,910
0,VID_20250114_125259,920
0,VID_20250114_125259,930
0,VID_20250114_125259,940
0,VID_20250114_125259,950
0,VID_20250114_125259,960
0,VID_20250114_125259,970
0,VID_20250114_125259,980
0,VID_20250114_125259,990
0,VID_20250114_125259,1000
0,VID_20250114_125259,1010
0,VID_20250114_125259,1020
0,VID_20250114_125259,1030
0,VID_20250114_125259,1040
0,VID_20250114_125259,1050
0,VID_20250114_125259,1060
0,VID_20250114_125259,1070
0,VID_20250114_125259,1080
0,VID_20250114_125259,1090
0,VID_20250114_125259,1100
0,VID_20250114_125259,1110
0,VID_20250114_125259,1120
0,VID_20250114_125259,1130
0,VID_20250114_125259,1140
0,VID_20250114_125259,1150
0,VID_20250114_125259,1160
0,VID_20250114_125259,1170
0,VID_20250114_125259,1180
0,VID_20250114_125259,1190
0,VID_20250114_125259,1200
0,VID_20250114_125259,1210
0,VID_20250114_125259,1220
0,VID_20250114_125259,1230
0,VID_20250114_125259,1240
0,VID_20250114_125259,1250
0,VID_20250114_125259,1260
0,VID_20250114_125259,1270
0,VID_20250114_125259,1280
0,VID_20250114_125259,1290
0,VID_20250114_125259,1300
0,VID_20250114_125259,1310
0,VID_20250114_125259,1320
0,VID_20250114_125259,1330
0,VID_20250114_125259,1340
0,VID_20250114_125259,1350
0,VID_20250114_125259,1360
0,VID_20250114_125259,1370
0,VID_20250114_125259,1380
0,VID_20250114_125259,1390
0,VID_20250114_125259,1400
0,VID_20250114_125259,1410
0,VID_20250114_125259,1420
0,VID_20250114_125259,1430
0,VID_20250114_125259,1440
0,VID_20250114_125259,1450
0,VID_20250114_125259,1460
0,VID_20250114_125259,1470
0,VID_20250114_125259,1480
0,VID_20250114_125259,1490
0,VID_20250114_125259,1500
0,VID_20250114_125259,1510
0,VID_20250114_125259,1520
0,VID_20250114_125259,1530
0,VID_20250114_125259,1540
0,VID_20250114_125259,1550
0,VID_20250114_125259,1560
0,VID_20250114_125259,1570
0,VID_20250114_125259,1580
0,VID_20250114_125259,1590
0,VID_20250114_125259,1600
0,VID_20250114_125259,1610
0,VID_20250114_125259,1620
0,VID_20250114_125259,1630
0,VID_20250114_125259,1640
0,VID_20250114_125259,1650
0,VID_20250114_125259,1660
0,VID_20250114_125259,1670
0,VID_20250114_125259,1680
0,VID_20250114_125259,1690
0,VID_20250114_125259,1700
0,VID_20250114_125259,1710
0,VID_20250114_125259,1720
0,VID_20250114_125259,1730
0,VID_20250114_125259,1740
0,VID_20250114_125259,1750
0,VID_20250114_125259,1760
0,VID_20250114_125259,1770
0,VID_20250114_125259,1780
0,VID_20250114_125259,1790
0,VID_20250114_125259,1800
0,VID_20250114_125259,1810
0,VID_20250114_125259,1820
0,VID_20250114_125259,1830
0,VID_20250114_125259,1840
0,VID_20250114_125259,1850
0,VID_20250114_125259,1860
0,VID_20250114_125259,1870
0,VID_20250114_125259,1880
0,VID_20250114_125259,1890
0,VID_20250114_125259,1900
0,VID_20250114_125259,1910
0,VID_20250114_125259,1920
0,VID_20250114_125259,1930
0,VID_20250114_125259,1940
0,VID_20250114_125259,1950
0,VID_20250114_125259,1960
0,VID_20250114_125259,1970
0,VID_20250114_125259,1980
0,VID_20250114_125259,1990
0,VID_20250114_125259,2000
0,VID_20250114_125259,2010
0,VID_20250114_125259,2020
0,VID_20250114_125259,2030
0,VID_20250114_125259,2040
0,VID_20250114_125259,2050
0,VID_20250114_125259,2060
0,VID_20250114_125259,2070
0,VID_20250114_125259,2080
0,VID_20250114_125259,2090
0,VID_20250114_125259,2100
0,VID_20250114_125259,2110
0,VID_20250114_125259,2120
0,VID_20250114_125259,2130
0,VID_20250114_125259,2140
0,VID_20250114_125259,2150
0,VID_20250114_125259,2160
0,VID_20250114_125259,2170
0,VID_20250114_125259,2180
0,VID_20250114_125259,2190
0,VID_20250114_125259,2200
0,VID_20250114_125259,2210
0,VID_20250114_125259,2220
0,VID_20250114_125259,2230
0,VID_20250114_125259,2240
0,VID_20250114_125259,2250
0,VID_20250114_125259,2260
0,VID_20250114_125259,2270
0,VID_20250114_125259,2280
0,VID_20250114_125259,2290
0,VID_20250114_125259,2300
0,VID_20250114_125259,2310
0,VID_20250114_125259,2320
0,VID_20250114_125259,2330
0,VID_20250114_125259,2340
0,VID_20250114_125259,2350
0,VID_20250114_125259,2360
0,VID_20250114_125259,2370
0,VID_20250114_125259,2380
0,VID_20250114_125259,2390
0,VID_20250114_125259,2400
0,VID_20250114_125259,2410
0,VID_20250114_125259,2420
0,VID_20250114_125259,2430
0,VID_20250114_125259,2440
0,VID_20250114_125259,2450
0,VID_20250114_125259,2460
0,VID_20250114_125259,2470
0,VID_20250114_125259,2480
0,VID_20250114_125259,2490
0,VID_20250114_125259,2500
0,VID_20250114_125259,2510
0,VID_20250114_125259,2520
0,VID_20250114_125259,2530
0,VID_20250114_125259,2540
0,VID_20250114_125259,2550
0,VID_20250114_125259,2560
0,VID_20250114_125259,2570
0,VID_20250114_125259,2580
0,VID_20250114_125259,2590
0,VID_20250114_125259,2600
0,VID_20250114_125259,2610
0,VID_20250114_125259,2620
0,VID_20250114_125259,2630
0,VID_20250114_125259,2640
0,VID_20250114_125259,2650
0,VID_20250114_125259,2660
0,VID_20250114_125259,2670
0,VID_20250114_125259,2680
0,VID_20250114_125259,2690
0,VID_20250114_125259,2700
0,VID_20250114_125259,2710
0,VID_20250114_125259,2720
0,VID_20250114_125259,2730
0,VID_20250114_125259,2740
0,VID_20250114_125259,2750
0,VID_20250114_125259,2760
0,VID_20250114_125259,2770
0,VID_20250114_125259,2780
0,VID_20250114_125259,2790
0,VID_20250114_125259,2800
0,VID_20250114_125259,2810
0,VID_20250114_125259,2820
0,VID_20250114_125259,2830
0,VID_20250114_125259,2840
0,VID_20250114_125259,2850
0,VID_20250114_125259,2860
0,VID_20250114_125259,2870
0,VID_20250114_125259,2880
0,VID_20250114_125259,2890
0,VID_20250114_125259,2900
0,VID_20250114_125259,2910
0,VID_20250114_125259,2920
0,VID_20250114_125259,2930
0,VID_20250114_125259,2940
0,VID_20250114_125259,2950
0,VID_20250114_125259,2960
0,VID_20250114_125259,2970
0,VID_20250114_125259,2980
0,VID_20250114_125259,2990
0,VID_20250114_125259,3000
0,VID_20250114_125259,3010
0,VID_20250114_125259,3020
0,VID_20250114_125259,3030
0,VID_20250114_125259,3040
0,VID_20250114_125259,3050
0,VID_20250114_125259,3060
0,VID_20250114_125259,3070
0,VID_20250114_125259,3080
0,VID_20250114_125259,3090
0,VID_20250114_125259,3100
0,VID_20250114_125259,3110
0,VID_20250114_125259,3120
0,VID_20250114_125259,3130
0,VID_20250114_125259,3140
0,VID_20250114_125259,3150
0,VID_20250114_125259,3160
0,VID_20250114_125259,3170
0,VID_20250114_125259,3180
0,VID_20250114_125259,3190
0,VID_20250114_125259,3200
0,VID_20250114_125259,3210
0,VID_20250114_125259,3220
0,VID_20250114_125259,3230
0,VID_20250114_125259,3240
0,VID_20250114_125259,3250
0,VID_20250114_125259,3260
0,VID_20250114_125259,3270
0,VID_20250114_125259,3280
0,VID_20250114_125259,3290
0,VID_20250114_125259,3300
0,VID_20250114_125259,3310
0,VID_20250114_125259,3320
0,VID_20250114_125259,3330
0,VID_20250114_125259,3340
0,VID_20250114_125259,3350
0,VID_20250114_125259,3360
0,VID_20250114_125259,3370
0,VID_20250114_125259,3380
0,VID_20250114_125259,3390
0,VID_20250114_125259,3400
0,VID_20250114_125259,3410
0,VID_20250114_125259,3420
0,VID_20250114_125259,3430
0,VID_20250114_125259,3440
0,VID_20250114_125259,3450
0,VID_20250114_125259,3460
0,VID_20250114_125259,3470
0,VID_20250114_125259,3480
0,VID_20250114_125259,3490
0,VID_20250114_125259,3500
0,VID_20250114_125259,3510
0,VID_20250114_125259,3520
0,VID_20250114_125259,3530
0,VID_20250114_125259,3540
0,VID_20250114_125259,3550
0,VID_20250114_125259,3560
0,VID_20250114_125259,3570
0,VID_20250114_125259,3580
0,VID_20250114_125259,3590
0,VID_20250114_125259,3600
0,VID_20250114_125259,3610
0,VID_20250114_125259,3620
0,VID_20250114_125259,3630
0,VID_20250114_125259,3640
0,VID_20250114_125259,3650
0,VID_20250114_125259,3660
0,VID_20250114_125259,3670
0,VID_20250114_125259,3680
0,VID_20250114_125259,3690
0,VID_20250114_125259,3700
0,VID_20250114_125259,3710
0,VID_20250114_125259,3720
0,VID_20250114_125259,3730
0,VID_20250114_125259,3740
0,VID_20250114_125259,3750
0,VID_20250114_125259,3760
0,VID_20250114_125259,3770
0,VID_20250114_125259,3780
0,VID_20250114_125259,3790
0,VID_20250114_125259,3800
0,VID_20250114_125259,3810
0,VID_20250114_125259,3820
0,VID_20250114_125259,3830
0,VID_20250114_125259,3840
0,VID_20250114_125259,3850
0,VID_20250114_125259,3860
0,VID_20250114_125259,3870
0,VID_20250114_125259,3880
0,VID_20250114_125259,3890
0,VID_20250114_125259,3900
0,VID_20250114_125259,3910
0,VID_20250114_125259,3920
0,VID_20250114_125259,3930
0,VID_20250114_125259,3940
0,VID_20250114_125259,3950
0,VID_20250114_125259,3960
0,VID_20250114_125259,3970
0,VID_20250114_125259,3980
0,VID_20250114_125259,3990
0,VID_20250114_125259,4000
0,VID_20250114_125259,4010
0,VID_20250114_125259,4020
0,VID_20250114_125259,4030
0,VID_20250114_125259,4040
0,VID_20250114_125259,4050
0,VID_20250114_125259,4060
0,VID_20250114_125259,4070
0,VID_20250114_125259,4080
0,VID_20250114_125259,4090
0,VID_20250114_125259,4100
0,VID_20250114_125259,4110
0,VID_20250114_125259,4120
0,VID_20250114_125259,4130
0,VID_20250114_125259,4140
0,VID_20250114_125259,4150
0,VID_20250114_125259,4160
0,VID_20250114_125259,4170
0,VID_20250114_125259,4180
0,VID_20250114_125259,4190
0,VID_20250114_125259,4200
0,VID_20250114_125259,4210
0,VID_20250114_125259,4220
0,VID_20250114_125259,4230
0,VID_20250114_125259,4240
0,VID_20250114_125259,4250
0,VID_20250114_125259,4260
0,VID_20250114_125259,4270
0,VID_20250114_125259,4280
0,VID_20250114_125259,4290
0,VID_20250114_125259,4300
0,VID_20250114_125259,4310
0,VID_20250114_125259,4320
0,VID_20250114_125259,4330
0,VID_20250114_125259,4340
0,VID_20250114_125259,4350
0,VID_20250114_125259,4360
0,VID_20250114_125259,4370
0,VID_20250114_125259,4380
0,VID_20250114_125259,4390
0,VID_20250114_125259,4400
2,VID_20250114_125259,4490
2,VID_20250114_125259,4500
2,VID_20250114_125259,4510
2,VID_20250114_125259,4520
2,VID_20250114_125259,4530
2,VID_20250114_125259,4540
2,VID_20250114_125259,4550
2,VID_20250114_125259,4560
2,VID_20250114_125259,4570
2,VID_20250114_125259,4580
2,VID_20250114_125259,4590
2,VID_20250114_125259,4600
2,VID_20250114_125259,4610
2,VID_20250114_125259,4620
2,VID_20250114_125259,4630
2,VID_20250114_125259,4640
2,VID_20250114_125259,4650
2,VID_20250114_125259,4660
2,VID_20250114_125259,4670
2,VID_20250114_125259,4680
2,VID_20250114_125259,4690
2,VID_20250114_125259,4700
2,VID_20250114_125259,4710
2,VID_20250114_125259,4720
2,VID_20250114_125259,4730
2,VID_20250114_125259,4740
2,VID_20250114_125259,4750
2,VID_20250114_125259,4760
2,VID_20250114_125259,4770
2,VID_20250114_125259,4780
2,VID_20250114_125259,4790
2,VID_20250114_125259,4800
2,VID_20250114_125259,4810
2,VID_20250114_125259,4820
2,VID_20250114_125259,4830
2,VID_20250114_125259,4840
2,VID_20250114_125259,4850
2,VID_20250114_125259,4860
2,VID_20250114_125259,4870
2,VID_20250114_125259,4880
2,VID_20250114_125259,4890
2,VID_20250114_125259,4900
2,VID_20250114_125259,4910
2,VID_20250114_125259,4920
2,VID_20250114_125259,4930
2,VID_20250114_125259,4940
2,VID_20250114_125259,4950
2,VID_20250114_125259,4960
2,VID_20250114_125259,4970
2,VID_20250114_125259,4980
2,VID_20250114_125259,4990
2,VID_20250114_125259,5000
2,VID_20250114_125259,5010
2,VID_20250114_125259,5020
2,VID_20250114_125259,5030
2,VID_20250114_125259,5040
2,VID_20250114_125259,5050
2,VID_20250114_125259,5060
2,VID_20250114_125259,5070
2,VID_20250114_125259,5080
2,VID_20250114_125259,5090
2,VID_20250114_125259,5100
2,VID_20250114_125259,5110
2,VID_20250114_125259,5120
2,VID_20250114_125259,5130
2,VID_20250114_125259,5140
2,VID_20250114_125259,5150
2,VID_20250114_125259,5160
2,VID_20250114_125259,5170
2,VID_20250114_125259,5180
2,VID_20250114_125259,5190
2,VID_20250114_125259,5200
2,VID_20250114_125259,5210
2,VID_20250114_125259,5220
2,VID_20250114_125259,5230
2,VID_20250114_125259,5240
2,VID_20250114_125259,5250
2,VID_20250114_125259,5260
2,VID_20250114_125259,5270
2,VID_20250114_125259,5280
2,VID_20250114_125259,5290
2,VID_20250114_125259,5300
2,VID_20250114_125259,5310
2,VID_20250114_125259,5320
2,VID_20250114_125259,5330
2,VID_20250114_125259,5340
2,VID_20250114_125259,5350
2,VID_20250114_125259,5360
2,VID_20250114_125259,5370
2,VID_20250114_125259,5380
2,VID_20250114_125259,5390
2,VID_20250114_125259,5400
2,VID_20250114_125259,5410
2,VID_20250114_125259,5420
2,VID_20250114_125259,5430
2,VID_20250114_125259,5440
2,VID_20250114_125259,5450
2,VID_20250114_125259,5460
2,VID_20250114_125259,5470
2,VID_20250114_125259,5480
2,VID_20250114_125259,5490
2,VID_20250114_125259,5500
2,VID_20250114_125259,5510
2,VID_20250114_125259,5520
2,VID_20250114_125259,5530
2,VID_20250114_125259,5540
2,VID_20250114_125259,5550
2,VID_20250114_125259,5560
2,VID_20250114_125259,5570
2,VID_20250114_125259,5580
2,VID_20250114_125259,5590
2,VID_20250114_125259,5600
2,VID_20250114_125259,5610
2,VID_20250114_125259,5620
2,VID_20250114_125259,5630
2,VID_20250114_125259,5640
2,VID_20250114_125259,5650
2,VID_20250114_125259,5660
2,VID_20250114_125259,5670
2,VID_20250114_125259,5680
2,VID_20250114_125259,5690
2,VID_20250114_125259,5700
2,VID_20250114_125259,5710
2,VID_20250114_125259,5720
2,VID_20250114_125259,5730
2,VID_20250114_125259,5740
2,VID_20250114_125259,5750
2,VID_20250114_125259,5760
2,VID_20250114_125259,5770
2,VID_20250114_125259,5780
2,VID_20250114_125259,5790
2,VID_20250114_125259,5800
2,VID_20250114_125259,5810
3,VID_20250114_125259,4420
3,VID_20250114_125259,4430
3,VID_20250114_125259,4440
3,VID_20250114_125259,4450
3,VID_20250114_125259,4460
3,VID_20250114_125259,4470
3,VID_20250114_125259,4480
0,VID_20250114_125828,0
0,VID_20250114_125828,10
0,VID_20250114_125828,20
0,VID_20250114_125828,30
0,VID_20250114_125828,40
0,VID_20250114_125828,50
0,VID_20250114_125828,60
0,VID_20250114_125828,70
0,VID_20250114_125828,80
0,VID_20250114_125828,90
0,VID_20250114_125828,100
0,VID_20250114_125828,110
0,VID_20250114_125828,120
0,VID_20250114_125828,130
0,VID_20250114_125828,140
0,VID_20250114_125828,150
0,VID_20250114_125828,160
0,VID_20250114_125828,170
0,VID_20250114_125828,180
0,VID_20250114_125828,190
0,VID_20250114_125828,200
0,VID_20250114_125828,210
0,VID_20250114_125828,220
0,VID_20250114_125828,230
0,VID_20250114_125828,240
0,VID_20250114_125828,250
0,VID_20250114_125828,260
0,VID_20250114_125828,270
0,VID_20250114_125828,280
0,VID_20250114_125828,290
0,VID_20250114_125828,300
0,VID_20250114_125828,310
0,VID_20250114_125828,320
0,VID_20250114_125828,330
0,VID_20250114_125828,340
0,VID_20250114_125828,350
0,VID_20250114_125828,360
0,VID_20250114_125828,370
0,VID_20250114_125828,380
0,VID_20250114_125828,390
0,VID_20250114_125828,400
0,VID_20250114_125828,410
0,VID_20250114_125828,420
0,VID_20250114_125828,430
0,VID_20250114_125828,440
0,VID_20250114_125828,450
0,VID_20250114_125828,460
0,VID_20250114_125828,470
0,VID_20250114_125828,480
0,VID_20250114_125828,490
0,VID_20250114_125828,500
0,VID_20250114_125828,510
0,VID_20250114_125828,520
0,VID_20250114_125828,530
0,VID_20250114_125828,540
0,VID_20250114_125828,550
0,VID_20250114_125828,560
0,VID_20250114_125828,570
0,VID_20250114_125828,580
0,VID_20250114_125828,590
0,VID_20250114_125828,600
0,VID_20250114_125828,610
0,VID_20250114_125828,620
0,VID_20250114_125828,630
0,VID_20250114_125828,640
0,VID_20250114_125828,650
0,VID_20250114_125828,660
0,VID_20250114_125828,670
0,VID_20250114_125828,680
0,VID_20250114_125828,690
0,VID_20250114_125828,700
0,VID_20250114_125828,710
0,VID_20250114_125828,720
0,VID_20250114_125828,730
0,VID_20250114_125828,740
0,VID_20250114_125828,750
0,VID_20250114_125828,760
0,VID_20250114_125828,770
0,VID_20250114_125828,780
0,VID_20250114_125828,790
0,VID_20250114_125828,800
0,VID_20250114_125828,810
0,VID_20250114_125828,820
0,VID_20250114_125828,830
0,VID_20250114_125828,840
0,VID_20250114_125828,850
0,VID_20250114_125828,860
0,VID_20250114_125828,870
0,VID_20250114_125828,880
0,VID_20250114_125828,890
0,VID_20250114_125828,900
0,VID_20250114_125828,910
0,VID_20250114_125828,920
0,VID_20250114_125828,930
0,VID_20250114_125828,940
0,VID_20250114_125828,950
0,VID_20250114_125828,960
0,VID_20250114_125828,970
0,VID_20250114_125828,980
0,VID_20250114_125828,990
0,VID_20250114_125828,1000
0,VID_20250114_125828,1010
0,VID_20250114_125828,1020
0,VID_20250114_125828,1030
0,VID_20250114_125828,1040
0,VID_20250114_125828,1050
0,VID_20250114_125828,1060
0,VID_20250114_125828,1070
0,VID_20250114_125828,1080
0,VID_20250114_125828,1090
0,VID_20250114_125828,1100
0,VID_20250114_125828,1110
0,VID_20250114_125828,1120
0,VID_20250114_125828,1130
0,VID_20250114_125828,1140
0,VID_20250114_125828,1150
0,VID_20250114_125828,1160
0,VID_20250114_125828,1170
0,VID_20250114_125828,1180
0,VID_20250114_125828,1190
0,VID_20250114_125828,1200
0,VID_20250114_125828,1210
0,VID_20250114_125828,1220
0,VID_20250114_125828,1230
0,VID_20250114_125828,1240
0,VID_20250114_125828,1250
0,VID_20250114_125828,1260
0,VID_20250114_125828,1270
0,VID_20250114_125828,1280
0,VID_20250114_125828,1290
0,VID_20250114_125828,1300
0,VID_20250114_125828,1310
0,VID_20250114_125828,1320
0,VID_20250114_125828,1330
0,VID_20250114_125828,1340
0,VID_20250114_125828,1350
0,VID_20250114_125828,1360
0,VID_20250114_125828,1370
0,VID_20250114_125828,1380
0,VID_20250114_125828,1390
0,VID_20250114_125828,1400
0,VID_20250114_125828,1410
0,VID_20250114_125828,1420
0,VID_20250114_125828,1430
0,VID_20250114_125828,1440
0,VID_20250114_125828,1450
0,VID_20250114_125828,1460
0,VID_20250114_125828,1470
0,VID_20250114_125828,1480
0,VID_20250114_125828,1490
0,VID_20250114_125828,1500
0,VID_20250114_125828,1510
0,VID_20250114_125828,1520
0,VID_20250114_125828,1530
0,VID_20250114_125828,1540
0,VID_20250114_125828,1550
0,VID_20250114_125828,1560
0,VID_20250114_125828,1570
0,VID_20250114_125828,1580
0,VID_20250114_125828,1590
0,VID_20250114_125828,1600
0,VID_20250114_125828,1610
0,VID_20250114_125828,1620
0,VID_20250114_125828,1630
0,VID_20250114_125828,1640
0,VID_20250114_125828,1650
0,VID_20250114_125828,1660
0,VID_20250114_125828,1670
0,VID_20250114_125828,1680
0,VID_20250114_125828,1690
0,VID_20250114_125828,1700
0,VID_20250114_125828,1710
0,VID_20250114_125828,1720
0,VID_20250114_125828,1730
0,VID_20250114_125828,1740
0,VID_20250114_125828,1750
0,VID_20250114_125828,1760
0,VID_20250114_125828,1770
0,VID_20250114_125828,1780
0,VID_20250114_125828,1790
0,VID_20250114_125828,1800
0,VID_20250114_125828,1810
0,VID_20250114_125828,1820
0,VID_20250114_125828,1830
0,VID_20250114_125828,1840
0,VID_20250114_125828,1850
0,VID_20250114_125828,1860
0,VID_20250114_125828,1870
0,VID_20250114_125828,1880
0,VID_20250114_125828,1890
0,VID_20250114_125828,1900
0,VID_20250114_125828,1910
0,VID_20250114_125828,1920
0,VID_20250114_125828,1930
0,VID_20250114_125828,1940
0,VID_20250114_125828,1950
0,VID_20250114_125828,1960
0,VID_20250114_125828,1970
0,VID_20250114_125828,1980
0,VID_20250114_125828,1990
0,VID_20250114_125828,2000
0,VID_20250114_125828,2010
0,VID_20250114_125828,2020
0,VID_20250114_125828,2030
0,VID_20250114_125828,2040
0,VID_20250114_125828,2050
0,VID_20250114_125828,2060
0,VID_20250114_125828,2070
0,VID_20250114_125828,2080
0,VID_20250114_125828,2090
0,VID_20250114_125828,2100
0,VID_20250114_125828,2110
0,VID_20250114_125828,2120
0,VID_20250114_125828,2130
0,VID_20250114_125828,2140
0,VID_20250114_125828,2150
1,VID_20250114_125828,2170
1,VID_20250114_125828,2180
1,VID_20250114_125828,2190
1,VID_20250114_125828,2200
1,VID_20250114_125828,2210
1,VID_20250114_125828,2220
1,VID_20250114_125828,2230
1,VID_20250114_125828,2240
1,VID_20250114_125828,2250
1,VID_20250114_125828,2260
1,VID_20250114_125828,2270
1,VID_20250114_125828,2280
1,VID_20250114_125828,2290
1,VID_20250114_125828,2300
1,VID_20250114_125828,2310
1,VID_20250114_125828,2320
1,VID_20250114_125828,2330
1,VID_20250114_125828,2340
1,VID_20250114_125828,2350
1,VID_20250114_125828,2360
1,VID_20250114_125828,2370
1,VID_20250114_125828,2380
1,VID_20250114_125828,2390
1,VID_20250114_125828,2400
1,VID_20250114_125828,2410
1,VID_20250114_125828,2420
1,VID_20250114_125828,2430
1,VID_20250114_125828,2440
1,VID_20250114_125828,2450
1,VID_20250114_125828,2460
1,VID_20250114_125828,2470
1,VID_20250114_125828,2480
1,VID_20250114_125828,2490
1,VID_20250114_125828,2500
1,VID_20250114_125828,2510
1,VID_20250114_125828,2520
1,VID_20250114_125828,2530
1,VID_20250114_125828,2540
1,VID_20250114_125828,2550
1,VID_20250114_125828,2560
1,VID_20250114_125828,2570
1,VID_20250114_125828,2580
1,VID_20250114_125828,2590
1,VID_20250114_125828,2600
1,VID_20250114_125828,2610
1,VID_20250114_125828,2620
1,VID_20250114_125828,2630
1,VID_20250114_125828,2640
1,VID_20250114_125828,2650
1,VID_20250114_125828,2660
1,VID_20250114_125828,2670
1,VID_20250114_125828,2680
1,VID_20250114_125828,2690
1,VID_20250114_125828,2700
1,VID_20250114_125828,2710
1,VID_20250114_125828,2720
1,VID_20250114_125828,2730
1,VID_20250114_125828,2740
1,VID_20250114_125828,2750
1,VID_20250114_125828,2760
1,VID_20250114_125828,2770
1,VID_20250114_125828,2780
1,VID_20250114_125828,2790
1,VID_20250114_125828,2800
1,VID_20250114_125828,2810
1,VID_20250114_125828,2820
1,VID_20250114_125828,2830
1,VID_20250114_125828,2840
1,VID_20250114_125828,2850
1,VID_20250114_125828,2860
1,VID_20250114_125828,2870
1,VID_20250114_125828,2880
1,VID_20250114_125828,2890
1,VID_20250114_125828,2900
1,VID_20250114_125828,2910
1,VID_20250114_125828,2920
1,VID_20250114_125828,2930
1,VID_20250114_125828,2940
1,VID_20250114_125828,2950
1,VID_20250114_125828,2960
1,VID_20250114_125828,2970
1,VID_20250114_125828,2980
1,VID_20250114_125828,2990
1,VID_20250114_125828,3000
1,VID_20250114_125828,3010
1,VID_20250114_125828,3020
1,VID_20250114_125828,3030
1,VID_20250114_125828,3040
1,VID_20250114_125828,3050
1,VID_20250114_125828,3060
1,VID_20250114_125828,3070
1,VID_20250114_125828,3080
1,VID_20250114_125828,3090
1,VID_20250114_125828,3100
1,VID_20250114_125828,3110
1,VID_20250114_125828,3120
1,VID_20250114_125828,3130
1,VID_20250114_125828,3140
1,VID_20250114_125828,3150
1,VID_20250114_125828,3160
1,VID_20250114_125828,3170
1,VID_20250114_125828,3180
1,VID_20250114_125828,3190
1,VID_20250114_125828,3200
1,VID_20250114_125828,3210
1,VID_20250114_125828,3220
1,VID_20250114_125828,3230
1,VID_20250114_125828,3240
1,VID_20250114_125828,3250
1,VID_20250114_125828,3260
1,VID_20250114_125828,3270
1,VID_20250114_125828,3280
1,VID_20250114_125828,3290
1,VID_20250114_125828,3300
1,VID_20250114_125828,3310
1,VID_20250114_125828,3320
1,VID_20250114_125828,3330
1,VID_20250114_125828,3340
1,VID_20250114_125828,3350
1,VID_20250114_125828,3360
1,VID_20250114_125828,3370
1,VID_20250114_125828,3380
1,VID_20250114_125828,3390
1,VID_20250114_125828,3620
1,VID_20250114_125828,3630
1,VID_20250114_125828,3640
1,VID_20250114_125828,3650
1,VID_20250114_125828,3660
1,VID_20250114_125828,3670
1,VID_20250114_125828,3680
1,VID_20250114_125828,3690
1,VID_20250114_125828,3700
1,VID_20250114_125828,3710
1,VID_20250114_125828,3720
1,VID_20250114_125828,3730
1,VID_20250114_125828,3740
1,VID_20250114_125828,3750
1,VID_20250114_125828,3760
1,VID_20250114_125828,3770
1,VID_20250114_125828,3780
1,VID_20250114_125828,3790
1,VID_20250114_125828,3800
1,VID_20250114_125828,3810
1,VID_20250114_125828,3820
1,VID_20250114_125828,3830
1,VID_20250114_125828,3840
1,VID_20250114_125828,3850
1,VID_20250114_125828,3860
1,VID_20250114_125828,3870
1,VID_20250114_125828,3880
1,VID_20250114_125828,3890
1,VID_20250114_125828,3900
1,VID_20250114_125828,3910
1,VID_20250114_125828,3920
1,VID_20250114_125828,3930
1,VID_20250114_125828,3940
1,VID_20250114_125828,3950
1,VID_20250114_125828,3960
1,VID_20250114_125828,3970
1,VID_20250114_125828,3980
1,VID_20250114_125828,3990
1,VID_20250114_125828,4000
1,VID_20250114_125828,4010
1,VID_20250114_125828,4020
1,VID_20250114_125828,4030
1,VID_20250114_125828,4040
1,VID_20250114_125828,4050
1,VID_20250114_125828,4060
1,VID_20250114_125828,4070
1,VID_20250114_125828,4080
1,VID_20250114_125828,4090
1,VID_20250114_125828,4100
1,VID_20250114_125828,4110
1,VID_20250114_125828,4120
1,VID_20250114_125828,4130
1,VID_20250114_125828,4140
1,VID_20250114_125828,4150
1,VID_20250114_125828,4160
1,VID_20250114_125828,4170
1,VID_20250114_125828,4180
1,VID_20250114_125828,4190
1,VID_20250114_125828,4200
1,VID_20250114_125828,4210
1,VID_20250114_125828,4220
1,VID_20250114_125828,4230
1,VID_20250114_125828,4240
1,VID_20250114_125828,4250
1,VID_20250114_125828,4260
1,VID_20250114_125828,4270
1,VID_20250114_125828,4280
1,VID_20250114_125828,4290
1,VID_20250114_125828,4300
1,VID_20250114_125828,4310
1,VID_20250114_125828,4320
1,VID_20250114_125828,4330
1,VID_20250114_125828,4340
1,VID_20250114_125828,4350
1,VID_20250114_125828,4360
1,VID_20250114_125828,4370
1,VID_20250114_125828,4380
1,VID_20250114_125828,4390
1,VID_20250114_125828,4400
1,VID_20250114_125828,4410
1,VID_20250114_125828,4420
1,VID_20250114_125828,4430
1,VID_20250114_125828,4440
1,VID_20250114_125828,4450
1,VID_20250114_125828,4460
1,VID_20250114_125828,4470
1,VID_20250114_125828,4480
1,VID_20250114_125828,4490
1,VID_20250114_125828,4500
1,VID_20250114_125828,4510
1,VID_20250114_125828,4520
1,VID_20250114_125828,4530
1,VID_20250114_125828,4540
1,VID_20250114_125828,4550
1,VID_20250114_125828,4560
1,VID_20250114_125828,4570
1,VID_20250114_125828,4580
1,VID_20250114_125828,4590
1,VID_20250114_125828,4600
1,VID_20250114_125828,4610
1,VID_20250114_125828,4620
1,VID_20250114_125828,4630
1,VID_20250114_125828,4640
1,VID_20250114_125828,4650
1,VID_20250114_125828,4660
1,VID_20250114_125828,4670
1,VID_20250114_125828,4680
1,VID_20250114_125828,4690
1,VID_20250114_125828,4700
1,VID_20250114_125828,4710
1,VID_20250114_125828,4720
1,VID_20250114_125828,4730
1,VID_20250114_125828,4740
1,VID_20250114_125828,4750
1,VID_20250114_125828,4760
1,VID_20250114_125828,4770
1,VID_20250114_125828,4780
1,VID_20250114_125828,4790
1,VID_20250114_125828,4800
1,VID_20250114_125828,4810
1,VID_20250114_125828,4820
1,VID_20250114_125828,4830
1,VID_20250114_125828,4840
1,VID_20250114_125828,4850
1,VID_20250114_125828,4860
1,VID_20250114_125828,4870
1,VID_20250114_125828,4880
1,VID_20250114_125828,4890
1,VID_20250114_125828,4900
1,VID_20250114_125828,4910
1,VID_20250114_125828,4920
1,VID_20250114_125828,4930
1,VID_20250114_125828,4940
1,VID_20250114_125828,4950
1,VID_20250114_125828,4960
1,VID_20250114_125828,4970
1,VID_20250114_125828,4980
1,VID_20250114_125828,4990
1,VID_20250114_125828,5000
1,VID_20250114_125828,5010
1,VID_20250114_125828,5020
1,VID_20250114_125828,5030
1,VID_20250114_125828,5040
1,VID_20250114_125828,5050
1,VID_20250114_125828,5060
1,VID_20250114_125828,5070
1,VID_20250114_125828,5080
1,VID_20250114_125828,5090
1,VID_20250114_125828,5100
1,VID_20250114_125828,5110
1,VID_20250114_125828,5120
1,VID_20250114_125828,5130
1,VID_20250114_125828,5140
1,VID_20250114_125828,5150
1,VID_20250114_125828,5160
1,VID_20250114_125828,5170
1,VID_20250114_125828,5180
1,VID_20250114_125828,5190
1,VID_20250114_125828,5200
1,VID_20250114_125828,5210
1,VID_20250114_125828,5220
1,VID_20250114_125828,5230
1,VID_20250114_125828,5240
1,VID_20250114_125828,5250
1,VID_20250114_125828,5260
1,VID_20250114_125828,5270
1,VID_20250114_125828,5280
1,VID_20250114_125828,5290
1,VID_20250114_125828,5300
1,VID_20250114_125828,5310
1,VID_20250114_125828,5320
1,VID_20250114_125828,5330
1,VID_20250114_125828,5340
1,VID_20250114_125828,5350
1,VID_20250114_125828,5360
1,VID_20250114_125828,5370
1,VID_20250114_125828,5380
1,VID_20250114_125828,5390
1,VID_20250114_125828,5400
1,VID_20250114_125828,5410
1,VID_20250114_125828,5420
1,VID_20250114_125828,5430
1,VID_20250114_125828,5440
1,VID_20250114_125828,5450
1,VID_20250114_125828,5460
1,VID_20250114_125828,5470
1,VID_20250114_125828,5480
1,VID_20250114_125828,5490
1,VID_20250114_125828,5500
1,VID_20250114_125828,5510
1,VID_20250114_125828,5520
1,VID_20250114_125828,5530
1,VID_20250114_125828,5540
1,VID_20250114_125828,5550
1,VID_20250114_125828,5560
1,VID_20250114_125828,5570
1,VID_20250114_125828,5580
1,VID_20250114_125828,5590
1,VID_20250114_125828,5600
1,VID_20250114_125828,5610
1,VID_20250114_125828,5620
1,VID_20250114_125828,5630
1,VID_20250114_125828,5640
1,VID_20250114_125828,5650
1,VID_20250114_125828,5660
1,VID_20250114_125828,5670
1,VID_20250114_125828,5680
1,VID_20250114_125828,5690
1,VID_20250114_125828,5700
1,VID_20250114_125828,5710
1,VID_20250114_125828,5720
1,VID_20250114_125828,5730
1,VID_20250114_125828,5740
1,VID_20250114_125828,5750
1,VID_20250114_125828,5760
1,VID_20250114_125828,5770
1,VID_20250114_125828,5780
1,VID_20250114_125828,5790
1,VID_20250114_125828,5800
1,VID_20250114_125828,5810
1,VID_20250114_125828,5820
1,VID_20250114_125828,5830
1,VID_20250114_125828,5840
1,VID_20250114_125828,5850
1,VID_20250114_125828,5860
1,VID_20250114_125828,5870
1,VID_20250114_125828,5880
1,VID_20250114_125828,5890
1,VID_20250114_125828,5900
1,VID_20250114_125828,5910
1,VID_20250114_125828,5920
1,VID_20250114_125828,5930
1,VID_20250114_125828,5940
1,VID_20250114_125828,5950
1,VID_20250114_125828,5960
1,VID_20250114_125828,5970
1,VID_20250114_125828,5980
1,VID_20250114_125828,5990
1,VID_20250114_125828,6000
1,VID_20250114_125828,6010
1,VID_20250114_125828,6020
1,VID_20250114_125828,6030
1,VID_20250114_125828,6040
1,VID_20250114_125828,6050
1,VID_20250114_125828,6060
1,VID_20250114_125828,6070
1,VID_20250114_125828,6080
1,VID_20250114_125828,6090
1,VID_20250114_125828,6100
1,VID_20250114_125828,6110
1,VID_20250114_125828,6120
1,VID_20250114_125828,6130
1,VID_20250114_125828,6140
1,VID_20250114_125828,6150
1,VID_20250114_125828,6160
1,VID_20250114_125828,6170
1,VID_20250114_125828,6180
1,VID_20250114_125828,6190
1,VID_20250114_125828,6200
1,VID_20250114_125828,6210
1,VID_20250114_125828,6220
1,VID_20250114_125828,6230
1,VID_20250114_125828,6240
1,VID_20250114_125828,6250
1,VID_20250114_125828,6260
1,VID_20250114_125828,6270
1,VID_20250114_125828,6280
1,VID_20250114_125828,6290
1,VID_20250114_125828,6300
1,VID_20250114_125828,6310
1,VID_20250114_125828,6320
1,VID_20250114_125828,6330
1,VID_20250114_125828,6340
1,VID_20250114_125828,6350
1,VID_20250114_125828,6360
1,VID_20250114_125828,6370
1,VID_20250114_125828,6380
1,VID_20250114_125828,6390
1,VID_20250114_125828,6400
1,VID_20250114_125828,6410
1,VID_20250114_125828,6420
1,VID_20250114_125828,6430
1,VID_20250114_125828,6440
3,VID_20250114_125828,6530
3,VID_20250114_125828,6540
3,VID_20250114_125828,6550
3,VID_20250114_125828,6560
3,VID_20250114_125828,6570
3,VID_20250114_125828,6580
3,VID_20250114_125828,6590
3,VID_20250114_125828,6600
3,VID_20250114_125828,6610
3,VID_20250114_125828,6620
3,VID_20250114_125828,6630
3,VID_20250114_125828,6640
3,VID_20250114_125828,6650
3,VID_20250114_125828,6660
3,VID_20250114_125828,6670
3,VID_20250114_125828,6680
3,VID_20250114_125828,6690
3,VID_20250114_125828,6700
3,VID_20250114_125828,6710
3,VID_20250114_125828,6720
3,VID_20250114_125828,6730
3,VID_20250114_125828,6740
3,VID_20250114_125828,6750
3,VID_20250114_125828,6760
3,VID_20250114_125828,6770
3,VID_20250114_125828,6780
3,VID_20250114_125828,6790
3,VID_20250114_125828,6800
3,VID_20250114_125828,6810
3,VID_20250114_125828,6820
3,VID_20250114_125828,6830
3,VID_20250114_125828,6840
3,VID_20250114_125828,6850
3,VID_20250114_125828,6860
3,VID_20250114_125828,6870
3,VID_20250114_125828,6880
3,VID_20250114_125828,6890
3,VID_20250114_125828,6900
3,VID_20250114_125828,6910
3,VID_20250114_125828,6920
3,VID_20250114_125828,6930
3,VID_20250114_125828,6940
3,VID_20250114_125828,6950
3,VID_20250114_125828,6960
3,VID_20250114_125828,6970
3,VID_20250114_125828,6980
3,VID_20250114_125828,6990
3,VID_20250114_125828,7000
3,VID_20250114_125828,7010
3,VID_20250114_125828,7020
3,VID_20250114_125828,7030
3,VID_20250114_125828,7040
3,VID_20250114_125828,7050
3,VID_20250114_125828,7060
3,VID_20250114_125828,7070
3,VID_20250114_125828,7080
3,VID_20250114_125828,7090
3,VID_20250114_125828,7100
3,VID_20250114_125828,7110
3,VID_20250114_125828,7120
3,VID_20250114_125828,7130
3,VID_20250114_125828,7140
3,VID_20250114_125828,7150
3,VID_20250114_125828,7160
3,VID_20250114_125828,7170
3,VID_20250114_125828,7180
3,VID_20250114_125828,7190
3,VID_20250114_125828,7200
3,VID_20250114_125828,7210
3,VID_20250114_125828,7220
3,VID_20250114_125828,7230
3,VID_20250114_125828,7240
3,VID_20250114_125828,7250
3,VID_20250114_125828,7260
3,VID_20250114_125828,7270
3,VID_20250114_125828,7280
3,VID_20250114_125828,7290
3,VID_20250114_125828,7300
3,VID_20250114_125828,7310
3,VID_20250114_125828,7320
3,VID_20250114_125828,7330
3,VID_20250114_125828,7340
3,VID_20250114_125828,7350
3,VID_20250114_125828,7360
3,VID_20250114_125828,7370
3,VID_20250114_125828,7380
3,VID_20250114_125828,7390
3,VID_20250114_125828,7400
3,VID_20250114_125828,7410
3,VID_20250114_125828,7420
3,VID_20250114_125828,7430
3,VID_20250114_125828,7440
3,VID_20250114_125828,7450
3,VID_20250114_125828,7460
3,VID_20250114_125828,7470
3,VID_20250114_125828,7480
3,VID_20250114_125828,7490
3,VID_20250114_125828,7500
3,VID_20250114_125828,7510
3,VID_20250114_125828,7520
3,VID_20250114_125828,7530
3,VID_20250114_125828,7540
3,VID_20250114_125828,7550
3,VID_20250114_125828,7560
3,VID_20250114_125828,7570
3,VID_20250114_125828,7580
3,VID_20250114_125828,7590
3,VID_20250114_125828,7600
3,VID_20250114_125828,7610
3,VID_20250114_125828,7620
3,VID_20250114_125828,7630
3,VID_20250114_125828,7640
3,VID_20250114_125828,7650
3,VID_20250114_125828,7660
3,VID_20250114_125828,7670
3,VID_20250114_125828,7680
3,VID_20250114_125828,7690
3,VID_20250114_125828,7700
3,VID_20250114_125828,7710
3,VID_20250114_125828,7720
3,VID_20250114_125828,7730
3,VID_20250114_125828,7740
3,VID_20250114_125828,7750
3,VID_20250114_125828,7760
3,VID_20250114_125828,7770
3,VID_20250114_125828,7780
3,VID_20250114_125828,7790
3,VID_20250114_125828,7800
3,VID_20250114_125828,7810
3,VID_20250114_125828,7820
3,VID_20250114_125828,7830
3,VID_20250114_125828,7840
3,VID_20250114_125828,7850
3,VID_20250114_125828,7860
3,VID_20250114_125828,7870
3,VID_20250114_125828,7880
3,VID_20250114_125828,7890
3,VID_20250114_125828,7900
3,VID_20250114_125828,7910
3,VID_20250114_125828,7920
3,VID_20250114_125828,7930
3,VID_20250114_125828,7940
3,VID_20250114_125828,7950
3,VID_20250114_125828,7960
3,VID_20250114_125828,7970
3,VID_20250114_125828,7980
3,VID_20250114_125828,7990
3,VID_20250114_125828,8000
3,VID_20250114_125828,8010
3,VID_20250114_125828,8020
3,VID_20250114_125828,8030
0,VID_20250114_130300,0
0,VID_20250114_130300,10
0,VID_20250114_130300,20
0,VID_20250114_130300,30
0,VID_20250114_130300,40
0,VID_20250114_130300,50
0,VID_20250114_130300,60
0,VID_20250114_130300,70
0,VID_20250114_130300,80
0,VID_20250114_130300,90
0,VID_20250114_130300,100
0,VID_20250114_130300,110
0,VID_20250114_130300,120
0,VID_20250114_130300,130
0,VID_20250114_130300,140
0,VID_20250114_130300,150
0,VID_20250114_130300,160
0,VID_20250114_130300,170
0,VID_20250114_130300,180
0,VID_20250114_130300,190
0,VID_20250114_130300,200
0,VID_20250114_130300,210
0,VID_20250114_130300,220
0,VID_20250114_130300,230
0,VID_20250114_130300,240
0,VID_20250114_130300,250
0,VID_20250114_130300,260
0,VID_20250114_130300,270
0,VID_20250114_130300,280
0,VID_20250114_130300,290
0,VID_20250114_130300,300
0,VID_20250114_130300,310
0,VID_20250114_130300,320
0,VID_20250114_130300,330
0,VID_20250114_130300,340
0,VID_20250114_130300,350
0,VID_20250114_130300,360
0,VID_20250114_130300,370
0,VID_20250114_130300,380
0,VID_20250114_130300,390
0,VID_20250114_130300,400
0,VID_20250114_130300,410
0,VID_20250114_130300,420
0,VID_20250114_130300,430
0,VID_20250114_130300,440
0,VID_20250114_130300,450
0,VID_20250114_130300,460
0,VID_20250114_130300,470
0,VID_20250114_130300,480
0,VID_20250114_130300,490
0,VID_20250114_130300,500
0,VID_20250114_130300,510
0,VID_20250114_130300,520
0,VID_20250114_130300,530
0,VID_20250114_130300,540
0,VID_20250114_130300,550
0,VID_20250114_130300,560
0,VID_20250114_130300,570
0,VID_20250114_130300,580
0,VID_20250114_130300,590
0,VID_20250114_130300,600
0,VID_20250114_130300,610
0,VID_20250114_130300,620
0,VID_20250114_130300,630
0,VID_20250114_130300,640
0,VID_20250114_130300,650
0,VID_20250114_130300,660
0,VID_20250114_130300,670
0,VID_20250114_130300,680
0,VID_20250114_130300,690
0,VID_20250114_130300,700
0,VID_20250114_130300,710
0,VID_20250114_130300,720
0,VID_20250114_130300,730
0,VID_20250114_130300,740
0,VID_20250114_130300,750
0,VID_20250114_130300,760
0,VID_20250114_130300,770
0,VID_20250114_130300,780
0,VID_20250114_130300,790
0,VID_20250114_130300,800
0,VID_20250114_130300,810
0,VID_20250114_130300,820
0,VID_20250114_130300,830
0,VID_20250114_130300,840
0,VID_20250114_130300,850
0,VID_20250114_130300,860
0,VID_20250114_130300,870
0,VID_20250114_130300,880
0,VID_20250114_130300,890
0,VID_20250114_130300,900
0,VID_20250114_130300,910
0,VID_20250114_130300,920
0,VID_20250114_130300,930
0,VID_20250114_130300,940
0,VID_20250114_130300,950
0,VID_20250114_130300,960
0,VID_20250114_130300,970
0,VID_20250114_130300,980
0,VID_20250114_130300,990
0,VID_20250114_130300,1000
0,VID_20250114_130300,1010
0,VID_20250114_130300,1020
0,VID_20250114_130300,1030
0,VID_20250114_130300,1040
0,VID_20250114_130300,1050
0,VID_20250114_130300,1060
0,VID_20250114_130300,1070
0,VID_20250114_130300,1080
0,VID_20250114_130300,1090
0,VID_20250114_130300,1100
0,VID_20250114_130300,1110
0,VID_20250114_130300,1120
0,VID_20250114_130300,1130
0,VID_20250114_130300,1140
0,VID_20250114_130300,1150
0,VID_20250114_130300,1160
0,VID_20250114_130300,1170
0,VID_20250114_130300,1180
0,VID_20250114_130300,1190
0,VID_20250114_130300,1200
0,VID_20250114_130300,1210
0,VID_20250114_130300,1220
0,VID_20250114_130300,1230
0,VID_20250114_130300,1240
0,VID_20250114_130300,1250
0,VID_20250114_130300,1260
0,VID_20250114_130300,1270
0,VID_20250114_130300,1280
0,VID_20250114_130300,1290
0,VID_20250114_130300,1300
0,VID_20250114_130300,1310
0,VID_20250114_130300,1320
0,VID_20250114_130300,1330
0,VID_20250114_130300,1340
0,VID_20250114_130300,1350
0,VID_20250114_130300,1360
0,VID_20250114_130300,1370
0,VID_20250114_130300,1380
0,VID_20250114_130300,1390
0,VID_20250114_130300,1400
0,VID_20250114_130300,1410
0,VID_20250114_130300,1420
0,VID_20250114_130300,1430
0,VID_20250114_130300,1440
0,VID_20250114_130300,1450
0,VID_20250114_130300,1460
0,VID_20250114_130300,1470
0,VID_20250114_130300,1480
0,VID_20250114_130300,1490
0,VID_20250114_130300,1500
0,VID_20250114_130300,1510
0,VID_20250114_130300,1520
0,VID_20250114_130300,1530
0,VID_20250114_130300,1540
0,VID_20250114_130300,1550
0,VID_20250114_130300,1560
0,VID_20250114_130300,1570
0,VID_20250114_130300,1580
0,VID_20250114_130300,1590
0,VID_20250114_130300,1600
0,VID_20250114_130300,1610
0,VID_20250114_130300,1620
0,VID_20250114_130300,1630
0,VID_20250114_130300,1640
0,VID_20250114_130300,1650
0,VID_20250114_130300,1660
0,VID_20250114_130300,1670
0,VID_20250114_130300,1680
0,VID_20250114_130300,1690
0,VID_20250114_130300,1700
0,VID_20250114_130300,1710
0,VID_20250114_130300,1720
0,VID_20250114_130300,1730
0,VID_20250114_130300,1740
0,VID_20250114_130300,1750
0,VID_20250114_130300,1760
0,VID_20250114_130300,1770
0,VID_20250114_130300,1780
0,VID_20250114_130300,1790
0,VID_20250114_130300,1800
0,VID_20250114_130300,1810
0,VID_20250114_130300,1820
0,VID_20250114_130300,1830
0,VID_20250114_130300,1840
0,VID_20250114_130300,1850
0,VID_20250114_130300,1860
0,VID_20250114_130300,1870
0,VID_20250114_130300,1880
0,VID_20250114_130300,1890
0,VID_20250114_130300,1900
0,VID_20250114_130300,1910
0,VID_20250114_130300,1920
0,VID_20250114_130300,1930
0,VID_20250114_130300,1940
0,VID_20250114_130300,1950
0,VID_20250114_130300,1960
0,VID_20250114_130300,1970
0,VID_20250114_130300,1980
0,VID_20250114_130300,1990
0,VID_20250114_130300,2000
0,VID_20250114_130300,2010
0,VID_20250114_130300,2020
0,VID_20250114_130300,2030
0,VID_20250114_130300,2040
0,VID_20250114_130300,2050
0,VID_20250114_130300,2060
0,VID_20250114_130300,2070
0,VID_20250114_130300,2080
0,VID_20250114_130300,2090
0,VID_20250114_130300,2100
0,VID_20250114_130300,2110
0,VID_20250114_130300,2120
0,VID_20250114_130300,2130
0,VID_20250114_130300,2140
0,VID_20250114_130300,2150
0,VID_20250114_130300,2160
0,VID_20250114_130300,2170
0,VID_20250114_130300,2180
0,VID_20250114_130300,2190
0,VID_20250114_130300,2200
0,VID_20250114_130300,2210
0,VID_20250114_130300,2220
0,VID_20250114_130300,2230
0,VID_20250114_130300,2240
0,VID_20250114_130300,2250
0,VID_20250114_130300,2260
0,VID_20250114_130300,2270
0,VID_20250114_130300,2280
0,VID_20250114_130300,2290
0,VID_20250114_130300,2300
0,VID_20250114_130300,2310
0,VID_20250114_130300,2320
0,VID_20250114_130300,2330
0,VID_20250114_130300,2340
0,VID_20250114_130300,2350
0,VID_20250114_130300,2360
0,VID_20250114_130300,2370
0,VID_20250114_130300,2380
0,VID_20250114_130300,2390
0,VID_20250114_130300,2400
0,VID_20250114_130300,2410
0,VID_20250114_130300,2420
0,VID_20250114_130300,2430
0,VID_20250114_130300,2440
0,VID_20250114_130300,2450
0,VID_20250114_130300,2460
0,VID_20250114_130300,2470
0,VID_20250114_130300,2480
0,VID_20250114_130300,2490
0,VID_20250114_130300,2500
0,VID_20250114_130300,2510
0,VID_20250114_130300,2520
0,VID_20250114_130300,2530
0,VID_20250114_130300,2540
0,VID_20250114_130300,2550
0,VID_20250114_130300,2560
0,VID_20250114_130300,2570
0,VID_20250114_130300,2580
0,VID_20250114_130300,2590
0,VID_20250114_130300,2600
0,VID_20250114_130300,2610
0,VID_20250114_130300,2620
0,VID_20250114_130300,2630
0,VID_20250114_130300,2640
0,VID_20250114_130300,2650
0,VID_20250114_130300,2660
0,VID_20250114_130300,2670
0,VID_20250114_130300,2680
0,VID_20250114_130300,2690
0,VID_20250114_130300,2700
0,VID_20250114_130300,2710
0,VID_20250114_130300,2720
0,VID_20250114_130300,2730
0,VID_20250114_130300,2740
0,VID_20250114_130300,2750
0,VID_20250114_130300,2760
0,VID_20250114_130300,2770
0,VID_20250114_130300,2780
0,VID_20250114_130300,2790
0,VID_20250114_130300,2800
0,VID_20250114_130300,2810
0,VID_20250114_130300,2820
0,VID_20250114_130300,2830
0,VID_20250114_130300,2840
0,VID_20250114_130300,2850
0,VID_20250114_130300,2860
0,VID_20250114_130300,2870
0,VID_20250114_130300,2880
0,VID_20250114_130300,2890
0,VID_20250114_130300,2900
0,VID_20250114_130300,2910
0,VID_20250114_130300,2920
0,VID_20250114_130300,2930
0,VID_20250114_130300,2940
0,VID_20250114_130300,2950
0,VID_20250114_130300,2960
0,VID_20250114_130300,2970
0,VID_20250114_130300,2980
0,VID_20250114_130300,2990
0,VID_20250114_130300,3000
0,VID_20250114_130300,3010
0,VID_20250114_130300,3020
0,VID_20250114_130300,3030
0,VID_20250114_130300,3040
0,VID_20250114_130300,3050
0,VID_20250114_130300,3060
0,VID_20250114_130300,3070
0,VID_20250114_130300,3080
0,VID_20250114_130300,3090
0,VID_20250114_130300,3100
0,VID_20250114_130300,3110
0,VID_20250114_130300,3120
0,VID_20250114_130300,3130
0,VID_20250114_130300,3140
0,VID_20250114_130300,3150
0,VID_20250114_130300,3160
0,VID_20250114_130300,3170
0,VID_20250114_130300,3180
0,VID_20250114_130300,3190
0,VID_20250114_130300,3200
0,VID_20250114_130300,3210
0,VID_20250114_130300,3220
0,VID_20250114_130300,3230
0,VID_20250114_130300,3240
0,VID_20250114_130300,3250
0,VID_20250114_130300,3260
0,VID_20250114_130300,3270
0,VID_20250114_130300,3280
0,VID_20250114_130300,3290
0,VID_20250114_130300,3300
0,VID_20250114_130300,3310
0,VID_20250114_130300,3320
0,VID_20250114_130300,3330
0,VID_20250114_130300,3340
0,VID_20250114_130300,3350
0,VID_20250114_130300,3360
0,VID_20250114_130300,3370
0,VID_20250114_130300,3380
0,VID_20250114_130300,3390
0,VID_20250114_130300,3400
0,VID_20250114_130300,3410
0,VID_20250114_130300,3420
0,VID_20250114_130300,3430
0,VID_20250114_130300,3440
0,VID_20250114_130300,3450
0,VID_20250114_130300,3460
0,VID_20250114_130300,3470
0,VID_20250114_130300,3480
0,VID_20250114_130300,3490
0,VID_20250114_130300,3500
0,VID_20250114_130300,3510
0,VID_20250114_130300,3520
0,VID_20250114_130300,3530
0,VID_20250114_130300,3540
0,VID_20250114_130300,3550
0,VID_20250114_130300,3560
0,VID_20250114_130300,3570
0,VID_20250114_130300,3580
0,VID_20250114_130300,3590
0,VID_20250114_130300,3600
0,VID_20250114_130300,3610
0,VID_20250114_130300,3620
0,VID_20250114_130300,3630
0,VID_20250114_130300,3640
0,VID_20250114_130300,3650
0,VID_20250114_130300,3660
0,VID_20250114_130300,3670
0,VID_20250114_130300,3680
0,VID_20250114_130300,3690
0,VID_20250114_130300,3700
0,VID_20250114_130300,3710
0,VID_20250114_130300,3720
0,VID_20250114_130300,3730
0,VID_20250114_130300,3740
0,VID_20250114_130300,3750
0,VID_20250114_130300,3760
0,VID_20250114_130300,3770
0,VID_20250114_130300,3780
0,VID_20250114_130300,3790
0,VID_20250114_130300,3800
0,VID_20250114_130300,3810
0,VID_20250114_130300,3820
0,VID_20250114_130300,3830
0,VID_20250114_130300,3840
0,VID_20250114_130300,3850
0,VID_20250114_130300,3860
0,VID_20250114_130300,3870
0,VID_20250114_130300,3880
0,VID_20250114_130300,3890
0,VID_20250114_130300,3900
0,VID_20250114_130300,3910
0,VID_20250114_130300,3920
0,VID_20250114_130300,3930
0,VID_20250114_130300,3940
0,VID_20250114_130300,3950
0,VID_20250114_130300,3960
0,VID_20250114_130300,3970
0,VID_20250114_130300,3980
0,VID_20250114_130300,3990
0,VID_20250114_130300,4000
0,VID_20250114_130300,4010
0,VID_20250114_130300,4020
0,VID_20250114_130300,4030
0,VID_20250114_130300,4040
0,VID_20250114_130300,4050
0,VID_20250114_130300,4060
0,VID_20250114_130300,4070
0,VID_20250114_130300,4080
0,VID_20250114_130300,4090
0,VID_20250114_130300,4100
0,VID_20250114_130300,4110
0,VID_20250114_130300,4120
0,VID_20250114_130300,4130
0,VID_20250114_130300,4140
0,VID_20250114_130300,4150
0,VID_20250114_130300,4160
0,VID_20250114_130300,4170
0,VID_20250114_130300,4180
0,VID_20250114_130300,4190
0,VID_20250114_130300,4200
0,VID_20250114_130300,4210
0,VID_20250114_130300,4220
0,VID_20250114_130300,4230
0,VID_20250114_130300,4240
0,VID_20250114_130300,4250
0,VID_20250114_130300,4260
0,VID_20250114_130300,4270
0,VID_20250114_130300,4280
0,VID_20250114_130300,4290
0,VID_20250114_130300,4300
0,VID_20250114_130300,4310
0,VID_20250114_130300,4320
0,VID_20250114_130300,4330
0,VID_20250114_130300,4340
0,VID_20250114_130300,4350
0,VID_20250114_130300,4360
0,VID_20250114_130300,4370
0,VID_20250114_130300,4380
0,VID_20250114_130300,4390
0,VID_20250114_130300,4400
0,VID_20250114_130300,4410
0,VID_20250114_130300,4420
0,VID_20250114_130300,4430
0,VID_20250114_130300,4440
0,VID_20250114_130300,4450
0,VID_20250114_130300,4460
0,VID_20250114_130300,4470
0,VID_20250114_130300,4480
0,VID_20250114_130300,4490
0,VID_20250114_130300,4500
0,VID_20250114_130300,4510
0,VID_20250114_130300,4520
0,VID_20250114_130300,4530
0,VID_20250114_130300,4540
0,VID_20250114_130300,4550
0,VID_20250114_130300,4560
0,VID_20250114_130300,4570
0,VID_20250114_130300,4580
0,VID_20250114_130300,4590
0,VID_20250114_130300,4600
0,VID_20250114_130300,4610
0,VID_20250114_130300,4620
0,VID_20250114_130300,4630
0,VID_20250114_130300,4640
0,VID_20250114_130300,4650
0,VID_20250114_130300,4660
0,VID_20250114_130300,4670
0,VID_20250114_130300,4680
0,VID_20250114_130300,4690
0,VID_20250114_130300,4700
0,VID_20250114_130300,4710
0,VID_20250114_130300,4720
1,VID_20250114_130300,4740
1,VID_20250114_130300,4750
1,VID_20250114_130300,4760
1,VID_20250114_130300,4770
1,VID_20250114_130300,4780
1,VID_20250114_130300,4790
1,VID_20250114_130300,4800
1,VID_20250114_130300,4810
1,VID_20250114_130300,4820
1,VID_20250114_130300,4830
1,VID_20250114_130300,4840
1,VID_20250114_130300,4850
1,VID_20250114_130300,4860
1,VID_20250114_130300,4870
1,VID_20250114_130300,4880
1,VID_20250114_130300,4890
1,VID_20250114_130300,4900
1,VID_20250114_130300,4910
1,VID_20250114_130300,4920
1,VID_20250114_130300,4930
1,VID_20250114_130300,4940
1,VID_20250114_130300,4950
1,VID_20250114_130300,4960
1,VID_20250114_130300,4970
1,VID_20250114_130300,4980
1,VID_20250114_130300,4990
1,VID_20250114_130300,5000
1,VID_20250114_130300,5010
1,VID_20250114_130300,5020
1,VID_20250114_130300,5030
1,VID_20250114_130300,5040
1,VID_20250114_130300,5050
1,VID_20250114_130300,5060
1,VID_20250114_130300,5070
1,VID_20250114_130300,5080
1,VID_20250114_130300,5090
1,VID_20250114_130300,5100
1,VID_20250114_130300,5110
1,VID_20250114_130300,5120
1,VID_20250114_130300,5130
1,VID_20250114_130300,5140
1,VID_20250114_130300,5150
1,VID_20250114_130300,5160
1,VID_20250114_130300,5170
1,VID_20250114_130300,5180
1,VID_20250114_130300,5190
1,VID_20250114_130300,5200
1,VID_20250114_130300,5210
1,VID_20250114_130300,5220
1,VID_20250114_130300,5230
1,VID_20250114_130300,5240
1,VID_20250114_130300,5250
1,VID_20250114_130300,5260
1,VID_20250114_130300,5270
1,VID_20250114_130300,5280
1,VID_20250114_130300,5290
1,VID_20250114_130300,5300
1,VID_20250114_130300,5310
1,VID_20250114_130300,5320
1,VID_20250114_130300,5330
1,VID_20250114_130300,5340
1,VID_20250114_130300,5350
1,VID_20250114_130300,5360
1,VID_20250114_130300,5370
1,VID_20250114_130300,5380
1,VID_20250114_130300,5390
1,VID_20250114_130300,5400
1,VID_20250114_130300,5410
1,VID_20250114_130300,5420
1,VID_20250114_130300,5430
1,VID_20250114_130300,5440
1,VID_20250114_130300,5450
1,VID_20250114_130300,5460
1,VID_20250114_130300,5470
1,VID_20250114_130300,5480
1,VID_20250114_130300,5490
1,VID_20250114_130300,5500
1,VID_20250114_130300,5510
1,VID_20250114_130300,5520
1,VID_20250114_130300,5530
1,VID_20250114_130300,5540
1,VID_20250114_130300,5550
1,VID_20250114_130300,5560
1,VID_20250114_130300,5570
1,VID_20250114_130300,5580
1,VID_20250114_130300,5590
1,VID_20250114_130300,5600
1,VID_20250114_130300,5610
1,VID_20250114_130300,5620
1,VID_20250114_130300,5630
1,VID_20250114_130300,5640
1,VID_20250114_130300,5650
1,VID_20250114_130300,5660
1,VID_20250114_130300,5670
2,VID_20250114_130300,5780
2,VID_20250114_130300,5790
2,VID_20250114_130300,5800
2,VID_20250114_130300,5810
2,VID_20250114_130300,5820
2,VID_20250114_130300,5830
2,VID_20250114_130300,5840
2,VID_20250114_130300,5850
2,VID_20250114_130300,5860
2,VID_20250114_130300,5870
2,VID_20250114_130300,5880
2,VID_20250114_130300,5890
2,VID_20250114_130300,5900
2,VID_20250114_130300,5910
2,VID_20250114_130300,5920
2,VID_20250114_130300,5930
2,VID_20250114_130300,5940
2,VID_20250114_130300,5950
2,VID_20250114_130300,5960
2,VID_20250114_130300,5970
2,VID_20250114_130300,5980
2,VID_20250114_130300,5990
2,VID_20250114_130300,6000
2,VID_20250114_130300,6010
2,VID_20250114_130300,6020
2,VID_20250114_130300,6030
2,VID_20250114_130300,6040
2,VID_20250114_130300,6050
2,VID_20250114_130300,6060
2,VID_20250114_130300,6070
2,VID_20250114_130300,6080
2,VID_20250114_130300,6090
2,VID_20250114_130300,6100
2,VID_20250114_130300,6110
2,VID_20250114_130300,6120
2,VID_20250114_130300,6130
2,VID_20250114_130300,6140
2,VID_20250114_130300,6150
2,VID_20250114_130300,6160
2,VID_20250114_130300,6170
2,VID_20250114_130300,6180
2,VID_20250114_130300,6190
2,VID_20250114_130300,6200
2,VID_20250114_130300,6210
2,VID_20250114_130300,6220
2,VID_20250114_130300,6230
2,VID_20250114_130300,6240
2,VID_20250114_130300,6250
2,VID_20250114_130300,6260
2,VID_20250114_130300,6270
2,VID_20250114_130300,6280
2,VID_20250114_130300,6290
2,VID_20250114_130300,6300
2,VID_20250114_130300,6310
2,VID_20250114_130300,6320
2,VID_20250114_130300,6330
2,VID_20250114_130300,6340
2,VID_20250114_130300,6350
2,VID_20250114_130300,6360
2,VID_20250114_130300,6370
2,VID_20250114_130300,6380
2,VID_20250114_130300,6390
2,VID_20250114_130300,6400
2,VID_20250114_130300,6410
2,VID_20250114_130300,6420
2,VID_20250114_130300,6430
2,VID_20250114_130300,6440
2,VID_20250114_130300,6450
2,VID_20250114_130300,6460
2,VID_20250114_130300,6470
2,VID_20250114_130300,6480
2,VID_20250114_130300,6490
2,VID_20250114_130300,6500
2,VID_20250114_130300,6510
2,VID_20250114_130300,6520
2,VID_20250114_130300,6530
2,VID_20250114_130300,6540
2,VID_20250114_130300,6550
2,VID_20250114_130300,6560
2,VID_20250114_130300,6570
2,VID_20250114_130300,6580
2,VID_20250114_130300,6590
2,VID_20250114_130300,6600
2,VID_20250114_130300,6610
2,VID_20250114_130300,6620
2,VID_20250114_130300,6630
2,VID_20250114_130300,6640
2,VID_20250114_130300,6650
2,VID_20250114_130300,6660
2,VID_20250114_130300,6670
2,VID_20250114_130300,6680
2,VID_20250114_130300,6690
2,VID_20250114_130300,6700
2,VID_20250114_130300,6710
2,VID_20250114_130300,6720
2,VID_20250114_130300,6730
2,VID_20250114_130300,6740
2,VID_20250114_130300,6750
2,VID_20250114_130300,6760
2,VID_20250114_130300,6770
2,VID_20250114_130300,6780
2,VID_20250114_130300,6790
2,VID_20250114_130300,6800
2,VID_20250114_130300,6810
2,VID_20250114_130300,6820
2,VID_20250114_130300,6830
2,VID_20250114_130300,6840
2,VID_20250114_130300,6850
2,VID_20250114_130300,6860
2,VID_20250114_130300,6870
2,VID_20250114_130300,6880
2,VID_20250114_130300,6890
2,VID_20250114_130300,6900
2,VID_20250114_130300,6910
2,VID_20250114_130300,6920
2,VID_20250114_130300,6930
2,VID_20250114_130300,6940
2,VID_20250114_130300,6950
2,VID_20250114_130300,6960
2,VID_20250114_130300,6970
2,VID_20250114_130300,6980
2,VID_20250114_130300,6990
2,VID_20250114_130300,7000
2,VID_20250114_130300,7010
2,VID_20250114_130300,7020
2,VID_20250114_130300,7030
2,VID_20250114_130300,7040
2,VID_20250114_130300,7050
2,VID_20250114_130300,7060
2,VID_20250114_130300,7070
2,VID_20250114_130300,7080
2,VID_20250114_130300,7090
2,VID_20250114_130300,7100
2,VID_20250114_130300,7110
2,VID_20250114_130300,7120
2,VID_20250114_130300,7130
2,VID_20250114_130300,7140
2,VID_20250114_130300,7150
2,VID_20250114_130300,7160
2,VID_20250114_130300,7170
2,VID_20250114_130300,7180
2,VID_20250114_130300,7190
2,VID_20250114_130300,7200
2,VID_20250114_130300,7210
2,VID_20250114_130300,7220
2,VID_20250114_130300,7230
2,VID_20250114_130300,7240
2,VID_20250114_130300,7250
2,VID_20250114_130300,7260
2,VID_20250114_130300,7270
3,VID_20250114_130300,5680
3,VID_20250114_130300,5690
3,VID_20250114_130300,5700
3,VID_20250114_130300,5710
3,VID_20250114_130300,5720
3,VID_20250114_130300,5730
3,VID_20250114_130300,5740
3,VID_20250114_130300,5750
3,VID_20250114_130300,5760
0,VID_20250114_130314,0
0,VID_20250114_130314,10
0,VID_20250114_130314,20
0,VID_20250114_130314,30
0,VID_20250114_130314,40
0,VID_20250114_130314,50
0,VID_20250114_130314,60
0,VID_20250114_130314,70
0,VID_20250114_130314,80
0,VID_20250114_130314,90
0,VID_20250114_130314,100
0,VID_20250114_130314,110
0,VID_20250114_130314,120
0,VID_20250114_130314,130
0,VID_20250114_130314,140
0,VID_20250114_130314,150
0,VID_20250114_130314,160
0,VID_20250114_130314,170
0,VID_20250114_130314,180
0,VID_20250114_130314,190
0,VID_20250114_130314,200
0,VID_20250114_130314,210
0,VID_20250114_130314,220
0,VID_20250114_130314,230
0,VID_20250114_130314,240
0,VID_20250114_130314,250
0,VID_20250114_130314,260
0,VID_20250114_130314,270
0,VID_20250114_130314,280
0,VID_20250114_130314,290
0,VID_20250114_130314,300
0,VID_20250114_130314,310
0,VID_20250114_130314,320
0,VID_20250114_130314,330
0,VID_20250114_130314,340
0,VID_20250114_130314,350
0,VID_20250114_130314,360
0,VID_20250114_130314,370
0,VID_20250114_130314,380
0,VID_20250114_130314,390
0,VID_20250114_130314,400
0,VID_20250114_130314,410
0,VID_20250114_130314,420
0,VID_20250114_130314,430
0,VID_20250114_130314,440
0,VID_20250114_130314,450
0,VID_20250114_130314,460
0,VID_20250114_130314,470
0,VID_20250114_130314,480
0,VID_20250114_130314,490
0,VID_20250114_130314,500
0,VID_20250114_130314,510
0,VID_20250114_130314,520
0,VID_20250114_130314,530
0,VID_20250114_130314,540
0,VID_20250114_130314,550
0,VID_20250114_130314,560
0,VID_20250114_130314,570
0,VID_20250114_130314,580
0,VID_20250114_130314,590
0,VID_20250114_130314,600
0,VID_20250114_130314,610
0,VID_20250114_130314,620
0,VID_20250114_130314,630
0,VID_20250114_130314,640
0,VID_20250114_130314,650
0,VID_20250114_130314,660
0,VID_20250114_130314,670
0,VID_20250114_130314,680
0,VID_20250114_130314,690
0,VID_20250114_130314,700
0,VID_20250114_130314,710
0,VID_20250114_130314,720
0,VID_20250114_130314,730
0,VID_20250114_130314,740
0,VID_20250114_130314,750
0,VID_20250114_130314,760
0,VID_20250114_130314,770
0,VID_20250114_130314,780
0,VID_20250114_130314,790
0,VID_20250114_130314,800
0,VID_20250114_130314,810
0,VID_20250114_130314,820
0,VID_20250114_130314,830
0,VID_20250114_130314,840
0,VID_20250114_130314,850
0,VID_20250114_130314,860
0,VID_20250114_130314,870
0,VID_20250114_130314,880
0,VID_20250114_130314,890
0,VID_20250114_130314,900
0,VID_20250114_130314,910
0,VID_20250114_130314,920
0,VID_20250114_130314,930
0,VID_20250114_130314,940
0,VID_20250114_130314,950
0,VID_20250114_130314,960
0,VID_20250114_130314,970
0,VID_20250114_130314,980
0,VID_20250114_130314,990
0,VID_20250114_130314,1000
0,VID_20250114_130314,1010
0,VID_20250114_130314,1020
0,VID_20250114_130314,1030
0,VID_20250114_130314,1040
0,VID_20250114_130314,1050
0,VID_20250114_130314,1060
0,VID_20250114_130314,1070
0,VID_20250114_130314,1080
0,VID_20250114_130314,1090
0,VID_20250114_130314,1100
0,VID_20250114_130314,1110
0,VID_20250114_130314,1120
0,VID_20250114_130314,1130
0,VID_20250114_130314,1140
0,VID_20250114_130314,1150
0,VID_20250114_130314,1160
0,VID_20250114_130314,1170
0,VID_20250114_130314,1180
0,VID_20250114_130314,1190
0,VID_20250114_130314,1200
0,VID_20250114_130314,1210
0,VID_20250114_130314,1220
0,VID_20250114_130314,1230
0,VID_20250114_130314,1240
0,VID_20250114_130314,1250
0,VID_20250114_130314,1260
0,VID_20250114_130314,1270
0,VID_20250114_130314,1280
0,VID_20250114_130314,1290
0,VID_20250114_130314,1300
0,VID_20250114_130314,1310
0,VID_20250114_130314,1320
0,VID_20250114_130314,1330
0,VID_20250114_130314,1340
0,VID_20250114_130314,1350
0,VID_20250114_130314,1360
0,VID_20250114_130314,1370
0,VID_20250114_130314,1380
0,VID_20250114_130314,1390
0,VID_20250114_130314,1400
0,VID_20250114_130314,1410
0,VID_20250114_130314,1420
0,VID_20250114_130314,1430
0,VID_20250114_130314,1440
0,VID_20250114_130314,1450
0,VID_20250114_130314,1460
0,VID_20250114_130314,1470
0,VID_20250114_130314,1480
0,VID_20250114_130314,1490
0,VID_20250114_130314,1500
0,VID_20250114_130314,1510
0,VID_20250114_130314,1520
0,VID_20250114_130314,1530
0,VID_20250114_130314,1540
0,VID_20250114_130314,1550
0,VID_20250114_130314,1560
0,VID_20250114_130314,1570
0,VID_20250114_130314,1580
0,VID_20250114_130314,1590
0,VID_20250114_130314,1600
0,VID_20250114_130314,1610
0,VID_20250114_130314,1620
0,VID_20250114_130314,1630
0,VID_20250114_130314,1640
0,VID_20250114_130314,1650
0,VID_20250114_130314,1660
0,VID_20250114_130314,1670
0,VID_20250114_130314,1680
0,VID_20250114_130314,1690
0,VID_20250114_130314,1700
0,VID_20250114_130314,1710
0,VID_20250114_130314,1720
0,VID_20250114_130314,1730
0,VID_20250114_130314,1740
0,VID_20250114_130314,1750
0,VID_20250114_130314,1760
0,VID_20250114_130314,1770
0,VID_20250114_130314,1780
0,VID_20250114_130314,1790
0,VID_20250114_130314,1800
0,VID_20250114_130314,1810
0,VID_20250114_130314,1820
0,VID_20250114_130314,1830
0,VID_20250114_130314,1840
0,VID_20250114_130314,1850
0,VID_20250114_130314,1860
0,VID_20250114_130314,1870
0,VID_20250114_130314,1880
0,VID_20250114_130314,1890
0,VID_20250114_130314,1900
0,VID_20250114_130314,1910
0,VID_20250114_130314,1920
0,VID_20250114_130314,1930
0,VID_20250114_130314,1940
0,VID_20250114_130314,1950
0,VID_20250114_130314,1960
0,VID_20250114_130314,1970
0,VID_20250114_130314,1980
0,VID_20250114_130314,1990
0,VID_20250114_130314,2000
0,VID_20250114_130314,2010
0,VID_20250114_130314,2020
0,VID_20250114_130314,2030
0,VID_20250114_130314,2040
0,VID_20250114_130314,2050
0,VID_20250114_130314,2060
0,VID_20250114_130314,2070
0,VID_20250114_130314,2080
0,VID_20250114_130314,2090
0,VID_20250114_130314,2100
0,VID_20250114_130314,2110
0,VID_20250114_130314,2120
0,VID_20250114_130314,2130
0,VID_20250114_130314,2140
0,VID_20250114_130314,2150
0,VID_20250114_130314,2160
0,VID_20250114_130314,2170
0,VID_20250114_130314,2180
0,VID_20250114_130314,2190
0,VID_20250114_130314,2200
0,VID_20250114_130314,2210
0,VID_20250114_130314,2220
0,VID_20250114_130314,2230
0,VID_20250114_130314,2240
0,VID_20250114_130314,2250
0,VID_20250114_130314,2260
0,VID_20250114_130314,2270
0,VID_20250114_130314,2280
0,VID_20250114_130314,2290
0,VID_20250114_130314,2300
0,VID_20250114_130314,2310
0,VID_20250114_130314,2320
0,VID_20250114_130314,2330
0,VID_20250114_130314,2340
0,VID_20250114_130314,2350
0,VID_20250114_130314,2360
0,VID_20250114_130314,2370
0,VID_20250114_130314,2380
0,VID_20250114_130314,2390
0,VID_20250114_130314,2400
0,VID_20250114_130314,2410
0,VID_20250114_130314,2420
0,VID_20250114_130314,2430
0,VID_20250114_130314,2440
0,VID_20250114_130314,2450
0,VID_20250114_130314,2460
0,VID_20250114_130314,2470
0,VID_20250114_130314,2480
0,VID_20250114_130314,2490
0,VID_20250114_130314,2500
0,VID_20250114_130314,2510
0,VID_20250114_130314,2520
0,VID_20250114_130314,2530
0,VID_20250114_130314,2540
0,VID_20250114_130314,2550
0,VID_20250114_130314,2560
0,VID_20250114_130314,2570
0,VID_20250114_130314,2580
0,VID_20250114_130314,2590
0,VID_20250114_130314,2600
0,VID_20250114_130314,2610
0,VID_20250114_130314,2620
0,VID_20250114_130314,2630
0,VID_20250114_130314,2640
0,VID_20250114_130314,2650
0,VID_20250114_130314,2660
0,VID_20250114_130314,2670
0,VID_20250114_130314,2680
0,VID_20250114_130314,2690
0,VID_20250114_130314,2700
0,VID_20250114_130314,2710
0,VID_20250114_130314,2720
0,VID_20250114_130314,2730
0,VID_20250114_130314,2740
0,VID_20250114_130314,2750
0,VID_20250114_130314,2760
0,VID_20250114_130314,2770
0,VID_20250114_130314,2780
0,VID_20250114_130314,2790
0,VID_20250114_130314,2800
0,VID_20250114_130314,2810
0,VID_20250114_130314,2820
0,VID_20250114_130314,2830
0,VID_20250114_130314,2840
0,VID_20250114_130314,2850
0,VID_20250114_130314,2860
0,VID_20250114_130314,2870
0,VID_20250114_130314,2880
0,VID_20250114_130314,2890
0,VID_20250114_130314,2900
0,VID_20250114_130314,2910
0,VID_20250114_130314,2920
0,VID_20250114_130314,2930
0,VID_20250114_130314,2940
0,VID_20250114_130314,2950
0,VID_20250114_130314,2960
0,VID_20250114_130314,2970
0,VID_20250114_130314,2980
0,VID_20250114_130314,2990
0,VID_20250114_130314,3000
0,VID_20250114_130314,3010
0,VID_20250114_130314,3020
0,VID_20250114_130314,3030
0,VID_20250114_130314,3040
0,VID_20250114_130314,3050
0,VID_20250114_130314,3060
0,VID_20250114_130314,3070
0,VID_20250114_130314,3080
0,VID_20250114_130314,3090
0,VID_20250114_130314,3100
0,VID_20250114_130314,3110
0,VID_20250114_130314,3120
0,VID_20250114_130314,3130
0,VID_20250114_130314,3140
0,VID_20250114_130314,3150
0,VID_20250114_130314,3160
0,VID_20250114_130314,3170
0,VID_20250114_130314,3180
0,VID_20250114_130314,3190
0,VID_20250114_130314,3200
0,VID_20250114_130314,3210
0,VID_20250114_130314,3220
0,VID_20250114_130314,3230
0,VID_20250114_130314,3240
0,VID_20250114_130314,3250
0,VID_20250114_130314,3260
0,VID_20250114_130314,3270
0,VID_20250114_130314,3280
0,VID_20250114_130314,3290
0,VID_20250114_130314,3300
0,VID_20250114_130314,3310
0,VID_20250114_130314,3320
0,VID_20250114_130314,3330
0,VID_20250114_130314,3340
0,VID_20250114_130314,3350
0,VID_20250114_130314,3360
0,VID_20250114_130314,3370
0,VID_20250114_130314,3380
0,VID_20250114_130314,3390
0,VID_20250114_130314,3400
0,VID_20250114_130314,3410
0,VID_20250114_130314,3420
0,VID_20250114_130314,3430
0,VID_20250114_130314,3440
0,VID_20250114_130314,3450
0,VID_20250114_130314,3460
0,VID_20250114_130314,3470
0,VID_20250114_130314,3480
0,VID_20250114_130314,3490
0,VID_20250114_130314,3500
0,VID_20250114_130314,3510
0,VID_20250114_130314,3520
0,VID_20250114_130314,3530
0,VID_20250114_130314,3540
0,VID_20250114_130314,3550
0,VID_20250114_130314,3560
0,VID_20250114_130314,3570
0,VID_20250114_130314,3580
0,VID_20250114_130314,3590
0,VID_20250114_130314,3600
0,VID_20250114_130314,3610
0,VID_20250114_130314,3620
0,VID_20250114_130314,3630
0,VID_20250114_130314,3640
0,VID_20250114_130314,3650
0,VID_20250114_130314,3660
0,VID_20250114_130314,3670
0,VID_20250114_130314,3680
0,VID_20250114_130314,3690
0,VID_20250114_130314,3700
0,VID_20250114_130314,3710
0,VID_20250114_130314,3720
0,VID_20250114_130314,3730
0,VID_20250114_130314,3740
0,VID_20250114_130314,3750
0,VID_20250114_130314,3760
0,VID_20250114_130314,3770
0,VID_20250114_130314,3780
0,VID_20250114_130314,3790
0,VID_20250114_130314,3800
0,VID_20250114_130314,3810
0,VID_20250114_130314,3820
0,VID_20250114_130314,3830
0,VID_20250114_130314,3840
0,VID_20250114_130314,3850
0,VID_20250114_130314,3860
0,VID_20250114_130314,3870
0,VID_20250114_130314,3880
0,VID_20250114_130314,3890
0,VID_20250114_130314,3900
0,VID_20250114_130314,3910
0,VID_20250114_130314,3920
0,VID_20250114_130314,3930
0,VID_20250114_130314,3940
0,VID_20250114_130314,3950
0,VID_20250114_130314,3960
0,VID_20250114_130314,3970
0,VID_20250114_130314,3980
0,VID_20250114_130314,3990
0,VID_20250114_130314,4000
0,VID_20250114_130314,4010
0,VID_20250114_130314,4020
0,VID_20250114_130314,4030
0,VID_20250114_130314,4040
0,VID_20250114_130314,4050
0,VID_20250114_130314,4060
0,VID_20250114_130314,4070
0,VID_20250114_130314,4080
0,VID_20250114_130314,4090
0,VID_20250114_130314,4100
0,VID_20250114_130314,4110
0,VID_20250114_130314,4120
0,VID_20250114_130314,4130
0,VID_20250114_130314,4140
0,VID_20250114_130314,4150
0,VID_20250114_130314,4160
0,VID_20250114_130314,4170
0,VID_20250114_130314,4180
0,VID_20250114_130314,4190
0,VID_20250114_130314,4200
0,VID_20250114_130314,4210
0,VID_20250114_130314,4220
0,VID_20250114_130314,4230
0,VID_20250114_130314,4240
0,VID_20250114_130314,4250
0,VID_20250114_130314,4260
0,VID_20250114_130314,4270
0,VID_20250114_130314,4280
0,VID_20250114_130314,4290
0,VID_20250114_130314,4300
0,VID_20250114_130314,4310
0,VID_20250114_130314,4320
0,VID_20250114_130314,4330
0,VID_20250114_130314,4340
0,VID_20250114_130314,4350
0,VID_20250114_130314,4360
0,VID_20250114_130314,4370
0,VID_20250114_130314,4380
0,VID_20250114_130314,4390
0,VID_20250114_130314,4400
0,VID_20250114_130314,4410
0,VID_20250114_130314,4420
0,VID_20250114_130314,4430
0,VID_20250114_130314,4440
0,VID_20250114_130314,4450
0,VID_20250114_130314,4460
0,VID_20250114_130314,4470
0,VID_20250114_130314,4480
0,VID_20250114_130314,4490
0,VID_20250114_130314,4500
0,VID_20250114_130314,4510
0,VID_20250114_130314,4520
0,VID_20250114_130314,4530
0,VID_20250114_130314,4540
0,VID_20250114_130314,4550
0,VID_20250114_130314,4560
0,VID_20250114_130314,4570
0,VID_20250114_130314,4580
0,VID_20250114_130314,4590
0,VID_20250114_130314,4600
0,VID_20250114_130314,4610
0,VID_20250114_130314,4620
0,VID_20250114_130314,4630
0,VID_20250114_130314,4640
0,VID_20250114_130314,4650
0,VID_20250114_130314,4660
0,VID_20250114_130314,4670
0,VID_20250114_130314,4680
0,VID_20250114_130314,4690
0,VID_20250114_130314,4700
0,VID_20250114_130314,4710
0,VID_20250114_130314,4720
0,VID_20250114_130314,4730
0,VID_20250114_130314,4740
0,VID_20250114_130314,4750
0,VID_20250114_130314,4760
1,VID_20250114_130314,4770
1,VID_20250114_130314,4780
1,VID_20250114_130314,4790
1,VID_20250114_130314,4800
1,VID_20250114_130314,4810
1,VID_20250114_130314,4820
1,VID_20250114_130314,4830
1,VID_20250114_130314,4840
1,VID_20250114_130314,4850
1,VID_20250114_130314,4860
1,VID_20250114_130314,4870
1,VID_20250114_130314,4880
1,VID_20250114_130314,4890
1,VID_20250114_130314,4900
1,VID_20250114_130314,4910
1,VID_20250114_130314,4920
1,VID_20250114_130314,4930
1,VID_20250114_130314,4940
1,VID_20250114_130314,4950
1,VID_20250114_130314,4960
1,VID_20250114_130314,4970
1,VID_20250114_130314,4980
1,VID_20250114_130314,4990
1,VID_20250114_130314,5000
1,VID_20250114_130314,5010
1,VID_20250114_130314,5020
1,VID_20250114_130314,5030
1,VID_20250114_130314,5040
1,VID_20250114_130314,5050
1,VID_20250114_130314,5060
1,VID_20250114_130314,5070
1,VID_20250114_130314,5080
1,VID_20250114_130314,5090
1,VID_20250114_130314,5100
1,VID_20250114_130314,5110
1,VID_20250114_130314,5120
1,VID_20250114_130314,5130
1,VID_20250114_130314,5140
1,VID_20250114_130314,5150
1,VID_20250114_130314,5160
1,VID_20250114_130314,5170
1,VID_20250114_130314,5180
1,VID_20250114_130314,5190
1,VID_20250114_130314,5200
1,VID_20250114_130314,5210
1,VID_20250114_130314,5220
1,VID_20250114_130314,5230
1,VID_20250114_130314,5240
1,VID_20250114_130314,5250
1,VID_20250114_130314,5260
1,VID_20250114_130314,5270
1,VID_20250114_130314,5280
1,VID_20250114_130314,5290
1,VID_20250114_130314,5300
1,VID_20250114_130314,5310
1,VID_20250114_130314,5320
1,VID_20250114_130314,5330
1,VID_20250114_130314,5340
1,VID_20250114_130314,5350
1,VID_20250114_130314,5360
1,VID_20250114_130314,5370
1,VID_20250114_130314,5380
1,VID_20250114_130314,5390
1,VID_20250114_130314,5400
1,VID_20250114_130314,5410
1,VID_20250114_130314,5420
1,VID_20250114_130314,5430
1,VID_20250114_130314,5440
1,VID_20250114_130314,5450
1,VID_20250114_130314,5460
1,VID_20250114_130314,5470
1,VID_20250114_130314,5480
1,VID_20250114_130314,5490
1,VID_20250114_130314,5500
1,VID_20250114_130314,5510
1,VID_20250114_130314,5520
1,VID_20250114_130314,5530
1,VID_20250114_130314,5540
1,VID_20250114_130314,5550
1,VID_20250114_130314,5560
1,VID_20250114_130314,5570
1,VID_20250114_130314,5580
1,VID_20250114_130314,5590
1,VID_20250114_130314,5600
1,VID_20250114_130314,5610
1,VID_20250114_130314,5620
1,VID_20250114_130314,5630
1,VID_20250114_130314,5640
1,VID_20250114_130314,5650
1,VID_20250114_130314,5660
1,VID_20250114_130314,5670
1,VID_20250114_130314,5680
1,VID_20250114_130314,5690
1,VID_20250114_130314,5700
2,VID_20250114_130314,5810
2,VID_20250114_130314,5820
2,VID_20250114_130314,5830
2,VID_20250114_130314,5840
2,VID_20250114_130314,5850
2,VID_20250114_130314,5860
2,VID_20250114_130314,5870
2,VID_20250114_130314,5880
2,VID_20250114_130314,5890
2,VID_20250114_130314,5900
2,VID_20250114_130314,5910
2,VID_20250114_130314,5920
2,VID_20250114_130314,5930
2,VID_20250114_130314,5940
2,VID_20250114_130314,5950
2,VID_20250114_130314,5960
2,VID_20250114_130314,5970
2,VID_20250114_130314,5980
2,VID_20250114_130314,5990
2,VID_20250114_130314,6000
2,VID_20250114_130314,6010
2,VID_20250114_130314,6020
2,VID_20250114_130314,6030
2,VID_20250114_130314,6040
2,VID_20250114_130314,6050
2,VID_20250114_130314,6060
2,VID_20250114_130314,6070
2,VID_20250114_130314,6080
2,VID_20250114_130314,6090
2,VID_20250114_130314,6100
2,VID_20250114_130314,6110
2,VID_20250114_130314,6120
2,VID_20250114_130314,6130
2,VID_20250114_130314,6140
2,VID_20250114_130314,6150
2,VID_20250114_130314,6160
2,VID_20250114_130314,6170
2,VID_20250114_130314,6180
2,VID_20250114_130314,6190
2,VID_20250114_130314,6200
2,VID_20250114_130314,6210
2,VID_20250114_130314,6220
2,VID_20250114_130314,6230
2,VID_20250114_130314,6240
2,VID_20250114_130314,6250
2,VID_20250114_130314,6260
2,VID_20250114_130314,6270
2,VID_20250114_130314,6280
2,VID_20250114_130314,6290
2,VID_20250114_130314,6300
2,VID_20250114_130314,6310
2,VID_20250114_130314,6320
2,VID_20250114_130314,6330
2,VID_20250114_130314,6340
2,VID_20250114_130314,6350
2,VID_20250114_130314,6360
2,VID_20250114_130314,6370
2,VID_20250114_130314,6380
2,VID_20250114_130314,6390
2,VID_20250114_130314,6400
2,VID_20250114_130314,6410
2,VID_20250114_130314,6420
2,VID_20250114_130314,6430
2,VID_20250114_130314,6440
2,VID_20250114_130314,6450
2,VID_20250114_130314,6460
2,VID_20250114_130314,6470
2,VID_20250114_130314,6480
2,VID_20250114_130314,6490
2,VID_20250114_130314,6500
2,VID_20250114_130314,6510
2,VID_20250114_130314,6520
2,VID_20250114_130314,6530
2,VID_20250114_130314,6540
2,VID_20250114_130314,6550
2,VID_20250114_130314,6560
2,VID_20250114_130314,6570
2,VID_20250114_130314,6580
2,VID_20250114_130314,6590
2,VID_20250114_130314,6600
2,VID_20250114_130314,6610
2,VID_20250114_130314,6620
2,VID_20250114_130314,6630
2,VID_20250114_130314,6640
2,VID_20250114_130314,6650
2,VID_20250114_130314,6660
2,VID_20250114_130314,6670
2,VID_20250114_130314,6680
2,VID_20250114_130314,6690
2,VID_20250114_130314,6700
2,VID_20250114_130314,6710
2,VID_20250114_130314,6720
2,VID_20250114_130314,6730
2,VID_20250114_130314,6740
2,VID_20250114_130314,6750
2,VID_20250114_130314,6760
2,VID_20250114_130314,6770
2,VID_20250114_130314,6780
2,VID_20250114_130314,6790
2,VID_20250114_130314,6800
2,VID_20250114_130314,6810
2,VID_20250114_130314,6820
2,VID_20250114_130314,6830
2,VID_20250114_130314,6840
2,VID_20250114_130314,6850
2,VID_20250114_130314,6860
2,VID_20250114_130314,6870
2,VID_20250114_130314,6880
2,VID_20250114_130314,6890
2,VID_20250114_130314,6900
2,VID_20250114_130314,6910
2,VID_20250114_130314,6920
2,VID_20250114_130314,6930
2,VID_20250114_130314,6940
2,VID_20250114_130314,6950
2,VID_20250114_130314,6960
2,VID_20250114_130314,6970
2,VID_20250114_130314,6980
2,VID_20250114_130314,6990
2,VID_20250114_130314,7000
2,VID_20250114_130314,7010
2,VID_20250114_130314,7020
2,VID_20250114_130314,7030
2,VID_20250114_130314,7040
2,VID_20250114_130314,7050
2,VID_20250114_130314,7060
2,VID_20250114_130314,7070
2,VID_20250114_130314,7080
2,VID_20250114_130314,7090
2,VID_20250114_130314,7100
2,VID_20250114_130314,7110
2,VID_20250114_130314,7120
2,VID_20250114_130314,7130
2,VID_20250114_130314,7140
2,VID_20250114_130314,7150
2,VID_20250114_130314,7160
2,VID_20250114_130314,7170
2,VID_20250114_130314,7180
2,VID_20250114_130314,7190
2,VID_20250114_130314,7200
2,VID_20250114_130314,7210
2,VID_20250114_130314,7220
2,VID_20250114_130314,7230
2,VID_20250114_130314,7240
2,VID_20250114_130314,7250
2,VID_20250114_130314,7260
2,VID_20250114_130314,7270
2,VID_20250114_130314,7280
2,VID_20250114_130314,7290
2,VID_20250114_130314,7300
2,VID_20250114_130314,7310
2,VID_20250114_130314,7320
2,VID_20250114_130314,7330
2,VID_20250114_130314,7340
2,VID_20250114_130314,7350
2,VID_20250114_130314,7360
2,VID_20250114_130314,7370
2,VID_20250114_130314,7380
2,VID_20250114_130314,7390
2,VID_20250114_130314,7400
2,VID_20250114_130314,7410
2,VID_20250114_130314,7420
2,VID_20250114_130314,7430
2,VID_20250114_130314,7440
2,VID_20250114_130314,7450
2,VID_20250114_130314,7460
2,VID_20250114_130314,7470
2,VID_20250114_130314,7480
2,VID_20250114_130314,7490
2,VID_20250114_130314,7500
2,VID_20250114_130314,7510
2,VID_20250114_130314,7520
2,VID_20250114_130314,7530
2,VID_20250114_130314,7540
2,VID_20250114_130314,7550
2,VID_20250114_130314,7560
2,VID_20250114_130314,7570
2,VID_20250114_130314,7580
2,VID_20250114_130314,7590
2,VID_20250114_130314,7600
2,VID_20250114_130314,7610
2,VID_20250114_130314,7620
2,VID_20250114_130314,7630
2,VID_20250114_130314,7640
2,VID_20250114_130314,7650
2,VID_20250114_130314,7660
2,VID_20250114_130314,7670
2,VID_20250114_130314,7680
2,VID_20250114_130314,7690
2,VID_20250114_130314,7700
2,VID_20250114_130314,7710
2,VID_20250114_130314,7720
2,VID_20250114_130314,7730
2,VID_20250114_130314,7740
2,VID_20250114_130314,7750
2,VID_20250114_130314,7760
3,VID_20250114_130314,5720
3,VID_20250114_130314,5730
3,VID_20250114_130314,5740
3,VID_20250114_130314,5750
3,VID_20250114_130314,5760
3,VID_20250114_130314,5770
3,VID_20250114_130314,5780
0,VID_20250114_141649,0
0,VID_20250114_141649,10
0,VID_20250114_141649,20
0,VID_20250114_141649,30
0,VID_20250114_141649,40
0,VID_20250114_141649,50
0,VID_20250114_141649,60
0,VID_20250114_141649,70
0,VID_20250114_141649,80
0,VID_20250114_141649,90
0,VID_20250114_141649,100
0,VID_20250114_141649,110
0,VID_20250114_141649,120
0,VID_20250114_141649,130
0,VID_20250114_141649,140
0,VID_20250114_141649,150
0,VID_20250114_141649,160
0,VID_20250114_141649,170
0,VID_20250114_141649,180
0,VID_20250114_141649,190
0,VID_20250114_141649,200
0,VID_20250114_141649,210
0,VID_20250114_141649,220
0,VID_20250114_141649,230
0,VID_20250114_141649,240
0,VID_20250114_141649,250
0,VID_20250114_141649,260
0,VID_20250114_141649,270
0,VID_20250114_141649,280
0,VID_20250114_141649,290
0,VID_20250114_141649,300
0,VID_20250114_141649,310
0,VID_20250114_141649,320
0,VID_20250114_141649,330
0,VID_20250114_141649,340
0,VID_20250114_141649,350
0,VID_20250114_141649,360
0,VID_20250114_141649,370
0,VID_20250114_141649,380
0,VID_20250114_141649,390
0,VID_20250114_141649,400
0,VID_20250114_141649,410
0,VID_20250114_141649,420
0,VID_20250114_141649,430
0,VID_20250114_141649,440
0,VID_20250114_141649,450
0,VID_20250114_141649,460
0,VID_20250114_141649,470
0,VID_20250114_141649,480
0,VID_20250114_141649,490
0,VID_20250114_141649,500
0,VID_20250114_141649,510
0,VID_20250114_141649,520
0,VID_20250114_141649,530
0,VID_20250114_141649,540
0,VID_20250114_141649,550
0,VID_20250114_141649,560
0,VID_20250114_141649,570
0,VID_20250114_141649,580
0,VID_20250114_141649,590
0,VID_20250114_141649,600
0,VID_20250114_141649,610
0,VID_20250114_141649,620
0,VID_20250114_141649,630
0,VID_20250114_141649,640
0,VID_20250114_141649,650
0,VID_20250114_141649,660
0,VID_20250114_141649,670
0,VID_20250114_141649,680
0,VID_20250114_141649,690
0,VID_20250114_141649,700
0,VID_20250114_141649,710
0,VID_20250114_141649,720
0,VID_20250114_141649,730
0,VID_20250114_141649,740
0,VID_20250114_141649,750
0,VID_20250114_141649,760
0,VID_20250114_141649,770
0,VID_20250114_141649,780
0,VID_20250114_141649,790
0,VID_20250114_141649,800
0,VID_20250114_141649,810
0,VID_20250114_141649,820
0,VID_20250114_141649,830
0,VID_20250114_141649,840
0,VID_20250114_141649,850
0,VID_20250114_141649,860
0,VID_20250114_141649,870
0,VID_20250114_141649,880
0,VID_20250114_141649,890
0,VID_20250114_141649,900
0,VID_20250114_141649,910
0,VID_20250114_141649,920
0,VID_20250114_141649,930
0,VID_20250114_141649,940
0,VID_20250114_141649,950
0,VID_20250114_141649,960
0,VID_20250114_141649,970
0,VID_20250114_141649,980
0,VID_20250114_141649,990
0,VID_20250114_141649,1000
0,VID_20250114_141649,1010
0,VID_20250114_141649,1020
0,VID_20250114_141649,1030
0,VID_20250114_141649,1040
0,VID_20250114_141649,1050
0,VID_20250114_141649,1060
0,VID_20250114_141649,1070
0,VID_20250114_141649,1080
0,VID_20250114_141649,1090
0,VID_20250114_141649,1100
0,VID_20250114_141649,1110
0,VID_20250114_141649,1120
0,VID_20250114_141649,1130
0,VID_20250114_141649,1140
0,VID_20250114_141649,1150
0,VID_20250114_141649,1160
0,VID_20250114_141649,1170
0,VID_20250114_141649,1180
0,VID_20250114_141649,1190
0,VID_20250114_141649,1200
0,VID_20250114_141649,1210
0,VID_20250114_141649,1220
0,VID_20250114_141649,1230
0,VID_20250114_141649,1240
0,VID_20250114_141649,1250
0,VID_20250114_141649,1260
0,VID_20250114_141649,1270
0,VID_20250114_141649,1280
0,VID_20250114_141649,1290
0,VID_20250114_141649,1300
0,VID_20250114_141649,1310
0,VID_20250114_141649,1320
0,VID_20250114_141649,1330
0,VID_20250114_141649,1340
0,VID_20250114_141649,1350
0,VID_20250114_141649,1360
0,VID_20250114_141649,1370
0,VID_20250114_141649,1380
0,VID_20250114_141649,1390
0,VID_20250114_141649,1400
0,VID_20250114_141649,1410
0,VID_20250114_141649,1420
0,VID_20250114_141649,1430
0,VID_20250114_141649,1440
0,VID_20250114_141649,1450
0,VID_20250114_141649,1460
0,VID_20250114_141649,1470
0,VID_20250114_141649,1480
0,VID_20250114_141649,1490
0,VID_20250114_141649,1500
0,VID_20250114_141649,1510
0,VID_20250114_141649,1520
0,VID_20250114_141649,1530
0,VID_20250114_141649,1540
0,VID_20250114_141649,1550
0,VID_20250114_141649,1560
0,VID_20250114_141649,1570
0,VID_20250114_141649,1580
0,VID_20250114_141649,1590
0,VID_20250114_141649,1600
0,VID_20250114_141649,1610
0,VID_20250114_141649,1620
0,VID_20250114_141649,1630
0,VID_20250114_141649,1640
0,VID_20250114_141649,1650
0,VID_20250114_141649,1660
0,VID_20250114_141649,1670
0,VID_20250114_141649,1680
0,VID_20250114_141649,1690
0,VID_20250114_141649,1700
0,VID_20250114_141649,1710
0,VID_20250114_141649,1720
0,VID_20250114_141649,1730
0,VID_20250114_141649,1740
0,VID_20250114_141649,1750
0,VID_20250114_141649,1760
0,VID_20250114_141649,1770
0,VID_20250114_141649,1780
0,VID_20250114_141649,1790
0,VID_20250114_141649,1800
0,VID_20250114_141649,1810
0,VID_20250114_141649,1820
0,VID_20250114_141649,1830
0,VID_20250114_141649,1840
0,VID_20250114_141649,1850
0,VID_20250114_141649,1860
0,VID_20250114_141649,1870
0,VID_20250114_141649,1880
0,VID_20250114_141649,1890
0,VID_20250114_141649,1900
0,VID_20250114_141649,1910
0,VID_20250114_141649,1920
0,VID_20250114_141649,1930
0,VID_20250114_141649,1940
0,VID_20250114_141649,1950
0,VID_20250114_141649,1960
0,VID_20250114_141649,1970
0,VID_20250114_141649,1980
0,VID_20250114_141649,1990
0,VID_20250114_141649,2000
0,VID_20250114_141649,2010
0,VID_20250114_141649,2020
0,VID_20250114_141649,2030
0,VID_20250114_141649,2040
0,VID_20250114_141649,2050
0,VID_20250114_141649,2060
0,VID_20250114_141649,2070
0,VID_20250114_141649,2080
0,VID_20250114_141649,2090
0,VID_20250114_141649,2100
0,VID_20250114_141649,2110
0,VID_20250114_141649,2120
0,VID_20250114_141649,2130
0,VID_20250114_141649,2140
0,VID_20250114_141649,2150
0,VID_20250114_141649,2160
0,VID_20250114_141649,2170
0,VID_20250114_141649,2180
0,VID_20250114_141649,2190
0,VID_20250114_141649,2200
0,VID_20250114_141649,2210
0,VID_20250114_141649,2220
0,VID_20250114_141649,2230
0,VID_20250114_141649,2240
0,VID_20250114_141649,2250
0,VID_20250114_141649,2260
0,VID_20250114_141649,2270
0,VID_20250114_141649,2280
0,VID_20250114_141649,2290
0,VID_20250114_141649,2300
0,VID_20250114_141649,2310
0,VID_20250114_141649,2320
0,VID_20250114_141649,2330
0,VID_20250114_141649,2340
0,VID_20250114_141649,2350
0,VID_20250114_141649,2360
0,VID_20250114_141649,2370
0,VID_20250114_141649,2380
0,VID_20250114_141649,2390
0,VID_20250114_141649,2400
0,VID_20250114_141649,2410
0,VID_20250114_141649,2420
0,VID_20250114_141649,2430
0,VID_20250114_141649,2440
0,VID_20250114_141649,2450
0,VID_20250114_141649,2460
0,VID_20250114_141649,2470
0,VID_20250114_141649,2480
0,VID_20250114_141649,2490
0,VID_20250114_141649,2500
0,VID_20250114_141649,2510
0,VID_20250114_141649,2520
0,VID_20250114_141649,2530
0,VID_20250114_141649,2540
0,VID_20250114_141649,2550
0,VID_20250114_141649,2560
0,VID_20250114_141649,2570
0,VID_20250114_141649,2580
0,VID_20250114_141649,2590
0,VID_20250114_141649,2600
0,VID_20250114_141649,2610
0,VID_20250114_141649,2620
0,VID_20250114_141649,2630
0,VID_20250114_141649,2640
0,VID_20250114_141649,2650
0,VID_20250114_141649,2660
0,VID_20250114_141649,2670
0,VID_20250114_141649,2680
0,VID_20250114_141649,2690
0,VID_20250114_141649,2700
0,VID_20250114_141649,2710
0,VID_20250114_141649,2720
0,VID_20250114_141649,2730
0,VID_20250114_141649,2740
0,VID_20250114_141649,2750
0,VID_20250114_141649,2760
0,VID_20250114_141649,2770
0,VID_20250114_141649,2780
0,VID_20250114_141649,2790
1,VID_20250114_141649,2810
1,VID_20250114_141649,2820
1,VID_20250114_141649,2830
1,VID_20250114_141649,2840
1,VID_20250114_141649,2850
1,VID_20250114_141649,2860
1,VID_20250114_141649,2870
1,VID_20250114_141649,2880
1,VID_20250114_141649,2890
1,VID_20250114_141649,2900
1,VID_20250114_141649,2910
1,VID_20250114_141649,2920
1,VID_20250114_141649,2930
1,VID_20250114_141649,2940
1,VID_20250114_141649,2950
1,VID_20250114_141649,2960
1,VID_20250114_141649,2970
1,VID_20250114_141649,2980
1,VID_20250114_141649,2990
1,VID_20250114_141649,3000
1,VID_20250114_141649,3010
1,VID_20250114_141649,3020
1,VID_20250114_141649,3030
1,VID_20250114_141649,3040
1,VID_20250114_141649,3050
1,VID_20250114_141649,3060
1,VID_20250114_141649,3070
1,VID_20250114_141649,3080
1,VID_20250114_141649,3090
1,VID_20250114_141649,3100
1,VID_20250114_141649,3110
1,VID_20250114_141649,3120
1,VID_20250114_141649,3130
1,VID_20250114_141649,3140
1,VID_20250114_141649,3150
1,VID_20250114_141649,3160
1,VID_20250114_141649,3170
1,VID_20250114_141649,3180
1,VID_20250114_141649,3190
1,VID_20250114_141649,3200
1,VID_20250114_141649,3210
1,VID_20250114_141649,3220
1,VID_20250114_141649,3230
1,VID_20250114_141649,3240
1,VID_20250114_141649,3250
1,VID_20250114_141649,3260
1,VID_20250114_141649,3270
1,VID_20250114_141649,3280
1,VID_20250114_141649,3290
1,VID_20250114_141649,3300
1,VID_20250114_141649,3310
1,VID_20250114_141649,3320
1,VID_20250114_141649,3330
1,VID_20250114_141649,3340
1,VID_20250114_141649,3350
1,VID_20250114_141649,3360
1,VID_20250114_141649,3370
1,VID_20250114_141649,3380
1,VID_20250114_141649,3390
1,VID_20250114_141649,3400
1,VID_20250114_141649,3410
1,VID_20250114_141649,3420
1,VID_20250114_141649,3430
1,VID_20250114_141649,3440
1,VID_20250114_141649,3450
1,VID_20250114_141649,3460
1,VID_20250114_141649,3470
1,VID_20250114_141649,3480
1,VID_20250114_141649,3490
1,VID_20250114_141649,3500
1,VID_20250114_141649,3510
1,VID_20250114_141649,3520
1,VID_20250114_141649,3530
1,VID_20250114_141649,3540
1,VID_20250114_141649,3550
1,VID_20250114_141649,3560
1,VID_20250114_141649,3570
1,VID_20250114_141649,3580
1,VID_20250114_141649,3590
1,VID_20250114_141649,3600
1,VID_20250114_141649,3610
1,VID_20250114_141649,3620
1,VID_20250114_141649,3630
1,VID_20250114_141649,3640
1,VID_20250114_141649,3650
1,VID_20250114_141649,3660
1,VID_20250114_141649,3670
1,VID_20250114_141649,3680
1,VID_20250114_141649,3690
1,VID_20250114_141649,3700
1,VID_20250114_141649,3710
1,VID_20250114_141649,3720
1,VID_20250114_141649,3730
1,VID_20250114_141649,3740
1,VID_20250114_141649,3750
1,VID_20250114_141649,3760
1,VID_20250114_141649,3770
1,VID_20250114_141649,3780
1,VID_20250114_141649,3790
1,VID_20250114_141649,3800
1,VID_20250114_141649,3810
1,VID_20250114_141649,3820
1,VID_20250114_141649,3830
1,VID_20250114_141649,3840
1,VID_20250114_141649,3850
1,VID_20250114_141649,3860
1,VID_20250114_141649,3870
1,VID_20250114_141649,3880
1,VID_20250114_141649,3890
1,VID_20250114_141649,3900
1,VID_20250114_141649,3910
1,VID_20250114_141649,3920
1,VID_20250114_141649,3930
1,VID_20250114_141649,3940
1,VID_20250114_141649,3950
1,VID_20250114_141649,3960
1,VID_20250114_141649,3970
1,VID_20250114_141649,3980
1,VID_20250114_141649,3990
1,VID_20250114_141649,4000
1,VID_20250114_141649,4010
1,VID_20250114_141649,4020
1,VID_20250114_141649,4030
1,VID_20250114_141649,4040
1,VID_20250114_141649,4050
1,VID_20250114_141649,4060
1,VID_20250114_141649,4070
1,VID_20250114_141649,4080
1,VID_20250114_141649,4090
1,VID_20250114_141649,4100
1,VID_20250114_141649,4110
1,VID_20250114_141649,4120
1,VID_20250114_141649,4130
1,VID_20250114_141649,4140
1,VID_20250114_141649,4150
1,VID_20250114_141649,4160
1,VID_20250114_141649,4170
1,VID_20250114_141649,4180
1,VID_20250114_141649,4190
1,VID_20250114_141649,4200
1,VID_20250114_141649,4210
1,VID_20250114_141649,4220
1,VID_20250114_141649,4230
1,VID_20250114_141649,4240
1,VID_20250114_141649,4250
1,VID_20250114_141649,4260
1,VID_20250114_141649,4270
1,VID_20250114_141649,4280
1,VID_20250114_141649,4290
1,VID_20250114_141649,4300
1,VID_20250114_141649,4310
1,VID_20250114_141649,4320
1,VID_20250114_141649,4330
1,VID_20250114_141649,4340
1,VID_20250114_141649,4350
1,VID_20250114_141649,4360
1,VID_20250114_141649,4370
1,VID_20250114_141649,4380
1,VID_20250114_141649,4390
1,VID_20250114_141649,4400
1,VID_20250114_141649,4410
1,VID_20250114_141649,4420
1,VID_20250114_141649,4430
1,VID_20250114_141649,4440
1,VID_20250114_141649,4450
1,VID_20250114_141649,4460
1,VID_20250114_141649,4470
1,VID_20250114_141649,4480
1,VID_20250114_141649,4490
1,VID_20250114_141649,4500
1,VID_20250114_141649,4510
1,VID_20250114_141649,4520
1,VID_20250114_141649,4530
1,VID_20250114_141649,4540
1,VID_20250114_141649,4550
1,VID_20250114_141649,4560
1,VID_20250114_141649,4570
1,VID_20250114_141649,4580
1,VID_20250114_141649,4590
1,VID_20250114_141649,4600
1,VID_20250114_141649,4610
1,VID_20250114_141649,4620
1,VID_20250114_141649,4630
1,VID_20250114_141649,4640
1,VID_20250114_141649,4650
1,VID_20250114_141649,4660
1,VID_20250114_141649,4670
1,VID_20250114_141649,4680
1,VID_20250114_141649,4690
1,VID_20250114_141649,4700
1,VID_20250114_141649,4710
1,VID_20250114_141649,4720
1,VID_20250114_141649,4730
1,VID_20250114_141649,4740
1,VID_20250114_141649,4750
1,VID_20250114_141649,4760
1,VID_20250114_141649,4770
1,VID_20250114_141649,4780
1,VID_20250114_141649,4790
1,VID_20250114_141649,4800
1,VID_20250114_141649,4810
1,VID_20250114_141649,4820
1,VID_20250114_141649,4830
1,VID_20250114_141649,4840
1,VID_20250114_141649,4850
1,VID_20250114_141649,4860
1,VID_20250114_141649,4870
1,VID_20250114_141649,4880
1,VID_20250114_141649,4890
1,VID_20250114_141649,4900
1,VID_20250114_141649,4910
1,VID_20250114_141649,4920
1,VID_20250114_141649,4930
1,VID_20250114_141649,4940
1,VID_20250114_141649,4950
1,VID_20250114_141649,4960
1,VID_20250114_141649,4970
1,VID_20250114_141649,4980
1,VID_20250114_141649,4990
1,VID_20250114_141649,5000
1,VID_20250114_141649,5010
1,VID_20250114_141649,5020
1,VID_20250114_141649,5030
1,VID_20250114_141649,5040
1,VID_20250114_141649,5050
1,VID_20250114_141649,5060
1,VID_20250114_141649,5070
1,VID_20250114_141649,5080
1,VID_20250114_141649,5090
1,VID_20250114_141649,5100
1,VID_20250114_141649,5110
1,VID_20250114_141649,5120
1,VID_20250114_141649,5130
1,VID_20250114_141649,5140
1,VID_20250114_141649,5150
1,VID_20250114_141649,5160
1,VID_20250114_141649,5170
1,VID_20250114_141649,5180
1,VID_20250114_141649,5250
1,VID_20250114_141649,5260
1,VID_20250114_141649,5270
1,VID_20250114_141649,5280
1,VID_20250114_141649,5290
1,VID_20250114_141649,5300
1,VID_20250114_141649,5310
1,VID_20250114_141649,5320
1,VID_20250114_141649,5330
1,VID_20250114_141649,5340
1,VID_20250114_141649,5350
1,VID_20250114_141649,5360
1,VID_20250114_141649,5370
1,VID_20250114_141649,5380
1,VID_20250114_141649,5390
1,VID_20250114_141649,5400
1,VID_20250114_141649,5410
1,VID_20250114_141649,5420
1,VID_20250114_141649,5430
1,VID_20250114_141649,5440
1,VID_20250114_141649,5450
1,VID_20250114_141649,5460
1,VID_20250114_141649,5470
1,VID_20250114_141649,5480
1,VID_20250114_141649,5490
1,VID_20250114_141649,5500
1,VID_20250114_141649,5510
1,VID_20250114_141649,5520
1,VID_20250114_141649,5530
1,VID_20250114_141649,5540
1,VID_20250114_141649,5550
1,VID_20250114_141649,5560
1,VID_20250114_141649,5570
1,VID_20250114_141649,5580
1,VID_20250114_141649,5590
1,VID_20250114_141649,5600
1,VID_20250114_141649,5610
1,VID_20250114_141649,5620
1,VID_20250114_141649,5630
1,VID_20250114_141649,5640
1,VID_20250114_141649,5650
1,VID_20250114_141649,5660
1,VID_20250114_141649,5670
1,VID_20250114_141649,5680
1,VID_20250114_141649,5690
1,VID_20250114_141649,5700
1,VID_20250114_141649,5710
1,VID_20250114_141649,5720
1,VID_20250114_141649,5730
1,VID_20250114_141649,5740
1,VID_20250114_141649,5750
1,VID_20250114_141649,5760
1,VID_20250114_141649,5770
1,VID_20250114_141649,5780
1,VID_20250114_141649,5790
1,VID_20250114_141649,5800
1,VID_20250114_141649,5810
1,VID_20250114_141649,5820
1,VID_20250114_141649,5830
1,VID_20250114_141649,5840
1,VID_20250114_141649,5850
1,VID_20250114_141649,5860
1,VID_20250114_141649,5870
1,VID_20250114_141649,5880
1,VID_20250114_141649,5890
1,VID_20250114_141649,5900
1,VID_20250114_141649,5910
1,VID_20250114_141649,5920
1,VID_20250114_141649,5930
1,VID_20250114_141649,5940
1,VID_20250114_141649,5950
1,VID_20250114_141649,5960
1,VID_20250114_141649,5970
1,VID_20250114_141649,5980
1,VID_20250114_141649,5990
1,VID_20250114_141649,6000
1,VID_20250114_141649,6010
1,VID_20250114_141649,6020
1,VID_20250114_141649,6030
1,VID_20250114_141649,6040
1,VID_20250114_141649,6050
1,VID_20250114_141649,6060
1,VID_20250114_141649,6070
1,VID_20250114_141649,6080
1,VID_20250114_141649,6090
1,VID_20250114_141649,6100
1,VID_20250114_141649,6110
1,VID_20250114_141649,6120
1,VID_20250114_141649,6130
1,VID_20250114_141649,6140
1,VID_20250114_141649,6150
1,VID_20250114_141649,6160
1,VID_20250114_141649,6170
1,VID_20250114_141649,6180
1,VID_20250114_141649,6190
1,VID_20250114_141649,6200
1,VID_20250114_141649,6210
1,VID_20250114_141649,6220
1,VID_20250114_141649,6230
1,VID_20250114_141649,6240
1,VID_20250114_141649,6250
1,VID_20250114_141649,6260
1,VID_20250114_141649,6270
1,VID_20250114_141649,6280
1,VID_20250114_141649,6290
1,VID_20250114_141649,6300
1,VID_20250114_141649,6310
1,VID_20250114_141649,6320
1,VID_20250114_141649,6330
1,VID_20250114_141649,6340
1,VID_20250114_141649,6350
1,VID_20250114_141649,6360
1,VID_20250114_141649,6370
1,VID_20250114_141649,6380
1,VID_20250114_141649,6390
1,VID_20250114_141649,6400
1,VID_20250114_141649,6410
1,VID_20250114_141649,6420
1,VID_20250114_141649,6430
1,VID_20250114_141649,6440
1,VID_20250114_141649,6450
1,VID_20250114_141649,6460
1,VID_20250114_141649,6470
1,VID_20250114_141649,6480
1,VID_20250114_141649,6490
1,VID_20250114_141649,6500
1,VID_20250114_141649,6510
1,VID_20250114_141649,6520
1,VID_20250114_141649,6530
1,VID_20250114_141649,6540
1,VID_20250114_141649,6550
1,VID_20250114_141649,6560
1,VID_20250114_141649,6570
1,VID_20250114_141649,6580
1,VID_20250114_141649,6590
1,VID_20250114_141649,6600
1,VID_20250114_141649,6610
1,VID_20250114_141649,6620
1,VID_20250114_141649,6630
1,VID_20250114_141649,6640
1,VID_20250114_141649,6650
1,VID_20250114_141649,6660
1,VID_20250114_141649,6670
1,VID_20250114_141649,6680
1,VID_20250114_141649,6690
1,VID_20250114_141649,6700
1,VID_20250114_141649,6710
1,VID_20250114_141649,6720
1,VID_20250114_141649,6730
1,VID_20250114_141649,6740
1,VID_20250114_141649,6750
1,VID_20250114_141649,6760
1,VID_20250114_141649,6770
1,VID_20250114_141649,6780
1,VID_20250114_141649,6790
1,VID_20250114_141649,6800
1,VID_20250114_141649,6810
1,VID_20250114_141649,6820
1,VID_20250114_141649,6830
1,VID_20250114_141649,6840
1,VID_20250114_141649,6850
1,VID_20250114_141649,6860
1,VID_20250114_141649,6870
1,VID_20250114_141649,6880
1,VID_20250114_141649,6890
1,VID_20250114_141649,6900
1,VID_20250114_141649,6910
1,VID_20250114_141649,6920
1,VID_20250114_141649,6930
1,VID_20250114_141649,6940
1,VID_20250114_141649,6950
1,VID_20250114_141649,6960
1,VID_20250114_141649,6970
1,VID_20250114_141649,6980
1,VID_20250114_141649,6990
1,VID_20250114_141649,7000
1,VID_20250114_141649,7010
1,VID_20250114_141649,7020
1,VID_20250114_141649,7030
1,VID_20250114_141649,7040
1,VID_20250114_141649,7050
1,VID_20250114_141649,7060
1,VID_20250114_141649,7070
1,VID_20250114_141649,7080
1,VID_20250114_141649,7090
1,VID_20250114_141649,7100
1,VID_20250114_141649,7110
1,VID_20250114_141649,7120
1,VID_20250114_141649,7130
1,VID_20250114_141649,7140
1,VID_20250114_141649,7150
1,VID_20250114_141649,7160
1,VID_20250114_141649,7170
1,VID_20250114_141649,7180
1,VID_20250114_141649,7190
1,VID_20250114_141649,7200
1,VID_20250114_141649,7210
1,VID_20250114_141649,7220
1,VID_20250114_141649,7230
1,VID_20250114_141649,7240
1,VID_20250114_141649,7250
1,VID_20250114_141649,7260
1,VID_20250114_141649,7270
1,VID_20250114_141649,7280
1,VID_20250114_141649,7290
1,VID_20250114_141649,7300
1,VID_20250114_141649,7310
1,VID_20250114_141649,7320
1,VID_20250114_141649,7330
1,VID_20250114_141649,7340
1,VID_20250114_141649,7350
1,VID_20250114_141649,7360
1,VID_20250114_141649,7370
1,VID_20250114_141649,7380
1,VID_20250114_141649,7390
1,VID_20250114_141649,7400
1,VID_20250114_141649,7410
1,VID_20250114_141649,7420
1,VID_20250114_141649,7430
1,VID_20250114_141649,7440
1,VID_20250114_141649,7450
1,VID_20250114_141649,7460
1,VID_20250114_141649,7470
1,VID_20250114_141649,7480
1,VID_20250114_141649,7490
1,VID_20250114_141649,7500
1,VID_20250114_141649,7510
1,VID_20250114_141649,7520
1,VID_20250114_141649,7530
1,VID_20250114_141649,7540
1,VID_20250114_141649,7550
1,VID_20250114_141649,7560
1,VID_20250114_141649,7570
1,VID_20250114_141649,7580
1,VID_20250114_141649,7590
1,VID_20250114_141649,7600
1,VID_20250114_141649,7610
1,VID_20250114_141649,7620
1,VID_20250114_141649,7630
1,VID_20250114_141649,7640
1,VID_20250114_141649,7650
1,VID_20250114_141649,7660
1,VID_20250114_141649,7670
1,VID_20250114_141649,7680
2,VID_20250114_141649,7690
2,VID_20250114_141649,7700
2,VID_20250114_141649,7710
2,VID_20250114_141649,7720
2,VID_20250114_141649,7730
2,VID_20250114_141649,7740
2,VID_20250114_141649,7750
2,VID_20250114_141649,7760
2,VID_20250114_141649,7770
2,VID_20250114_141649,7780
2,VID_20250114_141649,7790
2,VID_20250114_141649,7800
2,VID_20250114_141649,7810
2,VID_20250114_141649,7820
2,VID_20250114_141649,7830
2,VID_20250114_141649,7840
2,VID_20250114_141649,7850
2,VID_20250114_141649,7860
2,VID_20250114_141649,7870
2,VID_20250114_141649,7880
2,VID_20250114_141649,7890
2,VID_20250114_141649,7900
2,VID_20250114_141649,7910
2,VID_20250114_141649,7920
2,VID_20250114_141649,7930
2,VID_20250114_141649,7940
2,VID_20250114_141649,7950
2,VID_20250114_141649,7960
2,VID_20250114_141649,7970
2,VID_20250114_141649,7980
2,VID_20250114_141649,7990
2,VID_20250114_141649,8000
2,VID_20250114_141649,8010
2,VID_20250114_141649,8020
2,VID_20250114_141649,8030
2,VID_20250114_141649,8040
2,VID_20250114_141649,8050
2,VID_20250114_141649,8060
2,VID_20250114_141649,8070
2,VID_20250114_141649,8080
2,VID_20250114_141649,8090
2,VID_20250114_141649,8100
2,VID_20250114_141649,8110
2,VID_20250114_141649,8120
2,VID_20250114_141649,8130
2,VID_20250114_141649,8140
2,VID_20250114_141649,8150
2,VID_20250114_141649,8160
2,VID_20250114_141649,8170
2,VID_20250114_141649,8180
2,VID_20250114_141649,8190
2,VID_20250114_141649,8200
2,VID_20250114_141649,8210
2,VID_20250114_141649,8220
2,VID_20250114_141649,8230
2,VID_20250114_141649,8240
2,VID_20250114_141649,8250
2,VID_20250114_141649,8260
2,VID_20250114_141649,8270
2,VID_20250114_141649,8280
2,VID_20250114_141649,8290
2,VID_20250114_141649,8300
2,VID_20250114_141649,8310
2,VID_20250114_141649,8320
2,VID_20250114_141649,8330
2,VID_20250114_141649,8340
2,VID_20250114_141649,8350
2,VID_20250114_141649,8360
2,VID_20250114_141649,8370
2,VID_20250114_141649,8380
2,VID_20250114_141649,8390
2,VID_20250114_141649,8400
2,VID_20250114_141649,8410
2,VID_20250114_141649,8420
2,VID_20250114_141649,8430
2,VID_20250114_141649,8440
2,VID_20250114_141649,8450
2,VID_20250114_141649,8460
2,VID_20250114_141649,8470
2,VID_20250114_141649,8480
2,VID_20250114_141649,8490
2,VID_20250114_141649,8500
2,VID_20250114_141649,8510
2,VID_20250114_141649,8520
2,VID_20250114_141649,8530
2,VID_20250114_141649,8540
2,VID_20250114_141649,8550
2,VID_20250114_141649,8560
2,VID_20250114_141649,8570
2,VID_20250114_141649,8580
2,VID_20250114_141649,8590
2,VID_20250114_141649,8600
2,VID_20250114_141649,8610
2,VID_20250114_141649,8620
2,VID_20250114_141649,8630
2,VID_20250114_141649,8640
2,VID_20250114_141649,8650
2,VID_20250114_141649,8660
2,VID_20250114_141649,8670
2,VID_20250114_141649,8680
2,VID_20250114_141649,8690
2,VID_20250114_141649,8700
2,VID_20250114_141649,8710
2,VID_20250114_141649,8720
2,VID_20250114_141649,8730
2,VID_20250114_141649,8740
2,VID_20250114_141649,8750
2,VID_20250114_141649,8760
2,VID_20250114_141649,8770
2,VID_20250114_141649,8780
2,VID_20250114_141649,8790
2,VID_20250114_141649,8800
2,VID_20250114_141649,8810
2,VID_20250114_141649,8820
2,VID_20250114_141649,8830
2,VID_20250114_141649,8840
2,VID_20250114_141649,8850
2,VID_20250114_141649,8860
2,VID_20250114_141649,8870
2,VID_20250114_141649,8880
2,VID_20250114_141649,8890
2,VID_20250114_141649,8900
2,VID_20250114_141649,8910
2,VID_20250114_141649,8920
2,VID_20250114_141649,8930
2,VID_20250114_141649,8940
2,VID_20250114_141649,8950
2,VID_20250114_141649,8960
2,VID_20250114_141649,8970
2,VID_20250114_141649,8980
2,VID_20250114_141649,8990
2,VID_20250114_141649,9000
2,VID_20250114_141649,9010
2,VID_20250114_141649,9020
2,VID_20250114_141649,9030
2,VID_20250114_141649,9040
2,VID_20250114_141649,9050
2,VID_20250114_141649,9060
2,VID_20250114_141649,9070
2,VID_20250114_141649,9080
2,VID_20250114_141649,9090
2,VID_20250114_141649,9100
2,VID_20250114_141649,9110
2,VID_20250114_141649,9120
2,VID_20250114_141649,9130
2,VID_20250114_141649,9140
2,VID_20250114_141649,9150
2,VID_20250114_141649,9160
2,VID_20250114_141649,9170
2,VID_20250114_141649,9180
2,VID_20250114_141649,9190
2,VID_20250114_141649,9200
2,VID_20250114_141649,9210
2,VID_20250114_141649,9220
2,VID_20250114_141649,9230
0,VID_20250114_141651,0
0,VID_20250114_141651,10
0,VID_20250114_141651,20
0,VID_20250114_141651,30
0,VID_20250114_141651,40
0,VID_20250114_141651,50
0,VID_20250114_141651,60
0,VID_20250114_141651,70
0,VID_20250114_141651,80
0,VID_20250114_141651,90
0,VID_20250114_141651,100
0,VID_20250114_141651,110
0,VID_20250114_141651,120
0,VID_20250114_141651,130
0,VID_20250114_141651,140
0,VID_20250114_141651,150
0,VID_20250114_141651,160
0,VID_20250114_141651,170
0,VID_20250114_141651,180
0,VID_20250114_141651,190
0,VID_20250114_141651,200
0,VID_20250114_141651,210
0,VID_20250114_141651,220
0,VID_20250114_141651,230
0,VID_20250114_141651,240
0,VID_20250114_141651,250
0,VID_20250114_141651,260
0,VID_20250114_141651,270
0,VID_20250114_141651,280
0,VID_20250114_141651,290
0,VID_20250114_141651,300
0,VID_20250114_141651,310
0,VID_20250114_141651,320
0,VID_20250114_141651,330
0,VID_20250114_141651,340
0,VID_20250114_141651,350
0,VID_20250114_141651,360
0,VID_20250114_141651,370
0,VID_20250114_141651,380
0,VID_20250114_141651,390
0,VID_20250114_141651,400
0,VID_20250114_141651,410
0,VID_20250114_141651,420
0,VID_20250114_141651,430
0,VID_20250114_141651,440
0,VID_20250114_141651,450
0,VID_20250114_141651,460
0,VID_20250114_141651,470
0,VID_20250114_141651,480
0,VID_20250114_141651,490
0,VID_20250114_141651,500
0,VID_20250114_141651,510
0,VID_20250114_141651,520
0,VID_20250114_141651,530
0,VID_20250114_141651,540
0,VID_20250114_141651,550
0,VID_20250114_141651,560
0,VID_20250114_141651,570
0,VID_20250114_141651,580
0,VID_20250114_141651,590
0,VID_20250114_141651,600
0,VID_20250114_141651,610
0,VID_20250114_141651,620
0,VID_20250114_141651,630
0,VID_20250114_141651,640
0,VID_20250114_141651,650
0,VID_20250114_141651,660
0,VID_20250114_141651,670
0,VID_20250114_141651,680
0,VID_20250114_141651,690
0,VID_20250114_141651,700
0,VID_20250114_141651,710
0,VID_20250114_141651,720
0,VID_20250114_141651,730
0,VID_20250114_141651,740
0,VID_20250114_141651,750
0,VID_20250114_141651,760
0,VID_20250114_141651,770
0,VID_20250114_141651,780
0,VID_20250114_141651,790
0,VID_20250114_141651,800
0,VID_20250114_141651,810
0,VID_20250114_141651,820
0,VID_20250114_141651,830
0,VID_20250114_141651,840
0,VID_20250114_141651,850
0,VID_20250114_141651,860
0,VID_20250114_141651,870
0,VID_20250114_141651,880
0,VID_20250114_141651,890
0,VID_20250114_141651,900
0,VID_20250114_141651,910
0,VID_20250114_141651,920
0,VID_20250114_141651,930
0,VID_20250114_141651,940
0,VID_20250114_141651,950
0,VID_20250114_141651,960
0,VID_20250114_141651,970
0,VID_20250114_141651,980
0,VID_20250114_141651,990
0,VID_20250114_141651,1000
0,VID_20250114_141651,1010
0,VID_20250114_141651,1020
0,VID_20250114_141651,1030
0,VID_20250114_141651,1040
0,VID_20250114_141651,1050
0,VID_20250114_141651,1060
0,VID_20250114_141651,1070
0,VID_20250114_141651,1080
0,VID_20250114_141651,1090
0,VID_20250114_141651,1100
0,VID_20250114_141651,1110
0,VID_20250114_141651,1120
0,VID_20250114_141651,1130
0,VID_20250114_141651,1140
0,VID_20250114_141651,1150
0,VID_20250114_141651,1160
0,VID_20250114_141651,1170
0,VID_20250114_141651,1180
0,VID_20250114_141651,1190
0,VID_20250114_141651,1200
0,VID_20250114_141651,1210
0,VID_20250114_141651,1220
0,VID_20250114_141651,1230
0,VID_20250114_141651,1240
0,VID_20250114_141651,1250
0,VID_20250114_141651,1260
0,VID_20250114_141651,1270
0,VID_20250114_141651,1280
0,VID_20250114_141651,1290
0,VID_20250114_141651,1300
0,VID_20250114_141651,1310
0,VID_20250114_141651,1320
0,VID_20250114_141651,1330
0,VID_20250114_141651,1340
0,VID_20250114_141651,1350
0,VID_20250114_141651,1360
0,VID_20250114_141651,1370
0,VID_20250114_141651,1380
0,VID_20250114_141651,1390
0,VID_20250114_141651,1400
0,VID_20250114_141651,1410
0,VID_20250114_141651,1420
0,VID_20250114_141651,1430
0,VID_20250114_141651,1440
0,VID_20250114_141651,1450
0,VID_20250114_141651,1460
0,VID_20250114_141651,1470
0,VID_20250114_141651,1480
0,VID_20250114_141651,1490
0,VID_20250114_141651,1500
0,VID_20250114_141651,1510
0,VID_20250114_141651,1520
0,VID_20250114_141651,1530
0,VID_20250114_141651,1540
0,VID_20250114_141651,1550
0,VID_20250114_141651,1560
0,VID_20250114_141651,1570
0,VID_20250114_141651,1580
0,VID_20250114_141651,1590
0,VID_20250114_141651,1600
0,VID_20250114_141651,1610
0,VID_20250114_141651,1620
0,VID_20250114_141651,1630
0,VID_20250114_141651,1640
0,VID_20250114_141651,1650
0,VID_20250114_141651,1660
0,VID_20250114_141651,1670
0,VID_20250114_141651,1680
0,VID_20250114_141651,1690
0,VID_20250114_141651,1700
0,VID_20250114_141651,1710
0,VID_20250114_141651,1720
0,VID_20250114_141651,1730
0,VID_20250114_141651,1740
0,VID_20250114_141651,1750
0,VID_20250114_141651,1760
0,VID_20250114_141651,1770
0,VID_20250114_141651,1780
0,VID_20250114_141651,1790
0,VID_20250114_141651,1800
0,VID_20250114_141651,1810
0,VID_20250114_141651,1820
0,VID_20250114_141651,1830
0,VID_20250114_141651,1840
0,VID_20250114_141651,1850
0,VID_20250114_141651,1860
0,VID_20250114_141651,1870
0,VID_20250114_141651,1880
0,VID_20250114_141651,1890
0,VID_20250114_141651,1900
0,VID_20250114_141651,1910
0,VID_20250114_141651,1920
0,VID_20250114_141651,1930
0,VID_20250114_141651,1940
0,VID_20250114_141651,1950
0,VID_20250114_141651,1960
0,VID_20250114_141651,1970
0,VID_20250114_141651,1980
0,VID_20250114_141651,1990
0,VID_20250114_141651,2000
0,VID_20250114_141651,2010
0,VID_20250114_141651,2020
0,VID_20250114_141651,2030
0,VID_20250114_141651,2040
0,VID_20250114_141651,2050
0,VID_20250114_141651,2060
0,VID_20250114_141651,2070
0,VID_20250114_141651,2080
0,VID_20250114_141651,2090
0,VID_20250114_141651,2100
0,VID_20250114_141651,2110
0,VID_20250114_141651,2120
0,VID_20250114_141651,2130
0,VID_20250114_141651,2140
0,VID_20250114_141651,2150
0,VID_20250114_141651,2160
0,VID_20250114_141651,2170
0,VID_20250114_141651,2180
0,VID_20250114_141651,2190
0,VID_20250114_141651,2200
0,VID_20250114_141651,2210
0,VID_20250114_141651,2220
0,VID_20250114_141651,2230
0,VID_20250114_141651,2240
0,VID_20250114_141651,2250
0,VID_20250114_141651,2260
0,VID_20250114_141651,2270
0,VID_20250114_141651,2280
0,VID_20250114_141651,2290
0,VID_20250114_141651,2300
0,VID_20250114_141651,2310
0,VID_20250114_141651,2320
0,VID_20250114_141651,2330
0,VID_20250114_141651,2340
0,VID_20250114_141651,2350
0,VID_20250114_141651,2360
0,VID_20250114_141651,2370
0,VID_20250114_141651,2380
0,VID_20250114_141651,2390
0,VID_20250114_141651,2400
0,VID_20250114_141651,2410
0,VID_20250114_141651,2420
0,VID_20250114_141651,2430
0,VID_20250114_141651,2440
0,VID_20250114_141651,2450
0,VID_20250114_141651,2460
0,VID_20250114_141651,2470
0,VID_20250114_141651,2480
0,VID_20250114_141651,2490
0,VID_20250114_141651,2500
0,VID_20250114_141651,2510
0,VID_20250114_141651,2520
0,VID_20250114_141651,2530
0,VID_20250114_141651,2540
0,VID_20250114_141651,2550
0,VID_20250114_141651,2560
0,VID_20250114_141651,2570
0,VID_20250114_141651,2580
0,VID_20250114_141651,2590
0,VID_20250114_141651,2600
0,VID_20250114_141651,2610
0,VID_20250114_141651,2620
0,VID_20250114_141651,2630
0,VID_20250114_141651,2640
0,VID_20250114_141651,2650
0,VID_20250114_141651,2660
0,VID_20250114_141651,2670
0,VID_20250114_141651,2680
0,VID_20250114_141651,2690
0,VID_20250114_141651,2700
0,VID_20250114_141651,2710
0,VID_20250114_141651,2720
0,VID_20250114_141651,2730
0,VID_20250114_141651,2740
1,VID_20250114_141651,2770
1,VID_20250114_141651,2780
1,VID_20250114_141651,2790
1,VID_20250114_141651,2800
1,VID_20250114_141651,2810
1,VID_20250114_141651,2820
1,VID_20250114_141651,2830
1,VID_20250114_141651,2840
1,VID_20250114_141651,2850
1,VID_20250114_141651,2860
1,VID_20250114_141651,2870
1,VID_20250114_141651,2880
1,VID_20250114_141651,2890
1,VID_20250114_141651,2900
1,VID_20250114_141651,2910
1,VID_20250114_141651,2920
1,VID_20250114_141651,2930
1,VID_20250114_141651,2940
1,VID_20250114_141651,2950
1,VID_20250114_141651,2960
1,VID_20250114_141651,2970
1,VID_20250114_141651,2980
1,VID_20250114_141651,2990
1,VID_20250114_141651,3000
1,VID_20250114_141651,3010
1,VID_20250114_141651,3020
1,VID_20250114_141651,3030
1,VID_20250114_141651,3040
1,VID_20250114_141651,3050
1,VID_20250114_141651,3060
1,VID_20250114_141651,3070
1,VID_20250114_141651,3080
1,VID_20250114_141651,3090
1,VID_20250114_141651,3100
1,VID_20250114_141651,3110
1,VID_20250114_141651,3120
1,VID_20250114_141651,3130
1,VID_20250114_141651,3140
1,VID_20250114_141651,3150
1,VID_20250114_141651,3160
1,VID_20250114_141651,3170
1,VID_20250114_141651,3180
1,VID_20250114_141651,3190
1,VID_20250114_141651,3200
1,VID_20250114_141651,3210
1,VID_20250114_141651,3220
1,VID_20250114_141651,3230
1,VID_20250114_141651,3240
1,VID_20250114_141651,3250
1,VID_20250114_141651,3260
1,VID_20250114_141651,3270
1,VID_20250114_141651,3280
1,VID_20250114_141651,3290
1,VID_20250114_141651,3300
1,VID_20250114_141651,3310
1,VID_20250114_141651,3320
1,VID_20250114_141651,3330
1,VID_20250114_141651,3340
1,VID_20250114_141651,3350
1,VID_20250114_141651,3360
1,VID_20250114_141651,3370
1,VID_20250114_141651,3380
1,VID_20250114_141651,3390
1,VID_20250114_141651,3400
1,VID_20250114_141651,3410
1,VID_20250114_141651,3420
1,VID_20250114_141651,3430
1,VID_20250114_141651,3440
1,VID_20250114_141651,3450
1,VID_20250114_141651,3460
1,VID_20250114_141651,3470
1,VID_20250114_141651,3480
1,VID_20250114_141651,3490
1,VID_20250114_141651,3500
1,VID_20250114_141651,3510
1,VID_20250114_141651,3520
1,VID_20250114_141651,3530
1,VID_20250114_141651,3540
1,VID_20250114_141651,3550
1,VID_20250114_141651,3560
1,VID_20250114_141651,3570
1,VID_20250114_141651,3580
1,VID_20250114_141651,3590
1,VID_20250114_141651,3600
1,VID_20250114_141651,3610
1,VID_20250114_141651,3620
1,VID_20250114_141651,3630
1,VID_20250114_141651,3640
1,VID_20250114_141651,3650
1,VID_20250114_141651,3660
1,VID_20250114_141651,3670
1,VID_20250114_141651,3680
1,VID_20250114_141651,3690
1,VID_20250114_141651,3700
1,VID_20250114_141651,3710
1,VID_20250114_141651,3720
1,VID_20250114_141651,3730
1,VID_20250114_141651,3740
1,VID_20250114_141651,3750
1,VID_20250114_141651,3760
1,VID_20250114_141651,3770
1,VID_20250114_141651,3780
1,VID_20250114_141651,3790
1,VID_20250114_141651,3800
1,VID_20250114_141651,3810
1,VID_20250114_141651,3820
1,VID_20250114_141651,3830
1,VID_20250114_141651,3840
1,VID_20250114_141651,3850
1,VID_20250114_141651,3860
1,VID_20250114_141651,3870
1,VID_20250114_141651,3880
1,VID_20250114_141651,3890
1,VID_20250114_141651,3900
1,VID_20250114_141651,3910
1,VID_20250114_141651,3920
1,VID_20250114_141651,3930
1,VID_20250114_141651,3940
1,VID_20250114_141651,3950
1,VID_20250114_141651,3960
1,VID_20250114_141651,3970
1,VID_20250114_141651,3980
1,VID_20250114_141651,3990
1,VID_20250114_141651,4000
1,VID_20250114_141651,4010
1,VID_20250114_141651,4020
1,VID_20250114_141651,4030
1,VID_20250114_141651,4040
1,VID_20250114_141651,4050
1,VID_20250114_141651,4060
1,VID_20250114_141651,4070
1,VID_20250114_141651,4080
1,VID_20250114_141651,4090
1,VID_20250114_141651,4100
1,VID_20250114_141651,4110
1,VID_20250114_141651,4120
1,VID_20250114_141651,4130
1,VID_20250114_141651,4140
1,VID_20250114_141651,4150
1,VID_20250114_141651,4160
1,VID_20250114_141651,4170
1,VID_20250114_141651,4180
1,VID_20250114_141651,4190
1,VID_20250114_141651,4200
1,VID_20250114_141651,4210
1,VID_20250114_141651,4220
1,VID_20250114_141651,4230
1,VID_20250114_141651,4240
1,VID_20250114_141651,4250
1,VID_20250114_141651,4260
1,VID_20250114_141651,4270
1,VID_20250114_141651,4280
1,VID_20250114_141651,4290
1,VID_20250114_141651,4300
1,VID_20250114_141651,4310
1,VID_20250114_141651,4360
1,VID_20250114_141651,4370
1,VID_20250114_141651,4380
1,VID_20250114_141651,4390
1,VID_20250114_141651,4400
1,VID_20250114_141651,4410
1,VID_20250114_141651,4420
1,VID_20250114_141651,4430
1,VID_20250114_141651,4440
1,VID_20250114_141651,4450
1,VID_20250114_141651,4460
1,VID_20250114_141651,4470
1,VID_20250114_141651,4480
1,VID_20250114_141651,4490
1,VID_20250114_141651,4500
1,VID_20250114_141651,4510
1,VID_20250114_141651,4520
1,VID_20250114_141651,4530
1,VID_20250114_141651,4540
1,VID_20250114_141651,4550
1,VID_20250114_141651,4560
1,VID_20250114_141651,4570
1,VID_20250114_141651,4580
1,VID_20250114_141651,4590
1,VID_20250114_141651,4600
1,VID_20250114_141651,4610
1,VID_20250114_141651,4620
1,VID_20250114_141651,4630
1,VID_20250114_141651,4640
1,VID_20250114_141651,4650
1,VID_20250114_141651,4660
1,VID_20250114_141651,4670
1,VID_20250114_141651,4680
1,VID_20250114_141651,4690
1,VID_20250114_141651,4700
1,VID_20250114_141651,4710
1,VID_20250114_141651,4720
1,VID_20250114_141651,4730
1,VID_20250114_141651,4740
1,VID_20250114_141651,4750
1,VID_20250114_141651,4760
1,VID_20250114_141651,4770
1,VID_20250114_141651,4780
1,VID_20250114_141651,4790
1,VID_20250114_141651,4800
1,VID_20250114_141651,4810
1,VID_20250114_141651,4820
1,VID_20250114_141651,4830
1,VID_20250114_141651,4840
1,VID_20250114_141651,4850
1,VID_20250114_141651,4860
1,VID_20250114_141651,4870
1,VID_20250114_141651,4880
1,VID_20250114_141651,4890
1,VID_20250114_141651,4900
1,VID_20250114_141651,4910
1,VID_20250114_141651,4920
1,VID_20250114_141651,4930
1,VID_20250114_141651,4940
1,VID_20250114_141651,4950
1,VID_20250114_141651,4960
1,VID_20250114_141651,4970
1,VID_20250114_141651,4980
1,VID_20250114_141651,4990
1,VID_20250114_141651,5000
1,VID_20250114_141651,5010
1,VID_20250114_141651,5020
1,VID_20250114_141651,5030
1,VID_20250114_141651,5040
1,VID_20250114_141651,5050
1,VID_20250114_141651,5060
1,VID_20250114_141651,5070
1,VID_20250114_141651,5080
1,VID_20250114_141651,5090
1,VID_20250114_141651,5100
1,VID_20250114_141651,5110
1,VID_20250114_141651,5120
1,VID_20250114_141651,5130
1,VID_20250114_141651,5140
1,VID_20250114_141651,5150
1,VID_20250114_141651,5160
1,VID_20250114_141651,5170
1,VID_20250114_141651,5180
1,VID_20250114_141651,5190
1,VID_20250114_141651,5200
1,VID_20250114_141651,5210
1,VID_20250114_141651,5220
1,VID_20250114_141651,5230
1,VID_20250114_141651,5240
1,VID_20250114_141651,5250
1,VID_20250114_141651,5260
1,VID_20250114_141651,5270
1,VID_20250114_141651,5280
1,VID_20250114_141651,5290
1,VID_20250114_141651,5300
1,VID_20250114_141651,5310
1,VID_20250114_141651,5320
1,VID_20250114_141651,5330
1,VID_20250114_141651,5340
1,VID_20250114_141651,5350
1,VID_20250114_141651,5360
1,VID_20250114_141651,5370
1,VID_20250114_141651,5380
1,VID_20250114_141651,5390
1,VID_20250114_141651,5400
1,VID_20250114_141651,5410
1,VID_20250114_141651,5420
1,VID_20250114_141651,5430
1,VID_20250114_141651,5440
1,VID_20250114_141651,5450
1,VID_20250114_141651,5460
1,VID_20250114_141651,5470
1,VID_20250114_141651,5480
1,VID_20250114_141651,5490
1,VID_20250114_141651,5500
1,VID_20250114_141651,5510
1,VID_20250114_141651,5520
1,VID_20250114_141651,5530
1,VID_20250114_141651,5540
1,VID_20250114_141651,5550
1,VID_20250114_141651,5560
1,VID_20250114_141651,5570
1,VID_20250114_141651,5580
1,VID_20250114_141651,5590
1,VID_20250114_141651,5600
1,VID_20250114_141651,5610
1,VID_20250114_141651,5620
1,VID_20250114_141651,5630
1,VID_20250114_141651,5640
1,VID_20250114_141651,5650
1,VID_20250114_141651,5660
1,VID_20250114_141651,5670
1,VID_20250114_141651,5680
1,VID_20250114_141651,5690
1,VID_20250114_141651,5700
1,VID_20250114_141651,5710
1,VID_20250114_141651,5720
1,VID_20250114_141651,5730
1,VID_20250114_141651,5740
1,VID_20250114_141651,5750
1,VID_20250114_141651,5760
1,VID_20250114_141651,5770
1,VID_20250114_141651,5780
1,VID_20250114_141651,5790
1,VID_20250114_141651,5800
1,VID_20250114_141651,5810
1,VID_20250114_141651,5820
1,VID_20250114_141651,5830
1,VID_20250114_141651,5840
1,VID_20250114_141651,5850
1,VID_20250114_141651,5860
1,VID_20250114_141651,5870
1,VID_20250114_141651,5880
1,VID_20250114_141651,5890
1,VID_20250114_141651,5900
1,VID_20250114_141651,5910
1,VID_20250114_141651,5920
1,VID_20250114_141651,5930
1,VID_20250114_141651,5940
1,VID_20250114_141651,5950
1,VID_20250114_141651,5960
1,VID_20250114_141651,5970
1,VID_20250114_141651,5980
1,VID_20250114_141651,5990
1,VID_20250114_141651,6000
1,VID_20250114_141651,6010
1,VID_20250114_141651,6020
1,VID_20250114_141651,6030
1,VID_20250114_141651,6040
1,VID_20250114_141651,6050
1,VID_20250114_141651,6060
1,VID_20250114_141651,6070
1,VID_20250114_141651,6080
1,VID_20250114_141651,6090
1,VID_20250114_141651,6100
1,VID_20250114_141651,6110
1,VID_20250114_141651,6120
1,VID_20250114_141651,6130
1,VID_20250114_141651,6140
1,VID_20250114_141651,6150
1,VID_20250114_141651,6160
1,VID_20250114_141651,6170
1,VID_20250114_141651,6180
1,VID_20250114_141651,6190
1,VID_20250114_141651,6200
1,VID_20250114_141651,6210
1,VID_20250114_141651,6220
1,VID_20250114_141651,6230
1,VID_20250114_141651,6240
1,VID_20250114_141651,6250
1,VID_20250114_141651,6260
1,VID_20250114_141651,6270
1,VID_20250114_141651,6280
1,VID_20250114_141651,6290
1,VID_20250114_141651,6300
1,VID_20250114_141651,6310
1,VID_20250114_141651,6320
1,VID_20250114_141651,6330
1,VID_20250114_141651,6340
1,VID_20250114_141651,6350
1,VID_20250114_141651,6360
1,VID_20250114_141651,6370
1,VID_20250114_141651,6380
1,VID_20250114_141651,6390
1,VID_20250114_141651,6400
1,VID_20250114_141651,6410
1,VID_20250114_141651,6420
1,VID_20250114_141651,6430
1,VID_20250114_141651,6440
1,VID_20250114_141651,6450
1,VID_20250114_141651,6460
1,VID_20250114_141651,6470
1,VID_20250114_141651,6480
1,VID_20250114_141651,6490
1,VID_20250114_141651,6500
1,VID_20250114_141651,6510
1,VID_20250114_141651,6520
1,VID_20250114_141651,6530
1,VID_20250114_141651,6540
1,VID_20250114_141651,6550
1,VID_20250114_141651,6560
1,VID_20250114_141651,6570
1,VID_20250114_141651,6580
1,VID_20250114_141651,6590
1,VID_20250114_141651,6600
1,VID_20250114_141651,6610
1,VID_20250114_141651,6620
1,VID_20250114_141651,6630
1,VID_20250114_141651,6640
1,VID_20250114_141651,6650
1,VID_20250114_141651,6660
1,VID_20250114_141651,6670
1,VID_20250114_141651,6680
1,VID_20250114_141651,6690
1,VID_20250114_141651,6700
1,VID_20250114_141651,6710
1,VID_20250114_141651,6720
1,VID_20250114_141651,6730
1,VID_20250114_141651,6740
1,VID_20250114_141651,6750
1,VID_20250114_141651,6760
1,VID_20250114_141651,6770
1,VID_20250114_141651,6780
1,VID_20250114_141651,6790
1,VID_20250114_141651,6800
1,VID_20250114_141651,6810
1,VID_20250114_141651,6820
1,VID_20250114_141651,6830
1,VID_20250114_141651,6840
1,VID_20250114_141651,6850
1,VID_20250114_141651,6860
1,VID_20250114_141651,6870
1,VID_20250114_141651,6880
1,VID_20250114_141651,6890
1,VID_20250114_141651,6900
1,VID_20250114_141651,6910
1,VID_20250114_141651,6920
1,VID_20250114_141651,6930
1,VID_20250114_141651,6940
1,VID_20250114_141651,6950
1,VID_20250114_141651,6960
1,VID_20250114_141651,6970
1,VID_20250114_141651,6980
1,VID_20250114_141651,6990
1,VID_20250114_141651,7000
1,VID_20250114_141651,7010
1,VID_20250114_141651,7020
1,VID_20250114_141651,7030
1,VID_20250114_141651,7040
1,VID_20250114_141651,7050
1,VID_20250114_141651,7060
1,VID_20250114_141651,7070
1,VID_20250114_141651,7080
1,VID_20250114_141651,7090
1,VID_20250114_141651,7100
1,VID_20250114_141651,7110
1,VID_20250114_141651,7120
1,VID_20250114_141651,7130
1,VID_20250114_141651,7140
1,VID_20250114_141651,7150
1,VID_20250114_141651,7160
1,VID_20250114_141651,7170
1,VID_20250114_141651,7180
1,VID_20250114_141651,7190
1,VID_20250114_141651,7200
1,VID_20250114_141651,7210
1,VID_20250114_141651,7220
1,VID_20250114_141651,7230
1,VID_20250114_141651,7240
1,VID_20250114_141651,7250
1,VID_20250114_141651,7260
1,VID_20250114_141651,7270
1,VID_20250114_141651,7280
1,VID_20250114_141651,7290
1,VID_20250114_141651,7300
1,VID_20250114_141651,7310
1,VID_20250114_141651,7320
1,VID_20250114_141651,7330
1,VID_20250114_141651,7340
1,VID_20250114_141651,7350
1,VID_20250114_141651,7360
1,VID_20250114_141651,7370
1,VID_20250114_141651,7380
1,VID_20250114_141651,7390
1,VID_20250114_141651,7400
1,VID_20250114_141651,7410
1,VID_20250114_141651,7420
1,VID_20250114_141651,7430
1,VID_20250114_141651,7440
1,VID_20250114_141651,7450
1,VID_20250114_141651,7460
1,VID_20250114_141651,7470
1,VID_20250114_141651,7480
1,VID_20250114_141651,7490
1,VID_20250114_141651,7500
1,VID_20250114_141651,7510
1,VID_20250114_141651,7520
1,VID_20250114_141651,7530
1,VID_20250114_141651,7540
1,VID_20250114_141651,7550
1,VID_20250114_141651,7560
1,VID_20250114_141651,7570
1,VID_20250114_141651,7580
1,VID_20250114_141651,7590
1,VID_20250114_141651,7600
1,VID_20250114_141651,7610
1,VID_20250114_141651,7620
1,VID_20250114_141651,7630
1,VID_20250114_141651,7640
1,VID_20250114_141651,7650
2,VID_20250114_141651,7690
2,VID_20250114_141651,7700
2,VID_20250114_141651,7710
2,VID_20250114_141651,7720
2,VID_20250114_141651,7730
2,VID_20250114_141651,7740
2,VID_20250114_141651,7750
2,VID_20250114_141651,7760
2,VID_20250114_141651,7770
2,VID_20250114_141651,7780
2,VID_20250114_141651,7790
2,VID_20250114_141651,7800
2,VID_20250114_141651,7810
2,VID_20250114_141651,7820
2,VID_20250114_141651,7830
2,VID_20250114_141651,7840
2,VID_20250114_141651,7850
2,VID_20250114_141651,7860
2,VID_20250114_141651,7870
2,VID_20250114_141651,7880
2,VID_20250114_141651,7890
2,VID_20250114_141651,7900
2,VID_20250114_141651,7910
2,VID_20250114_141651,7920
2,VID_20250114_141651,7930
2,VID_20250114_141651,7940
2,VID_20250114_141651,7950
2,VID_20250114_141651,7960
2,VID_20250114_141651,7970
2,VID_20250114_141651,7980
2,VID_20250114_141651,7990
2,VID_20250114_141651,8000
2,VID_20250114_141651,8010
2,VID_20250114_141651,8020
2,VID_20250114_141651,8030
2,VID_20250114_141651,8040
2,VID_20250114_141651,8050
2,VID_20250114_141651,8060
2,VID_20250114_141651,8070
2,VID_20250114_141651,8080
2,VID_20250114_141651,8090
2,VID_20250114_141651,8100
2,VID_20250114_141651,8110
2,VID_20250114_141651,8120
2,VID_20250114_141651,8130
2,VID_20250114_141651,8140
2,VID_20250114_141651,8150
2,VID_20250114_141651,8160
2,VID_20250114_141651,8170
2,VID_20250114_141651,8180
2,VID_20250114_141651,8190
2,VID_20250114_141651,8200
2,VID_20250114_141651,8210
2,VID_20250114_141651,8220
2,VID_20250114_141651,8230
2,VID_20250114_141651,8240
2,VID_20250114_141651,8250
2,VID_20250114_141651,8260
2,VID_20250114_141651,8270
2,VID_20250114_141651,8280
2,VID_20250114_141651,8290
2,VID_20250114_141651,8300
2,VID_20250114_141651,8310
2,VID_20250114_141651,8320
2,VID_20250114_141651,8330
2,VID_20250114_141651,8340
2,VID_20250114_141651,8350
2,VID_20250114_141651,8360
2,VID_20250114_141651,8370
2,VID_20250114_141651,8380
2,VID_20250114_141651,8390
2,VID_20250114_141651,8400
2,VID_20250114_141651,8410
2,VID_20250114_141651,8420
2,VID_20250114_141651,8430
2,VID_20250114_141651,8440
2,VID_20250114_141651,8450
2,VID_20250114_141651,8460
2,VID_20250114_141651,8470
2,VID_20250114_141651,8480
2,VID_20250114_141651,8490
2,VID_20250114_141651,8500
2,VID_20250114_141651,8510
2,VID_20250114_141651,8520
2,VID_20250114_141651,8530
2,VID_20250114_141651,8540
2,VID_20250114_141651,8550
2,VID_20250114_141651,8560
2,VID_20250114_141651,8570
2,VID_20250114_141651,8580
2,VID_20250114_141651,8590
2,VID_20250114_141651,8600
2,VID_20250114_141651,8610
2,VID_20250114_141651,8620
2,VID_20250114_141651,8630
2,VID_20250114_141651,8640
2,VID_20250114_141651,8650
2,VID_20250114_141651,8660
2,VID_20250114_141651,8670
2,VID_20250114_141651,8680
2,VID_20250114_141651,8690
2,VID_20250114_141651,8700
2,VID_20250114_141651,8710
2,VID_20250114_141651,8720
2,VID_20250114_141651,8730
2,VID_20250114_141651,8740
2,VID_20250114_141651,8750
2,VID_20250114_141651,8760
2,VID_20250114_141651,8770
2,VID_20250114_141651,8780
2,VID_20250114_141651,8790
2,VID_20250114_141651,8800
2,VID_20250114_141651,8810
2,VID_20250114_141651,8820
2,VID_20250114_141651,8830
2,VID_20250114_141651,8840
2,VID_20250114_141651,8850
2,VID_20250114_141651,8860
2,VID_20250114_141651,8870
2,VID_20250114_141651,8880
2,VID_20250114_141651,8890
2,VID_20250114_141651,8900
2,VID_20250114_141651,8910
2,VID_20250114_141651,8920
2,VID_20250114_141651,8930
2,VID_20250114_141651,8940
2,VID_20250114_141651,8950
2,VID_20250114_141651,8960
2,VID_20250114_141651,8970
2,VID_20250114_141651,8980
2,VID_20250114_141651,8990
2,VID_20250114_141651,9000
2,VID_20250114_141651,9010
2,VID_20250114_141651,9020
2,VID_20250114_141651,9030
2,VID_20250114_141651,9040
2,VID_20250114_141651,9050
2,VID_20250114_141651,9060
2,VID_20250114_141651,9070
2,VID_20250114_141651,9080
2,VID_20250114_141651,9090
2,VID_20250114_141651,9100
2,VID_20250114_141651,9110
2,VID_20250114_141651,9120
2,VID_20250114_141651,9130
2,VID_20250114_141651,9140
2,VID_20250114_141651,9150
2,VID_20250114_141651,9160
2,VID_20250114_141651,9170
2,VID_20250114_141651,9180
2,VID_20250114_141651,9190
2,VID_20250114_141651,9200
2,VID_20250114_141651,9210
2,VID_20250114_141651,9220
2,VID_20250114_141651,9230
2,VID_20250114_141651,9240
0,VID_20250114_142712,0
0,VID_20250114_142712,10
0,VID_20250114_142712,20
0,VID_20250114_142712,30
0,VID_20250114_142712,40
0,VID_20250114_142712,50
0,VID_20250114_142712,60
0,VID_20250114_142712,70
0,VID_20250114_142712,80
0,VID_20250114_142712,90
0,VID_20250114_142712,100
0,VID_20250114_142712,110
0,VID_20250114_142712,120
0,VID_20250114_142712,130
0,VID_20250114_142712,140
0,VID_20250114_142712,150
0,VID_20250114_142712,160
0,VID_20250114_142712,170
0,VID_20250114_142712,180
0,VID_20250114_142712,190
0,VID_20250114_142712,200
0,VID_20250114_142712,210
0,VID_20250114_142712,220
0,VID_20250114_142712,230
0,VID_20250114_142712,240
0,VID_20250114_142712,250
0,VID_20250114_142712,260
0,VID_20250114_142712,270
0,VID_20250114_142712,280
0,VID_20250114_142712,290
0,VID_20250114_142712,300
0,VID_20250114_142712,310
0,VID_20250114_142712,320
0,VID_20250114_142712,330
0,VID_20250114_142712,340
0,VID_20250114_142712,350
0,VID_20250114_142712,360
0,VID_20250114_142712,370
0,VID_20250114_142712,380
0,VID_20250114_142712,390
0,VID_20250114_142712,400
0,VID_20250114_142712,410
0,VID_20250114_142712,420
0,VID_20250114_142712,430
0,VID_20250114_142712,440
0,VID_20250114_142712,450
0,VID_20250114_142712,460
0,VID_20250114_142712,470
0,VID_20250114_142712,480
0,VID_20250114_142712,490
0,VID_20250114_142712,500
0,VID_20250114_142712,510
0,VID_20250114_142712,520
0,VID_20250114_142712,530
0,VID_20250114_142712,540
0,VID_20250114_142712,550
0,VID_20250114_142712,560
0,VID_20250114_142712,570
0,VID_20250114_142712,580
0,VID_20250114_142712,590
0,VID_20250114_142712,600
0,VID_20250114_142712,610
0,VID_20250114_142712,620
0,VID_20250114_142712,630
0,VID_20250114_142712,640
0,VID_20250114_142712,650
0,VID_20250114_142712,660
0,VID_20250114_142712,670
0,VID_20250114_142712,680
0,VID_20250114_142712,690
0,VID_20250114_142712,700
0,VID_20250114_142712,710
0,VID_20250114_142712,720
0,VID_20250114_142712,730
0,VID_20250114_142712,740
0,VID_20250114_142712,750
0,VID_20250114_142712,760
0,VID_20250114_142712,770
0,VID_20250114_142712,780
0,VID_20250114_142712,790
0,VID_20250114_142712,800
0,VID_20250114_142712,810
0,VID_20250114_142712,820
0,VID_20250114_142712,830
0,VID_20250114_142712,840
0,VID_20250114_142712,850
0,VID_20250114_142712,860
0,VID_20250114_142712,870
0,VID_20250114_142712,880
0,VID_20250114_142712,890
0,VID_20250114_142712,900
0,VID_20250114_142712,910
0,VID_20250114_142712,920
0,VID_20250114_142712,930
0,VID_20250114_142712,940
0,VID_20250114_142712,950
0,VID_20250114_142712,960
0,VID_20250114_142712,970
0,VID_20250114_142712,980
0,VID_20250114_142712,990
0,VID_20250114_142712,1000
0,VID_20250114_142712,1010
0,VID_20250114_142712,1020
0,VID_20250114_142712,1030
0,VID_20250114_142712,1040
0,VID_20250114_142712,1050
0,VID_20250114_142712,1060
0,VID_20250114_142712,1070
0,VID_20250114_142712,1080
0,VID_20250114_142712,1090
0,VID_20250114_142712,1100
0,VID_20250114_142712,1110
0,VID_20250114_142712,1120
0,VID_20250114_142712,1130
0,VID_20250114_142712,1140
0,VID_20250114_142712,1150
0,VID_20250114_142712,1160
0,VID_20250114_142712,1170
0,VID_20250114_142712,1180
0,VID_20250114_142712,1190
0,VID_20250114_142712,1200
0,VID_20250114_142712,1210
0,VID_20250114_142712,1220
0,VID_20250114_142712,1230
0,VID_20250114_142712,1240
0,VID_20250114_142712,1250
0,VID_20250114_142712,1260
0,VID_20250114_142712,1270
0,VID_20250114_142712,1280
0,VID_20250114_142712,1290
0,VID_20250114_142712,1300
0,VID_20250114_142712,1310
0,VID_20250114_142712,1320
0,VID_20250114_142712,1330
0,VID_20250114_142712,1340
0,VID_20250114_142712,1350
0,VID_20250114_142712,1360
0,VID_20250114_142712,1370
0,VID_20250114_142712,1380
0,VID_20250114_142712,1390
0,VID_20250114_142712,1400
0,VID_20250114_142712,1410
0,VID_20250114_142712,1420
0,VID_20250114_142712,1430
0,VID_20250114_142712,1440
0,VID_20250114_142712,1450
0,VID_20250114_142712,1460
0,VID_20250114_142712,1470
0,VID_20250114_142712,1480
0,VID_20250114_142712,1490
0,VID_20250114_142712,1500
0,VID_20250114_142712,1510
0,VID_20250114_142712,1520
0,VID_20250114_142712,1530
0,VID_20250114_142712,1540
0,VID_20250114_142712,1550
0,VID_20250114_142712,1560
0,VID_20250114_142712,1570
0,VID_20250114_142712,1580
0,VID_20250114_142712,1590
0,VID_20250114_142712,1600
0,VID_20250114_142712,1610
0,VID_20250114_142712,1620
0,VID_20250114_142712,1630
0,VID_20250114_142712,1640
0,VID_20250114_142712,1650
0,VID_20250114_142712,1660
0,VID_20250114_142712,1670
0,VID_20250114_142712,1680
0,VID_20250114_142712,1690
0,VID_20250114_142712,1700
0,VID_20250114_142712,1710
0,VID_20250114_142712,1720
0,VID_20250114_142712,1730
0,VID_20250114_142712,1740
0,VID_20250114_142712,1750
0,VID_20250114_142712,1760
0,VID_20250114_142712,1770
0,VID_20250114_142712,1780
0,VID_20250114_142712,1790
0,VID_20250114_142712,1800
0,VID_20250114_142712,1810
0,VID_20250114_142712,1820
0,VID_20250114_142712,1830
0,VID_20250114_142712,1840
0,VID_20250114_142712,1850
0,VID_20250114_142712,1860
0,VID_20250114_142712,1870
0,VID_20250114_142712,1880
0,VID_20250114_142712,1890
0,VID_20250114_142712,1900
0,VID_20250114_142712,1910
0,VID_20250114_142712,1920
0,VID_20250114_142712,1930
0,VID_20250114_142712,1940
0,VID_20250114_142712,1950
0,VID_20250114_142712,1960
0,VID_20250114_142712,1970
0,VID_20250114_142712,1980
0,VID_20250114_142712,1990
0,VID_20250114_142712,2000
0,VID_20250114_142712,2010
0,VID_20250114_142712,2020
0,VID_20250114_142712,2030
0,VID_20250114_142712,2040
0,VID_20250114_142712,2050
0,VID_20250114_142712,2060
0,VID_20250114_142712,2070
0,VID_20250114_142712,2080
0,VID_20250114_142712,2090
0,VID_20250114_142712,2100
0,VID_20250114_142712,2110
0,VID_20250114_142712,2120
0,VID_20250114_142712,2130
0,VID_20250114_142712,2140
0,VID_20250114_142712,2150
0,VID_20250114_142712,2160
0,VID_20250114_142712,2170
0,VID_20250114_142712,2180
0,VID_20250114_142712,2190
0,VID_20250114_142712,2200
0,VID_20250114_142712,2210
0,VID_20250114_142712,2220
0,VID_20250114_142712,2230
0,VID_20250114_142712,2240
0,VID_20250114_142712,2250
0,VID_20250114_142712,2260
0,VID_20250114_142712,2270
0,VID_20250114_142712,2280
0,VID_20250114_142712,2290
0,VID_20250114_142712,2300
0,VID_20250114_142712,2310
0,VID_20250114_142712,2320
0,VID_20250114_142712,2330
0,VID_20250114_142712,2340
0,VID_20250114_142712,2350
0,VID_20250114_142712,2360
0,VID_20250114_142712,2370
0,VID_20250114_142712,2380
0,VID_20250114_142712,2390
0,VID_20250114_142712,2400
0,VID_20250114_142712,2410
0,VID_20250114_142712,2420
0,VID_20250114_142712,2430
0,VID_20250114_142712,2440
0,VID_20250114_142712,2450
0,VID_20250114_142712,2460
0,VID_20250114_142712,2470
0,VID_20250114_142712,2480
0,VID_20250114_142712,2490
0,VID_20250114_142712,2500
0,VID_20250114_142712,2510
0,VID_20250114_142712,2520
0,VID_20250114_142712,2530
0,VID_20250114_142712,2540
0,VID_20250114_142712,2550
0,VID_20250114_142712,2560
0,VID_20250114_142712,2570
0,VID_20250114_142712,2580
0,VID_20250114_142712,2590
0,VID_20250114_142712,2600
0,VID_20250114_142712,2610
0,VID_20250114_142712,2620
0,VID_20250114_142712,2630
0,VID_20250114_142712,2640
0,VID_20250114_142712,2650
0,VID_20250114_142712,2660
0,VID_20250114_142712,2670
0,VID_20250114_142712,2680
0,VID_20250114_142712,2690
0,VID_20250114_142712,2700
0,VID_20250114_142712,2710
0,VID_20250114_142712,2720
0,VID_20250114_142712,2730
0,VID_20250114_142712,2740
0,VID_20250114_142712,2750
0,VID_20250114_142712,2760
0,VID_20250114_142712,2770
0,VID_20250114_142712,2780
0,VID_20250114_142712,2790
0,VID_20250114_142712,2800
0,VID_20250114_142712,2810
0,VID_20250114_142712,2820
0,VID_20250114_142712,2830
0,VID_20250114_142712,2840
0,VID_20250114_142712,2850
0,VID_20250114_142712,2860
0,VID_20250114_142712,2870
0,VID_20250114_142712,2880
0,VID_20250114_142712,2890
0,VID_20250114_142712,2900
0,VID_20250114_142712,2910
0,VID_20250114_142712,2920
0,VID_20250114_142712,2930
0,VID_20250114_142712,2940
0,VID_20250114_142712,2950
0,VID_20250114_142712,2960
0,VID_20250114_142712,2970
0,VID_20250114_142712,2980
0,VID_20250114_142712,2990
0,VID_20250114_142712,3000
0,VID_20250114_142712,3010
0,VID_20250114_142712,3020
0,VID_20250114_142712,3030
0,VID_20250114_142712,3040
0,VID_20250114_142712,3050
0,VID_20250114_142712,3060
0,VID_20250114_142712,3070
0,VID_20250114_142712,3080
0,VID_20250114_142712,3090
0,VID_20250114_142712,3100
0,VID_20250114_142712,3110
0,VID_20250114_142712,3120
0,VID_20250114_142712,3130
0,VID_20250114_142712,3140
0,VID_20250114_142712,3150
0,VID_20250114_142712,3160
0,VID_20250114_142712,3170
0,VID_20250114_142712,3180
0,VID_20250114_142712,3190
0,VID_20250114_142712,3200
0,VID_20250114_142712,3210
0,VID_20250114_142712,3220
0,VID_20250114_142712,3230
0,VID_20250114_142712,3240
0,VID_20250114_142712,3250
0,VID_20250114_142712,3260
0,VID_20250114_142712,3270
0,VID_20250114_142712,3280
0,VID_20250114_142712,3290
0,VID_20250114_142712,3300
0,VID_20250114_142712,3310
0,VID_20250114_142712,3320
0,VID_20250114_142712,3330
0,VID_20250114_142712,3340
0,VID_20250114_142712,3350
0,VID_20250114_142712,3360
0,VID_20250114_142712,3370
0,VID_20250114_142712,3380
0,VID_20250114_142712,3390
0,VID_20250114_142712,3400
0,VID_20250114_142712,3410
0,VID_20250114_142712,3420
0,VID_20250114_142712,3430
0,VID_20250114_142712,3440
0,VID_20250114_142712,3450
0,VID_20250114_142712,3460
0,VID_20250114_142712,3470
0,VID_20250114_142712,3480
0,VID_20250114_142712,3490
0,VID_20250114_142712,3500
0,VID_20250114_142712,3510
0,VID_20250114_142712,3520
0,VID_20250114_142712,3530
0,VID_20250114_142712,3540
0,VID_20250114_142712,3550
0,VID_20250114_142712,3560
0,VID_20250114_142712,3570
0,VID_20250114_142712,3580
0,VID_20250114_142712,3590
0,VID_20250114_142712,3600
0,VID_20250114_142712,3610
0,VID_20250114_142712,3620
0,VID_20250114_142712,3630
0,VID_20250114_142712,3640
0,VID_20250114_142712,3650
0,VID_20250114_142712,3660
0,VID_20250114_142712,3670
0,VID_20250114_142712,3680
0,VID_20250114_142712,3690
0,VID_20250114_142712,3700
0,VID_20250114_142712,3710
0,VID_20250114_142712,3720
0,VID_20250114_142712,3730
0,VID_20250114_142712,3740
0,VID_20250114_142712,3750
0,VID_20250114_142712,3760
0,VID_20250114_142712,3770
0,VID_20250114_142712,3780
0,VID_20250114_142712,3790
0,VID_20250114_142712,3800
0,VID_20250114_142712,3810
0,VID_20250114_142712,3820
0,VID_20250114_142712,3830
0,VID_20250114_142712,3840
0,VID_20250114_142712,3850
0,VID_20250114_142712,3860
0,VID_20250114_142712,3870
0,VID_20250114_142712,3880
0,VID_20250114_142712,3890
1,VID_20250114_142712,3910
1,VID_20250114_142712,3920
1,VID_20250114_142712,3930
1,VID_20250114_142712,3940
1,VID_20250114_142712,3950
1,VID_20250114_142712,3960
1,VID_20250114_142712,3970
1,VID_20250114_142712,3980
1,VID_20250114_142712,3990
1,VID_20250114_142712,4000
1,VID_20250114_142712,4010
1,VID_20250114_142712,4020
1,VID_20250114_142712,4030
1,VID_20250114_142712,4040
1,VID_20250114_142712,4050
1,VID_20250114_142712,4060
1,VID_20250114_142712,4070
1,VID_20250114_142712,4080
1,VID_20250114_142712,4090
1,VID_20250114_142712,4100
1,VID_20250114_142712,4110
1,VID_20250114_142712,4120
1,VID_20250114_142712,4130
1,VID_20250114_142712,4140
1,VID_20250114_142712,4150
1,VID_20250114_142712,4160
1,VID_20250114_142712,4170
1,VID_20250114_142712,4180
1,VID_20250114_142712,4190
1,VID_20250114_142712,4200
1,VID_20250114_142712,4210
1,VID_20250114_142712,4220
1,VID_20250114_142712,4230
1,VID_20250114_142712,4240
1,VID_20250114_142712,4250
1,VID_20250114_142712,4260
1,VID_20250114_142712,4270
1,VID_20250114_142712,4280
1,VID_20250114_142712,4290
1,VID_20250114_142712,4300
1,VID_20250114_142712,4310
1,VID_20250114_142712,4320
1,VID_20250114_142712,4330
1,VID_20250114_142712,4340
1,VID_20250114_142712,4350
1,VID_20250114_142712,4360
1,VID_20250114_142712,4370
1,VID_20250114_142712,4380
1,VID_20250114_142712,4390
1,VID_20250114_142712,4400
1,VID_20250114_142712,4410
1,VID_20250114_142712,4420
1,VID_20250114_142712,4430
1,VID_20250114_142712,4440
1,VID_20250114_142712,4450
1,VID_20250114_142712,4460
1,VID_20250114_142712,4470
1,VID_20250114_142712,4480
1,VID_20250114_142712,4490
1,VID_20250114_142712,4500
1,VID_20250114_142712,4510
2,VID_20250114_142712,4750
2,VID_20250114_142712,4760
2,VID_20250114_142712,4770
2,VID_20250114_142712,4780
2,VID_20250114_142712,4790
2,VID_20250114_142712,4800
2,VID_20250114_142712,4810
2,VID_20250114_142712,4820
2,VID_20250114_142712,4830
2,VID_20250114_142712,4840
2,VID_20250114_142712,4850
2,VID_20250114_142712,4860
2,VID_20250114_142712,4870
2,VID_20250114_142712,4880
2,VID_20250114_142712,4890
2,VID_20250114_142712,4900
2,VID_20250114_142712,4910
2,VID_20250114_142712,4920
2,VID_20250114_142712,4930
2,VID_20250114_142712,4940
2,VID_20250114_142712,4950
2,VID_20250114_142712,4960
2,VID_20250114_142712,4970
2,VID_20250114_142712,4980
2,VID_20250114_142712,4990
2,VID_20250114_142712,5000
2,VID_20250114_142712,5010
2,VID_20250114_142712,5020
2,VID_20250114_142712,5030
2,VID_20250114_142712,5040
2,VID_20250114_142712,5050
2,VID_20250114_142712,5060
2,VID_20250114_142712,5070
2,VID_20250114_142712,5080
2,VID_20250114_142712,5090
2,VID_20250114_142712,5100
2,VID_20250114_142712,5110
2,VID_20250114_142712,5120
2,VID_20250114_142712,5130
2,VID_20250114_142712,5140
2,VID_20250114_142712,5150
2,VID_20250114_142712,5160
2,VID_20250114_142712,5170
2,VID_20250114_142712,5180
2,VID_20250114_142712,5190
2,VID_20250114_142712,5200
2,VID_20250114_142712,5210
2,VID_20250114_142712,5220
2,VID_20250114_142712,5230
2,VID_20250114_142712,5240
2,VID_20250114_142712,5250
2,VID_20250114_142712,5260
2,VID_20250114_142712,5270
2,VID_20250114_142712,5280
2,VID_20250114_142712,5290
2,VID_20250114_142712,5300
2,VID_20250114_142712,5310
2,VID_20250114_142712,5320
2,VID_20250114_142712,5330
2,VID_20250114_142712,5340
2,VID_20250114_142712,5350
2,VID_20250114_142712,5360
2,VID_20250114_142712,5370
2,VID_20250114_142712,5380
2,VID_20250114_142712,5390
2,VID_20250114_142712,5400
2,VID_20250114_142712,5410
2,VID_20250114_142712,5420
2,VID_20250114_142712,5430
2,VID_20250114_142712,5440
2,VID_20250114_142712,5450
2,VID_20250114_142712,5460
2,VID_20250114_142712,5470
2,VID_20250114_142712,5480
2,VID_20250114_142712,5490
2,VID_20250114_142712,5500
2,VID_20250114_142712,5510
2,VID_20250114_142712,5520
2,VID_20250114_142712,5530
2,VID_20250114_142712,5540
2,VID_20250114_142712,5550
2,VID_20250114_142712,5560
2,VID_20250114_142712,5570
2,VID_20250114_142712,5580
2,VID_20250114_142712,5590
2,VID_20250114_142712,5600
2,VID_20250114_142712,5610
2,VID_20250114_142712,5620
2,VID_20250114_142712,5630
2,VID_20250114_142712,5640
2,VID_20250114_142712,5650
2,VID_20250114_142712,5660
2,VID_20250114_142712,5670
2,VID_20250114_142712,5680
2,VID_20250114_142712,5690
2,VID_20250114_142712,5700
2,VID_20250114_142712,5710
2,VID_20250114_142712,5720
2,VID_20250114_142712,5730
2,VID_20250114_142712,5740
2,VID_20250114_142712,5750
2,VID_20250114_142712,5760
2,VID_20250114_142712,5770
2,VID_20250114_142712,5780
2,VID_20250114_142712,5790
2,VID_20250114_142712,5800
2,VID_20250114_142712,5810
2,VID_20250114_142712,5820
2,VID_20250114_142712,5830
2,VID_20250114_142712,5840
2,VID_20250114_142712,5850
2,VID_20250114_142712,5860
2,VID_20250114_142712,5870
2,VID_20250114_142712,5880
2,VID_20250114_142712,5890
2,VID_20250114_142712,5900
2,VID_20250114_142712,5910
2,VID_20250114_142712,5920
2,VID_20250114_142712,5930
2,VID_20250114_142712,5940
2,VID_20250114_142712,5950
2,VID_20250114_142712,5960
2,VID_20250114_142712,5970
2,VID_20250114_142712,5980
2,VID_20250114_142712,5990
2,VID_20250114_142712,6000
2,VID_20250114_142712,6010
2,VID_20250114_142712,6020
2,VID_20250114_142712,6030
2,VID_20250114_142712,6040
2,VID_20250114_142712,6050
2,VID_20250114_142712,6060
2,VID_20250114_142712,6070
2,VID_20250114_142712,6080
2,VID_20250114_142712,6090
2,VID_20250114_142712,6100
2,VID_20250114_142712,6110
2,VID_20250114_142712,6120
2,VID_20250114_142712,6130
2,VID_20250114_142712,6140
2,VID_20250114_142712,6150
2,VID_20250114_142712,6160
2,VID_20250114_142712,6170
2,VID_20250114_142712,6180
2,VID_20250114_142712,6190
2,VID_20250114_142712,6200
2,VID_20250114_142712,6210
2,VID_20250114_142712,6220
2,VID_20250114_142712,6230
2,VID_20250114_142712,6240
2,VID_20250114_142712,6250
2,VID_20250114_142712,6260
2,VID_20250114_142712,6270
2,VID_20250114_142712,6280
2,VID_20250114_142712,6290
2,VID_20250114_142712,6300
2,VID_20250114_142712,6310
2,VID_20250114_142712,6320
2,VID_20250114_142712,6330
2,VID_20250114_142712,6340
2,VID_20250114_142712,6350
2,VID_20250114_142712,6360
2,VID_20250114_142712,6370
2,VID_20250114_142712,6380
2,VID_20250114_142712,6390
2,VID_20250114_142712,6400
2,VID_20250114_142712,6410
2,VID_20250114_142712,6420
2,VID_20250114_142712,6430
2,VID_20250114_142712,6440
2,VID_20250114_142712,6450
2,VID_20250114_142712,6460
2,VID_20250114_142712,6470
2,VID_20250114_142712,6480
2,VID_20250114_142712,6490
2,VID_20250114_142712,6500
2,VID_20250114_142712,6510
2,VID_20250114_142712,6520
2,VID_20250114_142712,6530
3,VID_20250114_142712,4530
3,VID_20250114_142712,4540
3,VID_20250114_142712,4550
3,VID_20250114_142712,4560
3,VID_20250114_142712,4570
3,VID_20250114_142712,4580
3,VID_20250114_142712,4590
3,VID_20250114_142712,4600
3,VID_20250114_142712,4610
3,VID_20250114_142712,4620
3,VID_20250114_142712,4630
3,VID_20250114_142712,4640
3,VID_20250114_142712,4650
3,VID_20250114_142712,4660
3,VID_20250114_142712,4670
3,VID_20250114_142712,4680
3,VID_20250114_142712,4690
3,VID_20250114_142712,4700
3,VID_20250114_142712,4710
3,VID_20250114_142712,4720
3,VID_20250114_142712,4730
0,VID_20250114_142718,0
0,VID_20250114_142718,10
0,VID_20250114_142718,20
0,VID_20250114_142718,30
0,VID_20250114_142718,40
0,VID_20250114_142718,50
0,VID_20250114_142718,60
0,VID_20250114_142718,70
0,VID_20250114_142718,80
0,VID_20250114_142718,90
0,VID_20250114_142718,100
0,VID_20250114_142718,110
0,VID_20250114_142718,120
0,VID_20250114_142718,130
0,VID_20250114_142718,140
0,VID_20250114_142718,150
0,VID_20250114_142718,160
0,VID_20250114_142718,170
0,VID_20250114_142718,180
0,VID_20250114_142718,190
0,VID_20250114_142718,200
0,VID_20250114_142718,210
0,VID_20250114_142718,220
0,VID_20250114_142718,230
0,VID_20250114_142718,240
0,VID_20250114_142718,250
0,VID_20250114_142718,260
0,VID_20250114_142718,270
0,VID_20250114_142718,280
0,VID_20250114_142718,290
0,VID_20250114_142718,300
0,VID_20250114_142718,310
0,VID_20250114_142718,320
0,VID_20250114_142718,330
0,VID_20250114_142718,340
0,VID_20250114_142718,350
0,VID_20250114_142718,360
0,VID_20250114_142718,370
0,VID_20250114_142718,380
0,VID_20250114_142718,390
0,VID_20250114_142718,400
0,VID_20250114_142718,410
0,VID_20250114_142718,420
0,VID_20250114_142718,430
0,VID_20250114_142718,440
0,VID_20250114_142718,450
0,VID_20250114_142718,460
0,VID_20250114_142718,470
0,VID_20250114_142718,480
0,VID_20250114_142718,490
0,VID_20250114_142718,500
0,VID_20250114_142718,510
0,VID_20250114_142718,520
0,VID_20250114_142718,530
0,VID_20250114_142718,540
0,VID_20250114_142718,550
0,VID_20250114_142718,560
0,VID_20250114_142718,570
0,VID_20250114_142718,580
0,VID_20250114_142718,590
0,VID_20250114_142718,600
0,VID_20250114_142718,610
0,VID_20250114_142718,620
0,VID_20250114_142718,630
0,VID_20250114_142718,640
0,VID_20250114_142718,650
0,VID_20250114_142718,660
0,VID_20250114_142718,670
0,VID_20250114_142718,680
0,VID_20250114_142718,690
0,VID_20250114_142718,700
0,VID_20250114_142718,710
0,VID_20250114_142718,720
0,VID_20250114_142718,730
0,VID_20250114_142718,740
0,VID_20250114_142718,750
0,VID_20250114_142718,760
0,VID_20250114_142718,770
0,VID_20250114_142718,780
0,VID_20250114_142718,790
0,VID_20250114_142718,800
0,VID_20250114_142718,810
0,VID_20250114_142718,820
0,VID_20250114_142718,830
0,VID_20250114_142718,840
0,VID_20250114_142718,850
0,VID_20250114_142718,860
0,VID_20250114_142718,870
0,VID_20250114_142718,880
0,VID_20250114_142718,890
0,VID_20250114_142718,900
0,VID_20250114_142718,910
0,VID_20250114_142718,920
0,VID_20250114_142718,930
0,VID_20250114_142718,940
0,VID_20250114_142718,950
0,VID_20250114_142718,960
0,VID_20250114_142718,970
0,VID_20250114_142718,980
0,VID_20250114_142718,990
0,VID_20250114_142718,1000
0,VID_20250114_142718,1010
0,VID_20250114_142718,1020
0,VID_20250114_142718,1030
0,VID_20250114_142718,1040
0,VID_20250114_142718,1050
0,VID_20250114_142718,1060
0,VID_20250114_142718,1070
0,VID_20250114_142718,1080
0,VID_20250114_142718,1090
0,VID_20250114_142718,1100
0,VID_20250114_142718,1110
0,VID_20250114_142718,1120
0,VID_20250114_142718,1130
0,VID_20250114_142718,1140
0,VID_20250114_142718,1150
0,VID_20250114_142718,1160
0,VID_20250114_142718,1170
0,VID_20250114_142718,1180
0,VID_20250114_142718,1190
0,VID_20250114_142718,1200
0,VID_20250114_142718,1210
0,VID_20250114_142718,1220
0,VID_20250114_142718,1230
0,VID_20250114_142718,1240
0,VID_20250114_142718,1250
0,VID_20250114_142718,1260
0,VID_20250114_142718,1270
0,VID_20250114_142718,1280
0,VID_20250114_142718,1290
0,VID_20250114_142718,1300
0,VID_20250114_142718,1310
0,VID_20250114_142718,1320
0,VID_20250114_142718,1330
0,VID_20250114_142718,1340
0,VID_20250114_142718,1350
0,VID_20250114_142718,1360
0,VID_20250114_142718,1370
0,VID_20250114_142718,1380
0,VID_20250114_142718,1390
0,VID_20250114_142718,1400
0,VID_20250114_142718,1410
0,VID_20250114_142718,1420
0,VID_20250114_142718,1430
0,VID_20250114_142718,1440
0,VID_20250114_142718,1450
0,VID_20250114_142718,1460
0,VID_20250114_142718,1470
0,VID_20250114_142718,1480
0,VID_20250114_142718,1490
0,VID_20250114_142718,1500
0,VID_20250114_142718,1510
0,VID_20250114_142718,1520
0,VID_20250114_142718,1530
0,VID_20250114_142718,1540
0,VID_20250114_142718,1550
0,VID_20250114_142718,1560
0,VID_20250114_142718,1570
0,VID_20250114_142718,1580
0,VID_20250114_142718,1590
0,VID_20250114_142718,1600
0,VID_20250114_142718,1610
0,VID_20250114_142718,1620
0,VID_20250114_142718,1630
0,VID_20250114_142718,1640
0,VID_20250114_142718,1650
0,VID_20250114_142718,1660
0,VID_20250114_142718,1670
0,VID_20250114_142718,1680
0,VID_20250114_142718,1690
0,VID_20250114_142718,1700
0,VID_20250114_142718,1710
0,VID_20250114_142718,1720
0,VID_20250114_142718,1730
0,VID_20250114_142718,1740
0,VID_20250114_142718,1750
0,VID_20250114_142718,1760
0,VID_20250114_142718,1770
0,VID_20250114_142718,1780
0,VID_20250114_142718,1790
0,VID_20250114_142718,1800
0,VID_20250114_142718,1810
0,VID_20250114_142718,1820
0,VID_20250114_142718,1830
0,VID_20250114_142718,1840
0,VID_20250114_142718,1850
0,VID_20250114_142718,1860
0,VID_20250114_142718,1870
0,VID_20250114_142718,1880
0,VID_20250114_142718,1890
0,VID_20250114_142718,1900
0,VID_20250114_142718,1910
0,VID_20250114_142718,1920
0,VID_20250114_142718,1930
0,VID_20250114_142718,1940
0,VID_20250114_142718,1950
0,VID_20250114_142718,1960
0,VID_20250114_142718,1970
0,VID_20250114_142718,1980
0,VID_20250114_142718,1990
0,VID_20250114_142718,2000
0,VID_20250114_142718,2010
0,VID_20250114_142718,2020
0,VID_20250114_142718,2030
0,VID_20250114_142718,2040
0,VID_20250114_142718,2050
0,VID_20250114_142718,2060
0,VID_20250114_142718,2070
0,VID_20250114_142718,2080
0,VID_20250114_142718,2090
0,VID_20250114_142718,2100
0,VID_20250114_142718,2110
0,VID_20250114_142718,2120
0,VID_20250114_142718,2130
0,VID_20250114_142718,2140
0,VID_20250114_142718,2150
0,VID_20250114_142718,2160
0,VID_20250114_142718,2170
0,VID_20250114_142718,2180
0,VID_20250114_142718,2190
0,VID_20250114_142718,2200
0,VID_20250114_142718,2210
0,VID_20250114_142718,2220
0,VID_20250114_142718,2230
0,VID_20250114_142718,2240
0,VID_20250114_142718,2250
0,VID_20250114_142718,2260
0,VID_20250114_142718,2270
0,VID_20250114_142718,2280
0,VID_20250114_142718,2290
0,VID_20250114_142718,2300
0,VID_20250114_142718,2310
0,VID_20250114_142718,2320
0,VID_20250114_142718,2330
0,VID_20250114_142718,2340
0,VID_20250114_142718,2350
0,VID_20250114_142718,2360
0,VID_20250114_142718,2370
0,VID_20250114_142718,2380
0,VID_20250114_142718,2390
0,VID_20250114_142718,2400
0,VID_20250114_142718,2410
0,VID_20250114_142718,2420
0,VID_20250114_142718,2430
0,VID_20250114_142718,2440
0,VID_20250114_142718,2450
0,VID_20250114_142718,2460
0,VID_20250114_142718,2470
0,VID_20250114_142718,2480
0,VID_20250114_142718,2490
0,VID_20250114_142718,2500
0,VID_20250114_142718,2510
0,VID_20250114_142718,2520
0,VID_20250114_142718,2530
0,VID_20250114_142718,2540
0,VID_20250114_142718,2550
0,VID_20250114_142718,2560
0,VID_20250114_142718,2570
0,VID_20250114_142718,2580
0,VID_20250114_142718,2590
0,VID_20250114_142718,2600
0,VID_20250114_142718,2610
0,VID_20250114_142718,2620
0,VID_20250114_142718,2630
0,VID_20250114_142718,2640
0,VID_20250114_142718,2650
0,VID_20250114_142718,2660
0,VID_20250114_142718,2670
0,VID_20250114_142718,2680
0,VID_20250114_142718,2690
0,VID_20250114_142718,2700
0,VID_20250114_142718,2710
0,VID_20250114_142718,2720
0,VID_20250114_142718,2730
0,VID_20250114_142718,2740
0,VID_20250114_142718,2750
0,VID_20250114_142718,2760
0,VID_20250114_142718,2770
0,VID_20250114_142718,2780
0,VID_20250114_142718,2790
0,VID_20250114_142718,2800
0,VID_20250114_142718,2810
0,VID_20250114_142718,2820
0,VID_20250114_142718,2830
0,VID_20250114_142718,2840
0,VID_20250114_142718,2850
0,VID_20250114_142718,2860
0,VID_20250114_142718,2870
0,VID_20250114_142718,2880
0,VID_20250114_142718,2890
0,VID_20250114_142718,2900
0,VID_20250114_142718,2910
0,VID_20250114_142718,2920
0,VID_20250114_142718,2930
0,VID_20250114_142718,2940
0,VID_20250114_142718,2950
0,VID_20250114_142718,2960
0,VID_20250114_142718,2970
0,VID_20250114_142718,2980
0,VID_20250114_142718,2990
0,VID_20250114_142718,3000
0,VID_20250114_142718,3010
0,VID_20250114_142718,3020
0,VID_20250114_142718,3030
0,VID_20250114_142718,3040
0,VID_20250114_142718,3050
0,VID_20250114_142718,3060
0,VID_20250114_142718,3070
0,VID_20250114_142718,3080
0,VID_20250114_142718,3090
0,VID_20250114_142718,3100
0,VID_20250114_142718,3110
0,VID_20250114_142718,3120
0,VID_20250114_142718,3130
0,VID_20250114_142718,3140
0,VID_20250114_142718,3150
0,VID_20250114_142718,3160
0,VID_20250114_142718,3170
0,VID_20250114_142718,3180
0,VID_20250114_142718,3190
0,VID_20250114_142718,3200
0,VID_20250114_142718,3210
0,VID_20250114_142718,3220
0,VID_20250114_142718,3230
0,VID_20250114_142718,3240
0,VID_20250114_142718,3250
0,VID_20250114_142718,3260
0,VID_20250114_142718,3270
0,VID_20250114_142718,3280
0,VID_20250114_142718,3290
0,VID_20250114_142718,3300
0,VID_20250114_142718,3310
0,VID_20250114_142718,3320
0,VID_20250114_142718,3330
0,VID_20250114_142718,3340
0,VID_20250114_142718,3350
0,VID_20250114_142718,3360
0,VID_20250114_142718,3370
0,VID_20250114_142718,3380
0,VID_20250114_142718,3390
0,VID_20250114_142718,3400
0,VID_20250114_142718,3410
0,VID_20250114_142718,3420
0,VID_20250114_142718,3430
0,VID_20250114_142718,3440
0,VID_20250114_142718,3450
0,VID_20250114_142718,3460
0,VID_20250114_142718,3470
0,VID_20250114_142718,3480
0,VID_20250114_142718,3490
0,VID_20250114_142718,3500
0,VID_20250114_142718,3510
0,VID_20250114_142718,3520
0,VID_20250114_142718,3530
0,VID_20250114_142718,3540
0,VID_20250114_142718,3550
0,VID_20250114_142718,3560
0,VID_20250114_142718,3570
0,VID_20250114_142718,3580
0,VID_20250114_142718,3590
0,VID_20250114_142718,3600
0,VID_20250114_142718,3610
0,VID_20250114_142718,3620
0,VID_20250114_142718,3630
0,VID_20250114_142718,3640
0,VID_20250114_142718,3650
0,VID_20250114_142718,3660
0,VID_20250114_142718,3670
0,VID_20250114_142718,3680
0,VID_20250114_142718,3690
0,VID_20250114_142718,3700
0,VID_20250114_142718,3710
0,VID_20250114_142718,3720
0,VID_20250114_142718,3730
0,VID_20250114_142718,3740
0,VID_20250114_142718,3750
0,VID_20250114_142718,3760
0,VID_20250114_142718,3770
0,VID_20250114_142718,3780
0,VID_20250114_142718,3790
0,VID_20250114_142718,3800
0,VID_20250114_142718,3810
0,VID_20250114_142718,3820
0,VID_20250114_142718,3830
0,VID_20250114_142718,3840
0,VID_20250114_142718,3850
0,VID_20250114_142718,3860
0,VID_20250114_142718,3870
0,VID_20250114_142718,3880
0,VID_20250114_142718,3890
0,VID_20250114_142718,3900
0,VID_20250114_142718,3910
0,VID_20250114_142718,3920
0,VID_20250114_142718,3930
0,VID_20250114_142718,3940
0,VID_20250114_142718,3950
1,VID_20250114_142718,3960
1,VID_20250114_142718,3970
1,VID_20250114_142718,3980
1,VID_20250114_142718,3990
1,VID_20250114_142718,4000
1,VID_20250114_142718,4010
1,VID_20250114_142718,4020
1,VID_20250114_142718,4030
1,VID_20250114_142718,4040
1,VID_20250114_142718,4050
1,VID_20250114_142718,4060
1,VID_20250114_142718,4070
1,VID_20250114_142718,4080
1,VID_20250114_142718,4090
1,VID_20250114_142718,4100
1,VID_20250114_142718,4110
1,VID_20250114_142718,4120
1,VID_20250114_142718,4130
1,VID_20250114_142718,4140
1,VID_20250114_142718,4150
1,VID_20250114_142718,4160
1,VID_20250114_142718,4170
1,VID_20250114_142718,4180
1,VID_20250114_142718,4190
1,VID_20250114_142718,4200
1,VID_20250114_142718,4210
1,VID_20250114_142718,4220
1,VID_20250114_142718,4230
1,VID_20250114_142718,4240
1,VID_20250114_142718,4250
1,VID_20250114_142718,4260
1,VID_20250114_142718,4270
1,VID_20250114_142718,4280
1,VID_20250114_142718,4290
1,VID_20250114_142718,4300
1,VID_20250114_142718,4310
1,VID_20250114_142718,4320
1,VID_20250114_142718,4330
1,VID_20250114_142718,4340
1,VID_20250114_142718,4350
1,VID_20250114_142718,4360
1,VID_20250114_142718,4370
1,VID_20250114_142718,4380
1,VID_20250114_142718,4390
1,VID_20250114_142718,4400
1,VID_20250114_142718,4410
1,VID_20250114_142718,4420
1,VID_20250114_142718,4430
1,VID_20250114_142718,4440
1,VID_20250114_142718,4450
1,VID_20250114_142718,4460
1,VID_20250114_142718,4470
1,VID_20250114_142718,4480
1,VID_20250114_142718,4490
1,VID_20250114_142718,4500
1,VID_20250114_142718,4510
1,VID_20250114_142718,4520
1,VID_20250114_142718,4530
1,VID_20250114_142718,4540
1,VID_20250114_142718,4550
2,VID_20250114_142718,4780
2,VID_20250114_142718,4790
2,VID_20250114_142718,4800
2,VID_20250114_142718,4810
2,VID_20250114_142718,4820
2,VID_20250114_142718,4830
2,VID_20250114_142718,4840
2,VID_20250114_142718,4850
2,VID_20250114_142718,4860
2,VID_20250114_142718,4870
2,VID_20250114_142718,4880
2,VID_20250114_142718,4890
2,VID_20250114_142718,4900
2,VID_20250114_142718,4910
2,VID_20250114_142718,4920
2,VID_20250114_142718,4930
2,VID_20250114_142718,4940
2,VID_20250114_142718,4950
2,VID_20250114_142718,4960
2,VID_20250114_142718,4970
2,VID_20250114_142718,4980
2,VID_20250114_142718,4990
2,VID_20250114_142718,5000
2,VID_20250114_142718,5010
2,VID_20250114_142718,5020
2,VID_20250114_142718,5030
2,VID_20250114_142718,5040
2,VID_20250114_142718,5050
2,VID_20250114_142718,5060
2,VID_20250114_142718,5070
2,VID_20250114_142718,5080
2,VID_20250114_142718,5090
2,VID_20250114_142718,5100
2,VID_20250114_142718,5110
2,VID_20250114_142718,5120
2,VID_20250114_142718,5130
2,VID_20250114_142718,5140
2,VID_20250114_142718,5150
2,VID_20250114_142718,5160
2,VID_20250114_142718,5170
2,VID_20250114_142718,5180
2,VID_20250114_142718,5190
2,VID_20250114_142718,5200
2,VID_20250114_142718,5210
2,VID_20250114_142718,5220
2,VID_20250114_142718,5230
2,VID_20250114_142718,5240
2,VID_20250114_142718,5250
2,VID_20250114_142718,5260
2,VID_20250114_142718,5270
2,VID_20250114_142718,5280
2,VID_20250114_142718,5290
2,VID_20250114_142718,5300
2,VID_20250114_142718,5310
2,VID_20250114_142718,5320
2,VID_20250114_142718,5330
2,VID_20250114_142718,5340
2,VID_20250114_142718,5350
2,VID_20250114_142718,5360
2,VID_20250114_142718,5370
2,VID_20250114_142718,5380
2,VID_20250114_142718,5390
2,VID_20250114_142718,5400
2,VID_20250114_142718,5410
2,VID_20250114_142718,5420
2,VID_20250114_142718,5430
2,VID_20250114_142718,5440
2,VID_20250114_142718,5450
2,VID_20250114_142718,5460
2,VID_20250114_142718,5470
2,VID_20250114_142718,5480
2,VID_20250114_142718,5490
2,VID_20250114_142718,5500
2,VID_20250114_142718,5510
2,VID_20250114_142718,5520
2,VID_20250114_142718,5530
2,VID_20250114_142718,5540
2,VID_20250114_142718,5550
2,VID_20250114_142718,5560
2,VID_20250114_142718,5570
2,VID_20250114_142718,5580
2,VID_20250114_142718,5590
2,VID_20250114_142718,5600
2,VID_20250114_142718,5610
2,VID_20250114_142718,5620
2,VID_20250114_142718,5630
2,VID_20250114_142718,5640
2,VID_20250114_142718,5650
2,VID_20250114_142718,5660
2,VID_20250114_142718,5670
2,VID_20250114_142718,5680
2,VID_20250114_142718,5690
2,VID_20250114_142718,5700
2,VID_20250114_142718,5710
2,VID_20250114_142718,5720
2,VID_20250114_142718,5730
2,VID_20250114_142718,5740
2,VID_20250114_142718,5750
2,VID_20250114_142718,5760
2,VID_20250114_142718,5770
2,VID_20250114_142718,5780
2,VID_20250114_142718,5790
2,VID_20250114_142718,5800
2,VID_20250114_142718,5810
2,VID_20250114_142718,5820
2,VID_20250114_142718,5830
2,VID_20250114_142718,5840
2,VID_20250114_142718,5850
2,VID_20250114_142718,5860
2,VID_20250114_142718,5870
2,VID_20250114_142718,5880
2,VID_20250114_142718,5890
2,VID_20250114_142718,5900
2,VID_20250114_142718,5910
2,VID_20250114_142718,5920
2,VID_20250114_142718,5930
2,VID_20250114_142718,5940
2,VID_20250114_142718,5950
2,VID_20250114_142718,5960
2,VID_20250114_142718,5970
2,VID_20250114_142718,5980
2,VID_20250114_142718,5990
2,VID_20250114_142718,6000
2,VID_20250114_142718,6010
2,VID_20250114_142718,6020
2,VID_20250114_142718,6030
2,VID_20250114_142718,6040
2,VID_20250114_142718,6050
2,VID_20250114_142718,6060
2,VID_20250114_142718,6070
2,VID_20250114_142718,6080
2,VID_20250114_142718,6090
2,VID_20250114_142718,6100
2,VID_20250114_142718,6110
2,VID_20250114_142718,6120
2,VID_20250114_142718,6130
2,VID_20250114_142718,6140
2,VID_20250114_142718,6150
2,VID_20250114_142718,6160
2,VID_20250114_142718,6170
2,VID_20250114_142718,6180
2,VID_20250114_142718,6190
2,VID_20250114_142718,6200
2,VID_20250114_142718,6210
2,VID_20250114_142718,6220
2,VID_20250114_142718,6230
2,VID_20250114_142718,6240
2,VID_20250114_142718,6250
2,VID_20250114_142718,6260
2,VID_20250114_142718,6270
2,VID_20250114_142718,6280
2,VID_20250114_142718,6290
2,VID_20250114_142718,6300
2,VID_20250114_142718,6310
2,VID_20250114_142718,6320
2,VID_20250114_142718,6330
2,VID_20250114_142718,6340
2,VID_20250114_142718,6350
2,VID_20250114_142718,6360
2,VID_20250114_142718,6370
2,VID_20250114_142718,6380
2,VID_20250114_142718,6390
2,VID_20250114_142718,6400
2,VID_20250114_142718,6410
2,VID_20250114_142718,6420
2,VID_20250114_142718,6430
2,VID_20250114_142718,6440
2,VID_20250114_142718,6450
2,VID_20250114_142718,6460
2,VID_20250114_142718,6470
2,VID_20250114_142718,6480
2,VID_20250114_142718,6490
2,VID_20250114_142718,6500
2,VID_20250114_142718,6510
2,VID_20250114_142718,6520
3,VID_20250114_142718,4590
3,VID_20250114_142718,4600
3,VID_20250114_142718,4610
3,VID_20250114_142718,4620
3,VID_20250114_142718,4700
3,VID_20250114_142718,4710
3,VID_20250114_142718,4720
3,VID_20250114_142718,4730
3,VID_20250114_142718,4740
3,VID_20250114_142718,4750
0,VID_20250114_143817,0
0,VID_20250114_143817,10
0,VID_20250114_143817,20
0,VID_20250114_143817,30
0,VID_20250114_143817,40
0,VID_20250114_143817,50
0,VID_20250114_143817,60
0,VID_20250114_143817,70
0,VID_20250114_143817,80
0,VID_20250114_143817,90
0,VID_20250114_143817,100
0,VID_20250114_143817,110
0,VID_20250114_143817,120
0,VID_20250114_143817,130
0,VID_20250114_143817,140
0,VID_20250114_143817,150
0,VID_20250114_143817,160
0,VID_20250114_143817,170
0,VID_20250114_143817,180
0,VID_20250114_143817,190
0,VID_20250114_143817,200
0,VID_20250114_143817,210
0,VID_20250114_143817,220
0,VID_20250114_143817,230
0,VID_20250114_143817,240
0,VID_20250114_143817,250
0,VID_20250114_143817,260
0,VID_20250114_143817,270
0,VID_20250114_143817,280
0,VID_20250114_143817,290
0,VID_20250114_143817,300
0,VID_20250114_143817,310
0,VID_20250114_143817,320
0,VID_20250114_143817,330
0,VID_20250114_143817,340
0,VID_20250114_143817,350
0,VID_20250114_143817,360
0,VID_20250114_143817,370
0,VID_20250114_143817,380
0,VID_20250114_143817,390
0,VID_20250114_143817,400
0,VID_20250114_143817,410
0,VID_20250114_143817,420
0,VID_20250114_143817,430
0,VID_20250114_143817,440
0,VID_20250114_143817,450
0,VID_20250114_143817,460
0,VID_20250114_143817,470
0,VID_20250114_143817,480
0,VID_20250114_143817,490
0,VID_20250114_143817,500
0,VID_20250114_143817,510
0,VID_20250114_143817,520
0,VID_20250114_143817,530
0,VID_20250114_143817,540
0,VID_20250114_143817,550
0,VID_20250114_143817,560
0,VID_20250114_143817,570
0,VID_20250114_143817,580
0,VID_20250114_143817,590
0,VID_20250114_143817,600
0,VID_20250114_143817,610
0,VID_20250114_143817,620
0,VID_20250114_143817,630
0,VID_20250114_143817,640
0,VID_20250114_143817,650
0,VID_20250114_143817,660
0,VID_20250114_143817,670
0,VID_20250114_143817,680
0,VID_20250114_143817,690
0,VID_20250114_143817,700
0,VID_20250114_143817,710
0,VID_20250114_143817,720
0,VID_20250114_143817,730
0,VID_20250114_143817,740
0,VID_20250114_143817,750
0,VID_20250114_143817,760
0,VID_20250114_143817,770
0,VID_20250114_143817,780
0,VID_20250114_143817,790
0,VID_20250114_143817,800
0,VID_20250114_143817,810
0,VID_20250114_143817,820
0,VID_20250114_143817,830
0,VID_20250114_143817,840
0,VID_20250114_143817,850
0,VID_20250114_143817,860
0,VID_20250114_143817,870
0,VID_20250114_143817,880
0,VID_20250114_143817,890
0,VID_20250114_143817,900
0,VID_20250114_143817,910
0,VID_20250114_143817,920
0,VID_20250114_143817,930
0,VID_20250114_143817,940
0,VID_20250114_143817,950
0,VID_20250114_143817,960
0,VID_20250114_143817,970
0,VID_20250114_143817,980
0,VID_20250114_143817,990
0,VID_20250114_143817,1000
0,VID_20250114_143817,1010
0,VID_20250114_143817,1020
0,VID_20250114_143817,1030
0,VID_20250114_143817,1040
0,VID_20250114_143817,1050
0,VID_20250114_143817,1060
0,VID_20250114_143817,1070
0,VID_20250114_143817,1080
0,VID_20250114_143817,1090
0,VID_20250114_143817,1100
0,VID_20250114_143817,1110
0,VID_20250114_143817,1120
0,VID_20250114_143817,1130
0,VID_20250114_143817,1140
0,VID_20250114_143817,1150
0,VID_20250114_143817,1160
0,VID_20250114_143817,1170
0,VID_20250114_143817,1180
0,VID_20250114_143817,1190
0,VID_20250114_143817,1200
0,VID_20250114_143817,1210
0,VID_20250114_143817,1220
0,VID_20250114_143817,1230
0,VID_20250114_143817,1240
0,VID_20250114_143817,1250
0,VID_20250114_143817,1260
0,VID_20250114_143817,1270
0,VID_20250114_143817,1280
0,VID_20250114_143817,1290
0,VID_20250114_143817,1300
0,VID_20250114_143817,1310
0,VID_20250114_143817,1320
0,VID_20250114_143817,1330
0,VID_20250114_143817,1340
0,VID_20250114_143817,1350
0,VID_20250114_143817,1360
0,VID_20250114_143817,1370
0,VID_20250114_143817,1380
0,VID_20250114_143817,1390
0,VID_20250114_143817,1400
0,VID_20250114_143817,1410
0,VID_20250114_143817,1420
0,VID_20250114_143817,1430
0,VID_20250114_143817,1440
0,VID_20250114_143817,1450
0,VID_20250114_143817,1460
0,VID_20250114_143817,1470
0,VID_20250114_143817,1480
0,VID_20250114_143817,1490
0,VID_20250114_143817,1500
0,VID_20250114_143817,1510
0,VID_20250114_143817,1520
0,VID_20250114_143817,1530
0,VID_20250114_143817,1540
0,VID_20250114_143817,1550
0,VID_20250114_143817,1560
0,VID_20250114_143817,1570
0,VID_20250114_143817,1580
0,VID_20250114_143817,1590
0,VID_20250114_143817,1600
0,VID_20250114_143817,1610
0,VID_20250114_143817,1620
0,VID_20250114_143817,1630
0,VID_20250114_143817,1640
0,VID_20250114_143817,1650
0,VID_20250114_143817,1660
0,VID_20250114_143817,1670
0,VID_20250114_143817,1680
0,VID_20250114_143817,1690
0,VID_20250114_143817,1700
0,VID_20250114_143817,1710
0,VID_20250114_143817,1720
0,VID_20250114_143817,1730
0,VID_20250114_143817,1740
0,VID_20250114_143817,1750
0,VID_20250114_143817,1760
0,VID_20250114_143817,1770
0,VID_20250114_143817,1780
0,VID_20250114_143817,1790
0,VID_20250114_143817,1800
0,VID_20250114_143817,1810
0,VID_20250114_143817,1820
0,VID_20250114_143817,1830
0,VID_20250114_143817,1840
0,VID_20250114_143817,1850
0,VID_20250114_143817,1860
0,VID_20250114_143817,1870
0,VID_20250114_143817,1880
0,VID_20250114_143817,1890
0,VID_20250114_143817,1900
0,VID_20250114_143817,1910
0,VID_20250114_143817,1920
0,VID_20250114_143817,1930
0,VID_20250114_143817,1940
0,VID_20250114_143817,1950
0,VID_20250114_143817,1960
0,VID_20250114_143817,1970
0,VID_20250114_143817,1980
0,VID_20250114_143817,1990
0,VID_20250114_143817,2000
0,VID_20250114_143817,2010
0,VID_20250114_143817,2020
0,VID_20250114_143817,2030
0,VID_20250114_143817,2040
0,VID_20250114_143817,2050
0,VID_20250114_143817,2060
0,VID_20250114_143817,2070
0,VID_20250114_143817,2080
0,VID_20250114_143817,2090
0,VID_20250114_143817,2100
0,VID_20250114_143817,2110
0,VID_20250114_143817,2120
0,VID_20250114_143817,2130
0,VID_20250114_143817,2140
0,VID_20250114_143817,2150
0,VID_20250114_143817,2160
0,VID_20250114_143817,2170
0,VID_20250114_143817,2180
0,VID_20250114_143817,2190
0,VID_20250114_143817,2200
0,VID_20250114_143817,2210
0,VID_20250114_143817,2220
0,VID_20250114_143817,2230
0,VID_20250114_143817,2240
0,VID_20250114_143817,2250
0,VID_20250114_143817,2260
0,VID_20250114_143817,2270
0,VID_20250114_143817,2280
0,VID_20250114_143817,2290
0,VID_20250114_143817,2300
0,VID_20250114_143817,2310
0,VID_20250114_143817,2320
0,VID_20250114_143817,2330
0,VID_20250114_143817,2340
0,VID_20250114_143817,2350
0,VID_20250114_143817,2360
0,VID_20250114_143817,2370
0,VID_20250114_143817,2380
0,VID_20250114_143817,2390
0,VID_20250114_143817,2400
0,VID_20250114_143817,2410
0,VID_20250114_143817,2420
0,VID_20250114_143817,2430
0,VID_20250114_143817,2440
0,VID_20250114_143817,2450
0,VID_20250114_143817,2460
0,VID_20250114_143817,2470
0,VID_20250114_143817,2480
0,VID_20250114_143817,2490
0,VID_20250114_143817,2500
0,VID_20250114_143817,2510
0,VID_20250114_143817,2520
0,VID_20250114_143817,2530
0,VID_20250114_143817,2540
0,VID_20250114_143817,2550
0,VID_20250114_143817,2560
0,VID_20250114_143817,2570
0,VID_20250114_143817,2580
0,VID_20250114_143817,2590
0,VID_20250114_143817,2600
0,VID_20250114_143817,2610
0,VID_20250114_143817,2620
0,VID_20250114_143817,2630
0,VID_20250114_143817,2640
0,VID_20250114_143817,2650
0,VID_20250114_143817,2660
0,VID_20250114_143817,2670
0,VID_20250114_143817,2680
0,VID_20250114_143817,2690
0,VID_20250114_143817,2700
0,VID_20250114_143817,2710
0,VID_20250114_143817,2720
0,VID_20250114_143817,2730
0,VID_20250114_143817,2740
0,VID_20250114_143817,2750
0,VID_20250114_143817,2760
0,VID_20250114_143817,2770
0,VID_20250114_143817,2780
0,VID_20250114_143817,2790
0,VID_20250114_143817,2800
0,VID_20250114_143817,2810
0,VID_20250114_143817,2820
0,VID_20250114_143817,2830
0,VID_20250114_143817,2840
0,VID_20250114_143817,2850
0,VID_20250114_143817,2860
0,VID_20250114_143817,2870
0,VID_20250114_143817,2880
0,VID_20250114_143817,2890
0,VID_20250114_143817,2900
0,VID_20250114_143817,2910
0,VID_20250114_143817,2920
0,VID_20250114_143817,2930
0,VID_20250114_143817,2940
0,VID_20250114_143817,2950
0,VID_20250114_143817,2960
0,VID_20250114_143817,2970
0,VID_20250114_143817,2980
0,VID_20250114_143817,2990
0,VID_20250114_143817,3000
0,VID_20250114_143817,3010
0,VID_20250114_143817,3020
0,VID_20250114_143817,3030
0,VID_20250114_143817,3040
0,VID_20250114_143817,3050
0,VID_20250114_143817,3060
0,VID_20250114_143817,3070
0,VID_20250114_143817,3080
0,VID_20250114_143817,3090
0,VID_20250114_143817,3100
0,VID_20250114_143817,3110
0,VID_20250114_143817,3120
0,VID_20250114_143817,3130
0,VID_20250114_143817,3140
0,VID_20250114_143817,3150
0,VID_20250114_143817,3160
0,VID_20250114_143817,3170
0,VID_20250114_143817,3180
0,VID_20250114_143817,3190
0,VID_20250114_143817,3200
0,VID_20250114_143817,3210
0,VID_20250114_143817,3220
0,VID_20250114_143817,3230
0,VID_20250114_143817,3240
0,VID_20250114_143817,3250
0,VID_20250114_143817,3260
0,VID_20250114_143817,3270
0,VID_20250114_143817,3280
0,VID_20250114_143817,3290
0,VID_20250114_143817,3300
0,VID_20250114_143817,3310
0,VID_20250114_143817,3320
0,VID_20250114_143817,3330
0,VID_20250114_143817,3340
0,VID_20250114_143817,3350
0,VID_20250114_143817,3360
0,VID_20250114_143817,3370
0,VID_20250114_143817,3380
0,VID_20250114_143817,3390
0,VID_20250114_143817,3400
0,VID_20250114_143817,3410
0,VID_20250114_143817,3420
0,VID_20250114_143817,3430
0,VID_20250114_143817,3440
0,VID_20250114_143817,3450
0,VID_20250114_143817,3460
0,VID_20250114_143817,3470
0,VID_20250114_143817,3480
0,VID_20250114_143817,3490
0,VID_20250114_143817,3500
0,VID_20250114_143817,3510
0,VID_20250114_143817,3520
0,VID_20250114_143817,3530
0,VID_20250114_143817,3540
0,VID_20250114_143817,3550
0,VID_20250114_143817,3560
0,VID_20250114_143817,3570
0,VID_20250114_143817,3580
0,VID_20250114_143817,3590
0,VID_20250114_143817,3600
0,VID_20250114_143817,3610
0,VID_20250114_143817,3620
0,VID_20250114_143817,3630
0,VID_20250114_143817,3640
0,VID_20250114_143817,3650
0,VID_20250114_143817,3660
0,VID_20250114_143817,3670
0,VID_20250114_143817,3680
0,VID_20250114_143817,3690
0,VID_20250114_143817,3700
0,VID_20250114_143817,3710
0,VID_20250114_143817,3720
0,VID_20250114_143817,3730
0,VID_20250114_143817,3740
0,VID_20250114_143817,3750
0,VID_20250114_143817,3760
0,VID_20250114_143817,3770
0,VID_20250114_143817,3780
0,VID_20250114_143817,3790
0,VID_20250114_143817,3800
0,VID_20250114_143817,3810
0,VID_20250114_143817,3820
0,VID_20250114_143817,3830
0,VID_20250114_143817,3840
0,VID_20250114_143817,3850
0,VID_20250114_143817,3860
0,VID_20250114_143817,3870
0,VID_20250114_143817,3880
0,VID_20250114_143817,3890
0,VID_20250114_143817,3900
0,VID_20250114_143817,3910
0,VID_20250114_143817,3920
0,VID_20250114_143817,3930
0,VID_20250114_143817,3940
0,VID_20250114_143817,3950
0,VID_20250114_143817,3960
0,VID_20250114_143817,3970
0,VID_20250114_143817,3980
0,VID_20250114_143817,3990
0,VID_20250114_143817,4000
0,VID_20250114_143817,4010
0,VID_20250114_143817,4020
0,VID_20250114_143817,4030
0,VID_20250114_143817,4040
0,VID_20250114_143817,4050
0,VID_20250114_143817,4060
0,VID_20250114_143817,4070
0,VID_20250114_143817,4080
0,VID_20250114_143817,4090
0,VID_20250114_143817,4100
0,VID_20250114_143817,4110
0,VID_20250114_143817,4120
0,VID_20250114_143817,4130
0,VID_20250114_143817,4140
0,VID_20250114_143817,4150
0,VID_20250114_143817,4160
0,VID_20250114_143817,4170
0,VID_20250114_143817,4180
0,VID_20250114_143817,4190
0,VID_20250114_143817,4200
0,VID_20250114_143817,4210
0,VID_20250114_143817,4220
0,VID_20250114_143817,4230
0,VID_20250114_143817,4240
0,VID_20250114_143817,4250
0,VID_20250114_143817,4260
0,VID_20250114_143817,4270
0,VID_20250114_143817,4280
0,VID_20250114_143817,4290
0,VID_20250114_143817,4300
0,VID_20250114_143817,4310
0,VID_20250114_143817,4320
0,VID_20250114_143817,4330
0,VID_20250114_143817,4340
0,VID_20250114_143817,4350
0,VID_20250114_143817,4360
0,VID_20250114_143817,4370
0,VID_20250114_143817,4380
0,VID_20250114_143817,4390
0,VID_20250114_143817,4400
0,VID_20250114_143817,4410
0,VID_20250114_143817,4420
0,VID_20250114_143817,4430
0,VID_20250114_143817,4440
0,VID_20250114_143817,4450
0,VID_20250114_143817,4460
0,VID_20250114_143817,4470
0,VID_20250114_143817,4480
0,VID_20250114_143817,4490
0,VID_20250114_143817,4500
0,VID_20250114_143817,4510
0,VID_20250114_143817,4520
0,VID_20250114_143817,4530
0,VID_20250114_143817,4540
0,VID_20250114_143817,4550
0,VID_20250114_143817,4560
0,VID_20250114_143817,4570
0,VID_20250114_143817,4580
0,VID_20250114_143817,4590
0,VID_20250114_143817,4600
0,VID_20250114_143817,4610
0,VID_20250114_143817,4620
0,VID_20250114_143817,4630
0,VID_20250114_143817,4640
0,VID_20250114_143817,4650
0,VID_20250114_143817,4660
0,VID_20250114_143817,4670
0,VID_20250114_143817,4680
0,VID_20250114_143817,4690
0,VID_20250114_143817,4700
0,VID_20250114_143817,4710
0,VID_20250114_143817,4720
0,VID_20250114_143817,4730
0,VID_20250114_143817,4740
0,VID_20250114_143817,4750
0,VID_20250114_143817,4760
0,VID_20250114_143817,4770
0,VID_20250114_143817,4780
0,VID_20250114_143817,4790
0,VID_20250114_143817,4800
0,VID_20250114_143817,4810
0,VID_20250114_143817,4820
0,VID_20250114_143817,4830
0,VID_20250114_143817,4840
0,VID_20250114_143817,4850
0,VID_20250114_143817,4860
0,VID_20250114_143817,4870
0,VID_20250114_143817,4880
0,VID_20250114_143817,4890
0,VID_20250114_143817,4900
0,VID_20250114_143817,4910
0,VID_20250114_143817,4920
0,VID_20250114_143817,4930
0,VID_20250114_143817,4940
0,VID_20250114_143817,4950
0,VID_20250114_143817,4960
0,VID_20250114_143817,4970
0,VID_20250114_143817,4980
0,VID_20250114_143817,4990
0,VID_20250114_143817,5000
0,VID_20250114_143817,5010
0,VID_20250114_143817,5020
0,VID_20250114_143817,5030
0,VID_20250114_143817,5040
0,VID_20250114_143817,5050
0,VID_20250114_143817,5060
0,VID_20250114_143817,5070
0,VID_20250114_143817,5080
0,VID_20250114_143817,5090
0,VID_20250114_143817,5100
0,VID_20250114_143817,5110
0,VID_20250114_143817,5120
0,VID_20250114_143817,5130
0,VID_20250114_143817,5140
0,VID_20250114_143817,5150
0,VID_20250114_143817,5160
0,VID_20250114_143817,5170
0,VID_20250114_143817,5180
0,VID_20250114_143817,5190
0,VID_20250114_143817,5200
0,VID_20250114_143817,5210
0,VID_20250114_143817,5220
0,VID_20250114_143817,5230
0,VID_20250114_143817,5240
0,VID_20250114_143817,5250
0,VID_20250114_143817,5260
0,VID_20250114_143817,5270
0,VID_20250114_143817,5280
0,VID_20250114_143817,5290
0,VID_20250114_143817,5300
0,VID_20250114_143817,5310
0,VID_20250114_143817,5320
0,VID_20250114_143817,5330
0,VID_20250114_143817,5340
0,VID_20250114_143817,5350
0,VID_20250114_143817,5360
0,VID_20250114_143817,5370
0,VID_20250114_143817,5380
0,VID_20250114_143817,5390
0,VID_20250114_143817,5400
0,VID_20250114_143817,5410
0,VID_20250114_143817,5420
0,VID_20250114_143817,5430
0,VID_20250114_143817,5440
0,VID_20250114_143817,5450
0,VID_20250114_143817,5460
0,VID_20250114_143817,5470
0,VID_20250114_143817,5480
0,VID_20250114_143817,5490
0,VID_20250114_143817,5500
0,VID_20250114_143817,5510
0,VID_20250114_143817,5520
0,VID_20250114_143817,5530
0,VID_20250114_143817,5540
0,VID_20250114_143817,5550
0,VID_20250114_143817,5560
0,VID_20250114_143817,5570
0,VID_20250114_143817,5580
0,VID_20250114_143817,5590
0,VID_20250114_143817,5600
0,VID_20250114_143817,5610
0,VID_20250114_143817,5620
0,VID_20250114_143817,5630
0,VID_20250114_143817,5640
0,VID_20250114_143817,5650
0,VID_20250114_143817,5660
1,VID_20250114_143817,5670
1,VID_20250114_143817,5680
1,VID_20250114_143817,5690
2,VID_20250114_143817,5850
2,VID_20250114_143817,5860
2,VID_20250114_143817,5870
2,VID_20250114_143817,5880
2,VID_20250114_143817,5890
2,VID_20250114_143817,5900
2,VID_20250114_143817,5910
2,VID_20250114_143817,5920
2,VID_20250114_143817,5930
2,VID_20250114_143817,5940
2,VID_20250114_143817,5950
2,VID_20250114_143817,5960
2,VID_20250114_143817,5970
2,VID_20250114_143817,5980
2,VID_20250114_143817,5990
2,VID_20250114_143817,6000
2,VID_20250114_143817,6010
2,VID_20250114_143817,6020
2,VID_20250114_143817,6030
2,VID_20250114_143817,6040
2,VID_20250114_143817,6050
2,VID_20250114_143817,6060
2,VID_20250114_143817,6070
2,VID_20250114_143817,6080
2,VID_20250114_143817,6090
2,VID_20250114_143817,6100
2,VID_20250114_143817,6110
2,VID_20250114_143817,6120
2,VID_20250114_143817,6130
2,VID_20250114_143817,6140
2,VID_20250114_143817,6150
2,VID_20250114_143817,6160
2,VID_20250114_143817,6170
2,VID_20250114_143817,6180
2,VID_20250114_143817,6190
2,VID_20250114_143817,6200
2,VID_20250114_143817,6210
2,VID_20250114_143817,6220
2,VID_20250114_143817,6230
2,VID_20250114_143817,6240
2,VID_20250114_143817,6250
2,VID_20250114_143817,6260
2,VID_20250114_143817,6270
2,VID_20250114_143817,6280
2,VID_20250114_143817,6290
2,VID_20250114_143817,6300
2,VID_20250114_143817,6310
2,VID_20250114_143817,6320
2,VID_20250114_143817,6330
2,VID_20250114_143817,6340
2,VID_20250114_143817,6350
2,VID_20250114_143817,6360
2,VID_20250114_143817,6370
2,VID_20250114_143817,6380
2,VID_20250114_143817,6390
2,VID_20250114_143817,6400
2,VID_20250114_143817,6410
2,VID_20250114_143817,6420
2,VID_20250114_143817,6430
2,VID_20250114_143817,6440
2,VID_20250114_143817,6450
2,VID_20250114_143817,6460
2,VID_20250114_143817,6470
2,VID_20250114_143817,6480
2,VID_20250114_143817,6490
2,VID_20250114_143817,6500
2,VID_20250114_143817,6510
2,VID_20250114_143817,6520
2,VID_20250114_143817,6530
2,VID_20250114_143817,6540
2,VID_20250114_143817,6550
2,VID_20250114_143817,6560
2,VID_20250114_143817,6570
2,VID_20250114_143817,6580
2,VID_20250114_143817,6590
2,VID_20250114_143817,6600
2,VID_20250114_143817,6610
2,VID_20250114_143817,6620
2,VID_20250114_143817,6630
2,VID_20250114_143817,6640
2,VID_20250114_143817,6650
2,VID_20250114_143817,6660
2,VID_20250114_143817,6670
2,VID_20250114_143817,6680
2,VID_20250114_143817,6690
2,VID_20250114_143817,6700
2,VID_20250114_143817,6710
2,VID_20250114_143817,6720
2,VID_20250114_143817,6730
2,VID_20250114_143817,6740
2,VID_20250114_143817,6750
2,VID_20250114_143817,6760
2,VID_20250114_143817,6770
2,VID_20250114_143817,6780
2,VID_20250114_143817,6790
2,VID_20250114_143817,6800
2,VID_20250114_143817,6810
2,VID_20250114_143817,6820
2,VID_20250114_143817,6830
2,VID_20250114_143817,6840
2,VID_20250114_143817,6850
2,VID_20250114_143817,6860
2,VID_20250114_143817,6870
2,VID_20250114_143817,6880
2,VID_20250114_143817,6890
2,VID_20250114_143817,6900
2,VID_20250114_143817,6910
2,VID_20250114_143817,6920
2,VID_20250114_143817,6930
2,VID_20250114_143817,6940
2,VID_20250114_143817,6950
2,VID_20250114_143817,6960
2,VID_20250114_143817,6970
2,VID_20250114_143817,6980
2,VID_20250114_143817,6990
2,VID_20250114_143817,7000
2,VID_20250114_143817,7010
2,VID_20250114_143817,7020
2,VID_20250114_143817,7030
2,VID_20250114_143817,7040
2,VID_20250114_143817,7050
2,VID_20250114_143817,7060
2,VID_20250114_143817,7070
2,VID_20250114_143817,7080
2,VID_20250114_143817,7090
2,VID_20250114_143817,7100
2,VID_20250114_143817,7110
2,VID_20250114_143817,7120
2,VID_20250114_143817,7130
2,VID_20250114_143817,7140
2,VID_20250114_143817,7150
2,VID_20250114_143817,7160
2,VID_20250114_143817,7170
2,VID_20250114_143817,7180
2,VID_20250114_143817,7190
2,VID_20250114_143817,7200
2,VID_20250114_143817,7210
2,VID_20250114_143817,7220
2,VID_20250114_143817,7230
2,VID_20250114_143817,7240
2,VID_20250114_143817,7250
2,VID_20250114_143817,7260
2,VID_20250114_143817,7270
2,VID_20250114_143817,7280
2,VID_20250114_143817,7290
2,VID_20250114_143817,7300
2,VID_20250114_143817,7310
2,VID_20250114_143817,7320
2,VID_20250114_143817,7330
2,VID_20250114_143817,7340
2,VID_20250114_143817,7350
2,VID_20250114_143817,7360
2,VID_20250114_143817,7370
2,VID_20250114_143817,7380
2,VID_20250114_143817,7390
2,VID_20250114_143817,7400
2,VID_20250114_143817,7410
2,VID_20250114_143817,7420
2,VID_20250114_143817,7430
2,VID_20250114_143817,7440
2,VID_20250114_143817,7450
2,VID_20250114_143817,7460
2,VID_20250114_143817,7470
2,VID_20250114_143817,7480
2,VID_20250114_143817,7490
2,VID_20250114_143817,7500
2,VID_20250114_143817,7510
2,VID_20250114_143817,7520
2,VID_20250114_143817,7530
2,VID_20250114_143817,7540
2,VID_20250114_143817,7550
2,VID_20250114_143817,7560
2,VID_20250114_143817,7570
2,VID_20250114_143817,7580
2,VID_20250114_143817,7590
2,VID_20250114_143817,7600
2,VID_20250114_143817,7610
2,VID_20250114_143817,7620
2,VID_20250114_143817,7630
2,VID_20250114_143817,7640
2,VID_20250114_143817,7650
2,VID_20250114_143817,7660
2,VID_20250114_143817,7670
2,VID_20250114_143817,7680
2,VID_20250114_143817,7690
2,VID_20250114_143817,7700
2,VID_20250114_143817,7710
2,VID_20250114_143817,7720
2,VID_20250114_143817,7730
2,VID_20250114_143817,7740
2,VID_20250114_143817,7750
2,VID_20250114_143817,7760
2,VID_20250114_143817,7770
2,VID_20250114_143817,7780
3,VID_20250114_143817,5700
3,VID_20250114_143817,5710
3,VID_20250114_143817,5720
3,VID_20250114_143817,5730
3,VID_20250114_143817,5740
3,VID_20250114_143817,5750
3,VID_20250114_143817,5760
3,VID_20250114_143817,5770
3,VID_20250114_143817,5780
3,VID_20250114_143817,5790
3,VID_20250114_143817,5800
0,VID_20250114_143821,0
0,VID_20250114_143821,10
0,VID_20250114_143821,20
0,VID_20250114_143821,30
0,VID_20250114_143821,40
0,VID_20250114_143821,50
0,VID_20250114_143821,60
0,VID_20250114_143821,70
0,VID_20250114_143821,80
0,VID_20250114_143821,90
0,VID_20250114_143821,100
0,VID_20250114_143821,110
0,VID_20250114_143821,120
0,VID_20250114_143821,130
0,VID_20250114_143821,140
0,VID_20250114_143821,150
0,VID_20250114_143821,160
0,VID_20250114_143821,170
0,VID_20250114_143821,180
0,VID_20250114_143821,190
0,VID_20250114_143821,200
0,VID_20250114_143821,210
0,VID_20250114_143821,220
0,VID_20250114_143821,230
0,VID_20250114_143821,240
0,VID_20250114_143821,250
0,VID_20250114_143821,260
0,VID_20250114_143821,270
0,VID_20250114_143821,280
0,VID_20250114_143821,290
0,VID_20250114_143821,300
0,VID_20250114_143821,310
0,VID_20250114_143821,320
0,VID_20250114_143821,330
0,VID_20250114_143821,340
0,VID_20250114_143821,350
0,VID_20250114_143821,360
0,VID_20250114_143821,370
0,VID_20250114_143821,380
0,VID_20250114_143821,390
0,VID_20250114_143821,400
0,VID_20250114_143821,410
0,VID_20250114_143821,420
0,VID_20250114_143821,430
0,VID_20250114_143821,440
0,VID_20250114_143821,450
0,VID_20250114_143821,460
0,VID_20250114_143821,470
0,VID_20250114_143821,480
0,VID_20250114_143821,490
0,VID_20250114_143821,500
0,VID_20250114_143821,510
0,VID_20250114_143821,520
0,VID_20250114_143821,530
0,VID_20250114_143821,540
0,VID_20250114_143821,550
0,VID_20250114_143821,560
0,VID_20250114_143821,570
0,VID_20250114_143821,580
0,VID_20250114_143821,590
0,VID_20250114_143821,600
0,VID_20250114_143821,610
0,VID_20250114_143821,620
0,VID_20250114_143821,630
0,VID_20250114_143821,640
0,VID_20250114_143821,650
0,VID_20250114_143821,660
0,VID_20250114_143821,670
0,VID_20250114_143821,680
0,VID_20250114_143821,690
0,VID_20250114_143821,700
0,VID_20250114_143821,710
0,VID_20250114_143821,720
0,VID_20250114_143821,730
0,VID_20250114_143821,740
0,VID_20250114_143821,750
0,VID_20250114_143821,760
0,VID_20250114_143821,770
0,VID_20250114_143821,780
0,VID_20250114_143821,790
0,VID_20250114_143821,800
0,VID_20250114_143821,810
0,VID_20250114_143821,820
0,VID_20250114_143821,830
0,VID_20250114_143821,840
0,VID_20250114_143821,850
0,VID_20250114_143821,860
0,VID_20250114_143821,870
0,VID_20250114_143821,880
0,VID_20250114_143821,890
0,VID_20250114_143821,900
0,VID_20250114_143821,910
0,VID_20250114_143821,920
0,VID_20250114_143821,930
0,VID_20250114_143821,940
0,VID_20250114_143821,950
0,VID_20250114_143821,960
0,VID_20250114_143821,970
0,VID_20250114_143821,980
0,VID_20250114_143821,990
0,VID_20250114_143821,1000
0,VID_20250114_143821,1010
0,VID_20250114_143821,1020
0,VID_20250114_143821,1030
0,VID_20250114_143821,1040
0,VID_20250114_143821,1050
0,VID_20250114_143821,1060
0,VID_20250114_143821,1070
0,VID_20250114_143821,1080
0,VID_20250114_143821,1090
0,VID_20250114_143821,1100
0,VID_20250114_143821,1110
0,VID_20250114_143821,1120
0,VID_20250114_143821,1130
0,VID_20250114_143821,1140
0,VID_20250114_143821,1150
0,VID_20250114_143821,1160
0,VID_20250114_143821,1170
0,VID_20250114_143821,1180
0,VID_20250114_143821,1190
0,VID_20250114_143821,1200
0,VID_20250114_143821,1210
0,VID_20250114_143821,1220
0,VID_20250114_143821,1230
0,VID_20250114_143821,1240
0,VID_20250114_143821,1250
0,VID_20250114_143821,1260
0,VID_20250114_143821,1270
0,VID_20250114_143821,1280
0,VID_20250114_143821,1290
0,VID_20250114_143821,1300
0,VID_20250114_143821,1310
0,VID_20250114_143821,1320
0,VID_20250114_143821,1330
0,VID_20250114_143821,1340
0,VID_20250114_143821,1350
0,VID_20250114_143821,1360
0,VID_20250114_143821,1370
0,VID_20250114_143821,1380
0,VID_20250114_143821,1390
0,VID_20250114_143821,1400
0,VID_20250114_143821,1410
0,VID_20250114_143821,1420
0,VID_20250114_143821,1430
0,VID_20250114_143821,1440
0,VID_20250114_143821,1450
0,VID_20250114_143821,1460
0,VID_20250114_143821,1470
0,VID_20250114_143821,1480
0,VID_20250114_143821,1490
0,VID_20250114_143821,1500
0,VID_20250114_143821,1510
0,VID_20250114_143821,1520
0,VID_20250114_143821,1530
0,VID_20250114_143821,1540
0,VID_20250114_143821,1550
0,VID_20250114_143821,1560
0,VID_20250114_143821,1570
0,VID_20250114_143821,1580
0,VID_20250114_143821,1590
0,VID_20250114_143821,1600
0,VID_20250114_143821,1610
0,VID_20250114_143821,1620
0,VID_20250114_143821,1630
0,VID_20250114_143821,1640
0,VID_20250114_143821,1650
0,VID_20250114_143821,1660
0,VID_20250114_143821,1670
0,VID_20250114_143821,1680
0,VID_20250114_143821,1690
0,VID_20250114_143821,1700
0,VID_20250114_143821,1710
0,VID_20250114_143821,1720
0,VID_20250114_143821,1730
0,VID_20250114_143821,1740
0,VID_20250114_143821,1750
0,VID_20250114_143821,1760
0,VID_20250114_143821,1770
0,VID_20250114_143821,1780
0,VID_20250114_143821,1790
0,VID_20250114_143821,1800
0,VID_20250114_143821,1810
0,VID_20250114_143821,1820
0,VID_20250114_143821,1830
0,VID_20250114_143821,1840
0,VID_20250114_143821,1850
0,VID_20250114_143821,1860
0,VID_20250114_143821,1870
0,VID_20250114_143821,1880
0,VID_20250114_143821,1890
0,VID_20250114_143821,1900
0,VID_20250114_143821,1910
0,VID_20250114_143821,1920
0,VID_20250114_143821,1930
0,VID_20250114_143821,1940
0,VID_20250114_143821,1950
0,VID_20250114_143821,1960
0,VID_20250114_143821,1970
0,VID_20250114_143821,1980
0,VID_20250114_143821,1990
0,VID_20250114_143821,2000
0,VID_20250114_143821,2010
0,VID_20250114_143821,2020
0,VID_20250114_143821,2030
0,VID_20250114_143821,2040
0,VID_20250114_143821,2050
0,VID_20250114_143821,2060
0,VID_20250114_143821,2070
0,VID_20250114_143821,2080
0,VID_20250114_143821,2090
0,VID_20250114_143821,2100
0,VID_20250114_143821,2110
0,VID_20250114_143821,2120
0,VID_20250114_143821,2130
0,VID_20250114_143821,2140
0,VID_20250114_143821,2150
0,VID_20250114_143821,2160
0,VID_20250114_143821,2170
0,VID_20250114_143821,2180
0,VID_20250114_143821,2190
0,VID_20250114_143821,2200
0,VID_20250114_143821,2210
0,VID_20250114_143821,2220
0,VID_20250114_143821,2230
0,VID_20250114_143821,2240
0,VID_20250114_143821,2250
0,VID_20250114_143821,2260
0,VID_20250114_143821,2270
0,VID_20250114_143821,2280
0,VID_20250114_143821,2290
0,VID_20250114_143821,2300
0,VID_20250114_143821,2310
0,VID_20250114_143821,2320
0,VID_20250114_143821,2330
0,VID_20250114_143821,2340
0,VID_20250114_143821,2350
0,VID_20250114_143821,2360
0,VID_20250114_143821,2370
0,VID_20250114_143821,2380
0,VID_20250114_143821,2390
0,VID_20250114_143821,2400
0,VID_20250114_143821,2410
0,VID_20250114_143821,2420
0,VID_20250114_143821,2430
0,VID_20250114_143821,2440
0,VID_20250114_143821,2450
0,VID_20250114_143821,2460
0,VID_20250114_143821,2470
0,VID_20250114_143821,2480
0,VID_20250114_143821,2490
0,VID_20250114_143821,2500
0,VID_20250114_143821,2510
0,VID_20250114_143821,2520
0,VID_20250114_143821,2530
0,VID_20250114_143821,2540
0,VID_20250114_143821,2550
0,VID_20250114_143821,2560
0,VID_20250114_143821,2570
0,VID_20250114_143821,2580
0,VID_20250114_143821,2590
0,VID_20250114_143821,2600
0,VID_20250114_143821,2610
0,VID_20250114_143821,2620
0,VID_20250114_143821,2630
0,VID_20250114_143821,2640
0,VID_20250114_143821,2650
0,VID_20250114_143821,2660
0,VID_20250114_143821,2670
0,VID_20250114_143821,2680
0,VID_20250114_143821,2690
0,VID_20250114_143821,2700
0,VID_20250114_143821,2710
0,VID_20250114_143821,2720
0,VID_20250114_143821,2730
0,VID_20250114_143821,2740
0,VID_20250114_143821,2750
0,VID_20250114_143821,2760
0,VID_20250114_143821,2770
0,VID_20250114_143821,2780
0,VID_20250114_143821,2790
0,VID_20250114_143821,2800
0,VID_20250114_143821,2810
0,VID_20250114_143821,2820
0,VID_20250114_143821,2830
0,VID_20250114_143821,2840
0,VID_20250114_143821,2850
0,VID_20250114_143821,2860
0,VID_20250114_143821,2870
0,VID_20250114_143821,2880
0,VID_20250114_143821,2890
0,VID_20250114_143821,2900
0,VID_20250114_143821,2910
0,VID_20250114_143821,2920
0,VID_20250114_143821,2930
0,VID_20250114_143821,2940
0,VID_20250114_143821,2950
0,VID_20250114_143821,2960
0,VID_20250114_143821,2970
0,VID_20250114_143821,2980
0,VID_20250114_143821,2990
0,VID_20250114_143821,3000
0,VID_20250114_143821,3010
0,VID_20250114_143821,3020
0,VID_20250114_143821,3030
0,VID_20250114_143821,3040
0,VID_20250114_143821,3050
0,VID_20250114_143821,3060
0,VID_20250114_143821,3070
0,VID_20250114_143821,3080
0,VID_20250114_143821,3090
0,VID_20250114_143821,3100
0,VID_20250114_143821,3110
0,VID_20250114_143821,3120
0,VID_20250114_143821,3130
0,VID_20250114_143821,3140
0,VID_20250114_143821,3150
0,VID_20250114_143821,3160
0,VID_20250114_143821,3170
0,VID_20250114_143821,3180
0,VID_20250114_143821,3190
0,VID_20250114_143821,3200
0,VID_20250114_143821,3210
0,VID_20250114_143821,3220
0,VID_20250114_143821,3230
0,VID_20250114_143821,3240
0,VID_20250114_143821,3250
0,VID_20250114_143821,3260
0,VID_20250114_143821,3270
0,VID_20250114_143821,3280
0,VID_20250114_143821,3290
0,VID_20250114_143821,3300
0,VID_20250114_143821,3310
0,VID_20250114_143821,3320
0,VID_20250114_143821,3330
0,VID_20250114_143821,3340
0,VID_20250114_143821,3350
0,VID_20250114_143821,3360
0,VID_20250114_143821,3370
0,VID_20250114_143821,3380
0,VID_20250114_143821,3390
0,VID_20250114_143821,3400
0,VID_20250114_143821,3410
0,VID_20250114_143821,3420
0,VID_20250114_143821,3430
0,VID_20250114_143821,3440
0,VID_20250114_143821,3450
0,VID_20250114_143821,3460
0,VID_20250114_143821,3470
0,VID_20250114_143821,3480
0,VID_20250114_143821,3490
0,VID_20250114_143821,3500
0,VID_20250114_143821,3510
0,VID_20250114_143821,3520
0,VID_20250114_143821,3530
0,VID_20250114_143821,3540
0,VID_20250114_143821,3550
0,VID_20250114_143821,3560
0,VID_20250114_143821,3570
0,VID_20250114_143821,3580
0,VID_20250114_143821,3590
0,VID_20250114_143821,3600
0,VID_20250114_143821,3610
0,VID_20250114_143821,3620
0,VID_20250114_143821,3630
0,VID_20250114_143821,3640
0,VID_20250114_143821,3650
0,VID_20250114_143821,3660
0,VID_20250114_143821,3670
0,VID_20250114_143821,3680
0,VID_20250114_143821,3690
0,VID_20250114_143821,3700
0,VID_20250114_143821,3710
0,VID_20250114_143821,3720
0,VID_20250114_143821,3730
0,VID_20250114_143821,3740
0,VID_20250114_143821,3750
0,VID_20250114_143821,3760
0,VID_20250114_143821,3770
0,VID_20250114_143821,3780
0,VID_20250114_143821,3790
0,VID_20250114_143821,3800
0,VID_20250114_143821,3810
0,VID_20250114_143821,3820
0,VID_20250114_143821,3830
0,VID_20250114_143821,3840
0,VID_20250114_143821,3850
0,VID_20250114_143821,3860
0,VID_20250114_143821,3870
0,VID_20250114_143821,3880
0,VID_20250114_143821,3890
0,VID_20250114_143821,3900
0,VID_20250114_143821,3910
0,VID_20250114_143821,3920
0,VID_20250114_143821,3930
0,VID_20250114_143821,3940
0,VID_20250114_143821,3950
0,VID_20250114_143821,3960
0,VID_20250114_143821,3970
0,VID_20250114_143821,3980
0,VID_20250114_143821,3990
0,VID_20250114_143821,4000
0,VID_20250114_143821,4010
0,VID_20250114_143821,4020
0,VID_20250114_143821,4030
0,VID_20250114_143821,4040
0,VID_20250114_143821,4050
0,VID_20250114_143821,4060
0,VID_20250114_143821,4070
0,VID_20250114_143821,4080
0,VID_20250114_143821,4090
0,VID_20250114_143821,4100
0,VID_20250114_143821,4110
0,VID_20250114_143821,4120
0,VID_20250114_143821,4130
0,VID_20250114_143821,4140
0,VID_20250114_143821,4150
0,VID_20250114_143821,4160
0,VID_20250114_143821,4170
0,VID_20250114_143821,4180
0,VID_20250114_143821,4190
0,VID_20250114_143821,4200
0,VID_20250114_143821,4210
0,VID_20250114_143821,4220
0,VID_20250114_143821,4230
0,VID_20250114_143821,4240
0,VID_20250114_143821,4250
0,VID_20250114_143821,4260
0,VID_20250114_143821,4270
0,VID_20250114_143821,4280
0,VID_20250114_143821,4290
0,VID_20250114_143821,4300
0,VID_20250114_143821,4310
0,VID_20250114_143821,4320
0,VID_20250114_143821,4330
0,VID_20250114_143821,4340
0,VID_20250114_143821,4350
0,VID_20250114_143821,4360
0,VID_20250114_143821,4370
0,VID_20250114_143821,4380
0,VID_20250114_143821,4390
0,VID_20250114_143821,4400
0,VID_20250114_143821,4410
0,VID_20250114_143821,4420
0,VID_20250114_143821,4430
0,VID_20250114_143821,4440
0,VID_20250114_143821,4450
0,VID_20250114_143821,4460
0,VID_20250114_143821,4470
0,VID_20250114_143821,4480
0,VID_20250114_143821,4490
0,VID_20250114_143821,4500
0,VID_20250114_143821,4510
0,VID_20250114_143821,4520
0,VID_20250114_143821,4530
0,VID_20250114_143821,4540
0,VID_20250114_143821,4550
0,VID_20250114_143821,4560
0,VID_20250114_143821,4570
0,VID_20250114_143821,4580
0,VID_20250114_143821,4590
0,VID_20250114_143821,4600
0,VID_20250114_143821,4610
0,VID_20250114_143821,4620
0,VID_20250114_143821,4630
0,VID_20250114_143821,4640
0,VID_20250114_143821,4650
0,VID_20250114_143821,4660
0,VID_20250114_143821,4670
0,VID_20250114_143821,4680
0,VID_20250114_143821,4690
0,VID_20250114_143821,4700
0,VID_20250114_143821,4710
0,VID_20250114_143821,4720
0,VID_20250114_143821,4730
0,VID_20250114_143821,4740
0,VID_20250114_143821,4750
0,VID_20250114_143821,4760
0,VID_20250114_143821,4770
0,VID_20250114_143821,4780
0,VID_20250114_143821,4790
0,VID_20250114_143821,4800
0,VID_20250114_143821,4810
0,VID_20250114_143821,4820
0,VID_20250114_143821,4830
0,VID_20250114_143821,4840
0,VID_20250114_143821,4850
0,VID_20250114_143821,4860
0,VID_20250114_143821,4870
0,VID_20250114_143821,4880
0,VID_20250114_143821,4890
0,VID_20250114_143821,4900
0,VID_20250114_143821,4910
0,VID_20250114_143821,4920
0,VID_20250114_143821,4930
0,VID_20250114_143821,4940
0,VID_20250114_143821,4950
0,VID_20250114_143821,4960
0,VID_20250114_143821,4970
0,VID_20250114_143821,4980
0,VID_20250114_143821,4990
0,VID_20250114_143821,5000
0,VID_20250114_143821,5010
0,VID_20250114_143821,5020
0,VID_20250114_143821,5030
0,VID_20250114_143821,5040
0,VID_20250114_143821,5050
0,VID_20250114_143821,5060
0,VID_20250114_143821,5070
0,VID_20250114_143821,5080
0,VID_20250114_143821,5090
0,VID_20250114_143821,5100
0,VID_20250114_143821,5110
0,VID_20250114_143821,5120
0,VID_20250114_143821,5130
0,VID_20250114_143821,5140
0,VID_20250114_143821,5150
0,VID_20250114_143821,5160
0,VID_20250114_143821,5170
0,VID_20250114_143821,5180
0,VID_20250114_143821,5190
0,VID_20250114_143821,5200
0,VID_20250114_143821,5210
0,VID_20250114_143821,5220
0,VID_20250114_143821,5230
0,VID_20250114_143821,5240
0,VID_20250114_143821,5250
0,VID_20250114_143821,5260
0,VID_20250114_143821,5270
0,VID_20250114_143821,5280
0,VID_20250114_143821,5290
0,VID_20250114_143821,5300
0,VID_20250114_143821,5310
0,VID_20250114_143821,5320
0,VID_20250114_143821,5330
0,VID_20250114_143821,5340
0,VID_20250114_143821,5350
0,VID_20250114_143821,5360
0,VID_20250114_143821,5370
0,VID_20250114_143821,5380
0,VID_20250114_143821,5390
0,VID_20250114_143821,5400
0,VID_20250114_143821,5410
0,VID_20250114_143821,5420
0,VID_20250114_143821,5430
0,VID_20250114_143821,5440
0,VID_20250114_143821,5450
0,VID_20250114_143821,5460
0,VID_20250114_143821,5470
0,VID_20250114_143821,5480
0,VID_20250114_143821,5490
0,VID_20250114_143821,5500
0,VID_20250114_143821,5510
0,VID_20250114_143821,5520
0,VID_20250114_143821,5530
0,VID_20250114_143821,5540
0,VID_20250114_143821,5550
0,VID_20250114_143821,5560
0,VID_20250114_143821,5570
0,VID_20250114_143821,5580
0,VID_20250114_143821,5590
0,VID_20250114_143821,5600
0,VID_20250114_143821,5610
0,VID_20250114_143821,5620
0,VID_20250114_143821,5630
0,VID_20250114_143821,5640
0,VID_20250114_143821,5650
0,VID_20250114_143821,5660
0,VID_20250114_143821,5670
0,VID_20250114_143821,5680
0,VID_20250114_143821,5690
2,VID_20250114_143821,5880
2,VID_20250114_143821,5890
2,VID_20250114_143821,5900
2,VID_20250114_143821,5910
2,VID_20250114_143821,5920
2,VID_20250114_143821,5930
2,VID_20250114_143821,5940
2,VID_20250114_143821,5950
2,VID_20250114_143821,5960
2,VID_20250114_143821,5970
2,VID_20250114_143821,5980
2,VID_20250114_143821,5990
2,VID_20250114_143821,6000
2,VID_20250114_143821,6010
2,VID_20250114_143821,6020
2,VID_20250114_143821,6030
2,VID_20250114_143821,6040
2,VID_20250114_143821,6050
2,VID_20250114_143821,6060
2,VID_20250114_143821,6070
2,VID_20250114_143821,6080
2,VID_20250114_143821,6090
2,VID_20250114_143821,6100
2,VID_20250114_143821,6110
2,VID_20250114_143821,6120
2,VID_20250114_143821,6130
2,VID_20250114_143821,6140
2,VID_20250114_143821,6150
2,VID_20250114_143821,6160
2,VID_20250114_143821,6170
2,VID_20250114_143821,6180
2,VID_20250114_143821,6190
2,VID_20250114_143821,6200
2,VID_20250114_143821,6210
2,VID_20250114_143821,6220
2,VID_20250114_143821,6230
2,VID_20250114_143821,6240
2,VID_20250114_143821,6250
2,VID_20250114_143821,6260
2,VID_20250114_143821,6270
2,VID_20250114_143821,6280
2,VID_20250114_143821,6290
2,VID_20250114_143821,6300
2,VID_20250114_143821,6310
2,VID_20250114_143821,6320
2,VID_20250114_143821,6330
2,VID_20250114_143821,6340
2,VID_20250114_143821,6350
2,VID_20250114_143821,6360
2,VID_20250114_143821,6370
2,VID_20250114_143821,6380
2,VID_20250114_143821,6390
2,VID_20250114_143821,6400
2,VID_20250114_143821,6410
2,VID_20250114_143821,6420
2,VID_20250114_143821,6430
2,VID_20250114_143821,6440
2,VID_20250114_143821,6450
2,VID_20250114_143821,6460
2,VID_20250114_143821,6470
2,VID_20250114_143821,6480
2,VID_20250114_143821,6490
2,VID_20250114_143821,6500
2,VID_20250114_143821,6510
2,VID_20250114_143821,6520
2,VID_20250114_143821,6530
2,VID_20250114_143821,6540
2,VID_20250114_143821,6550
2,VID_20250114_143821,6560
2,VID_20250114_143821,6570
2,VID_20250114_143821,6580
2,VID_20250114_143821,6590
2,VID_20250114_143821,6600
2,VID_20250114_143821,6610
2,VID_20250114_143821,6620
2,VID_20250114_143821,6630
2,VID_20250114_143821,6640
2,VID_20250114_143821,6650
2,VID_20250114_143821,6660
2,VID_20250114_143821,6670
2,VID_20250114_143821,6680
2,VID_20250114_143821,6690
2,VID_20250114_143821,6700
2,VID_20250114_143821,6710
2,VID_20250114_143821,6720
2,VID_20250114_143821,6730
2,VID_20250114_143821,6740
2,VID_20250114_143821,6750
2,VID_20250114_143821,6760
2,VID_20250114_143821,6770
2,VID_20250114_143821,6780
2,VID_20250114_143821,6790
2,VID_20250114_143821,6800
2,VID_20250114_143821,6810
2,VID_20250114_143821,6820
2,VID_20250114_143821,6830
2,VID_20250114_143821,6840
2,VID_20250114_143821,6850
2,VID_20250114_143821,6860
2,VID_20250114_143821,6870
2,VID_20250114_143821,6880
2,VID_20250114_143821,6890
2,VID_20250114_143821,6900
2,VID_20250114_143821,6910
2,VID_20250114_143821,6920
2,VID_20250114_143821,6930
2,VID_20250114_143821,6940
2,VID_20250114_143821,6950
2,VID_20250114_143821,6960
2,VID_20250114_143821,6970
2,VID_20250114_143821,6980
2,VID_20250114_143821,6990
2,VID_20250114_143821,7000
2,VID_20250114_143821,7010
2,VID_20250114_143821,7020
2,VID_20250114_143821,7030
2,VID_20250114_143821,7040
2,VID_20250114_143821,7050
2,VID_20250114_143821,7060
2,VID_20250114_143821,7070
2,VID_20250114_143821,7080
2,VID_20250114_143821,7090
2,VID_20250114_143821,7100
2,VID_20250114_143821,7110
2,VID_20250114_143821,7120
2,VID_20250114_143821,7130
2,VID_20250114_143821,7140
2,VID_20250114_143821,7150
2,VID_20250114_143821,7160
2,VID_20250114_143821,7170
2,VID_20250114_143821,7180
2,VID_20250114_143821,7190
2,VID_20250114_143821,7200
2,VID_20250114_143821,7210
2,VID_20250114_143821,7220
2,VID_20250114_143821,7230
2,VID_20250114_143821,7240
2,VID_20250114_143821,7250
2,VID_20250114_143821,7260
2,VID_20250114_143821,7270
2,VID_20250114_143821,7280
2,VID_20250114_143821,7290
2,VID_20250114_143821,7300
2,VID_20250114_143821,7310
2,VID_20250114_143821,7320
2,VID_20250114_143821,7330
2,VID_20250114_143821,7340
2,VID_20250114_143821,7350
2,VID_20250114_143821,7360
2,VID_20250114_143821,7370
2,VID_20250114_143821,7380
2,VID_20250114_143821,7390
2,VID_20250114_143821,7400
2,VID_20250114_143821,7410
2,VID_20250114_143821,7420
2,VID_20250114_143821,7430
2,VID_20250114_143821,7440
2,VID_20250114_143821,7450
2,VID_20250114_143821,7460
2,VID_20250114_143821,7470
2,VID_20250114_143821,7480
2,VID_20250114_143821,7490
2,VID_20250114_143821,7500
2,VID_20250114_143821,7510
2,VID_20250114_143821,7520
2,VID_20250114_143821,7530
2,VID_20250114_143821,7540
2,VID_20250114_143821,7550
2,VID_20250114_143821,7560
2,VID_20250114_143821,7570
2,VID_20250114_143821,7580
2,VID_20250114_143821,7590
2,VID_20250114_143821,7600
2,VID_20250114_143821,7610
2,VID_20250114_143821,7620
2,VID_20250114_143821,7630
2,VID_20250114_143821,7640
2,VID_20250114_143821,7650
2,VID_20250114_143821,7660
2,VID_20250114_143821,7670
2,VID_20250114_143821,7680
2,VID_20250114_143821,7690
2,VID_20250114_143821,7700
2,VID_20250114_143821,7710
2,VID_20250114_143821,7720
2,VID_20250114_143821,7730
2,VID_20250114_143821,7740
2,VID_20250114_143821,7750
2,VID_20250114_143821,7760
2,VID_20250114_143821,7770
2,VID_20250114_143821,7780
3,VID_20250114_143821,5720
3,VID_20250114_143821,5730
3,VID_20250114_143821,5740
3,VID_20250114_143821,5750
3,VID_20250114_143821,5760
3,VID_20250114_143821,5770
3,VID_20250114_143821,5780
3,VID_20250114_143821,5790
3,VID_20250114_143821,5800
3,VID_20250114_143821,5810
3,VID_20250114_143821,5820
0,VID_20250114_144655,0
0,VID_20250114_144655,10
0,VID_20250114_144655,20
0,VID_20250114_144655,30
0,VID_20250114_144655,40
0,VID_20250114_144655,50
0,VID_20250114_144655,60
0,VID_20250114_144655,70
0,VID_20250114_144655,80
0,VID_20250114_144655,90
0,VID_20250114_144655,100
0,VID_20250114_144655,110
0,VID_20250114_144655,120
0,VID_20250114_144655,130
0,VID_20250114_144655,140
0,VID_20250114_144655,150
0,VID_20250114_144655,160
0,VID_20250114_144655,170
0,VID_20250114_144655,180
0,VID_20250114_144655,190
0,VID_20250114_144655,200
0,VID_20250114_144655,210
0,VID_20250114_144655,220
0,VID_20250114_144655,230
0,VID_20250114_144655,240
0,VID_20250114_144655,250
0,VID_20250114_144655,260
0,VID_20250114_144655,270
0,VID_20250114_144655,280
0,VID_20250114_144655,290
0,VID_20250114_144655,300
0,VID_20250114_144655,310
0,VID_20250114_144655,320
0,VID_20250114_144655,330
0,VID_20250114_144655,340
0,VID_20250114_144655,350
0,VID_20250114_144655,360
0,VID_20250114_144655,370
0,VID_20250114_144655,380
0,VID_20250114_144655,390
0,VID_20250114_144655,400
0,VID_20250114_144655,410
0,VID_20250114_144655,420
0,VID_20250114_144655,430
0,VID_20250114_144655,440
0,VID_20250114_144655,450
0,VID_20250114_144655,460
0,VID_20250114_144655,470
0,VID_20250114_144655,480
0,VID_20250114_144655,490
0,VID_20250114_144655,500
0,VID_20250114_144655,510
0,VID_20250114_144655,520
0,VID_20250114_144655,530
0,VID_20250114_144655,540
0,VID_20250114_144655,550
0,VID_20250114_144655,560
0,VID_20250114_144655,570
0,VID_20250114_144655,580
0,VID_20250114_144655,590
0,VID_20250114_144655,600
0,VID_20250114_144655,610
0,VID_20250114_144655,620
0,VID_20250114_144655,630
0,VID_20250114_144655,640
0,VID_20250114_144655,650
0,VID_20250114_144655,660
0,VID_20250114_144655,670
0,VID_20250114_144655,680
0,VID_20250114_144655,690
0,VID_20250114_144655,700
0,VID_20250114_144655,710
0,VID_20250114_144655,720
0,VID_20250114_144655,730
0,VID_20250114_144655,740
0,VID_20250114_144655,750
0,VID_20250114_144655,760
0,VID_20250114_144655,770
0,VID_20250114_144655,780
0,VID_20250114_144655,790
0,VID_20250114_144655,800
0,VID_20250114_144655,810
0,VID_20250114_144655,820
0,VID_20250114_144655,830
0,VID_20250114_144655,840
0,VID_20250114_144655,850
0,VID_20250114_144655,860
0,VID_20250114_144655,870
0,VID_20250114_144655,880
0,VID_20250114_144655,890
0,VID_20250114_144655,900
0,VID_20250114_144655,910
0,VID_20250114_144655,920
0,VID_20250114_144655,930
0,VID_20250114_144655,940
0,VID_20250114_144655,950
0,VID_20250114_144655,960
0,VID_20250114_144655,970
0,VID_20250114_144655,980
0,VID_20250114_144655,990
0,VID_20250114_144655,1000
0,VID_20250114_144655,1010
0,VID_20250114_144655,1020
0,VID_20250114_144655,1030
0,VID_20250114_144655,1040
0,VID_20250114_144655,1050
0,VID_20250114_144655,1060
0,VID_20250114_144655,1070
0,VID_20250114_144655,1080
0,VID_20250114_144655,1090
0,VID_20250114_144655,1100
0,VID_20250114_144655,1110
0,VID_20250114_144655,1120
0,VID_20250114_144655,1130
0,VID_20250114_144655,1140
0,VID_20250114_144655,1150
0,VID_20250114_144655,1160
0,VID_20250114_144655,1170
0,VID_20250114_144655,1180
0,VID_20250114_144655,1190
0,VID_20250114_144655,1200
0,VID_20250114_144655,1210
0,VID_20250114_144655,1220
0,VID_20250114_144655,1230
0,VID_20250114_144655,1240
0,VID_20250114_144655,1250
0,VID_20250114_144655,1260
0,VID_20250114_144655,1270
0,VID_20250114_144655,1280
0,VID_20250114_144655,1290
0,VID_20250114_144655,1300
0,VID_20250114_144655,1310
0,VID_20250114_144655,1320
0,VID_20250114_144655,1330
0,VID_20250114_144655,1340
0,VID_20250114_144655,1350
0,VID_20250114_144655,1360
0,VID_20250114_144655,1370
0,VID_20250114_144655,1380
0,VID_20250114_144655,1390
0,VID_20250114_144655,1400
0,VID_20250114_144655,1410
0,VID_20250114_144655,1420
0,VID_20250114_144655,1430
0,VID_20250114_144655,1440
0,VID_20250114_144655,1450
0,VID_20250114_144655,1460
0,VID_20250114_144655,1470
0,VID_20250114_144655,1480
0,VID_20250114_144655,1490
0,VID_20250114_144655,1500
0,VID_20250114_144655,1510
0,VID_20250114_144655,1520
0,VID_20250114_144655,1530
0,VID_20250114_144655,1540
0,VID_20250114_144655,1550
0,VID_20250114_144655,1560
0,VID_20250114_144655,1570
0,VID_20250114_144655,1580
0,VID_20250114_144655,1590
0,VID_20250114_144655,1600
0,VID_20250114_144655,1610
0,VID_20250114_144655,1620
0,VID_20250114_144655,1630
0,VID_20250114_144655,1640
0,VID_20250114_144655,1650
0,VID_20250114_144655,1660
0,VID_20250114_144655,1670
0,VID_20250114_144655,1680
0,VID_20250114_144655,1690
0,VID_20250114_144655,1700
0,VID_20250114_144655,1710
0,VID_20250114_144655,1720
0,VID_20250114_144655,1730
0,VID_20250114_144655,1740
0,VID_20250114_144655,1750
0,VID_20250114_144655,1760
0,VID_20250114_144655,1770
0,VID_20250114_144655,1780
0,VID_20250114_144655,1790
0,VID_20250114_144655,1800
0,VID_20250114_144655,1810
0,VID_20250114_144655,1820
0,VID_20250114_144655,1830
0,VID_20250114_144655,1840
0,VID_20250114_144655,1850
0,VID_20250114_144655,1860
0,VID_20250114_144655,1870
0,VID_20250114_144655,1880
0,VID_20250114_144655,1890
0,VID_20250114_144655,1900
0,VID_20250114_144655,1910
0,VID_20250114_144655,1920
0,VID_20250114_144655,1930
0,VID_20250114_144655,1940
0,VID_20250114_144655,1950
0,VID_20250114_144655,1960
0,VID_20250114_144655,1970
0,VID_20250114_144655,1980
0,VID_20250114_144655,1990
0,VID_20250114_144655,2000
0,VID_20250114_144655,2010
0,VID_20250114_144655,2020
0,VID_20250114_144655,2030
0,VID_20250114_144655,2040
0,VID_20250114_144655,2050
0,VID_20250114_144655,2060
0,VID_20250114_144655,2070
0,VID_20250114_144655,2080
0,VID_20250114_144655,2090
0,VID_20250114_144655,2100
0,VID_20250114_144655,2110
0,VID_20250114_144655,2120
0,VID_20250114_144655,2130
0,VID_20250114_144655,2140
0,VID_20250114_144655,2150
0,VID_20250114_144655,2160
0,VID_20250114_144655,2170
0,VID_20250114_144655,2180
0,VID_20250114_144655,2190
0,VID_20250114_144655,2200
0,VID_20250114_144655,2210
0,VID_20250114_144655,2220
0,VID_20250114_144655,2230
0,VID_20250114_144655,2240
0,VID_20250114_144655,2250
0,VID_20250114_144655,2260
0,VID_20250114_144655,2270
0,VID_20250114_144655,2280
0,VID_20250114_144655,2290
0,VID_20250114_144655,2300
0,VID_20250114_144655,2310
0,VID_20250114_144655,2320
0,VID_20250114_144655,2330
0,VID_20250114_144655,2340
0,VID_20250114_144655,2350
0,VID_20250114_144655,2360
0,VID_20250114_144655,2370
0,VID_20250114_144655,2380
0,VID_20250114_144655,2390
1,VID_20250114_144655,2430
1,VID_20250114_144655,2440
1,VID_20250114_144655,2450
1,VID_20250114_144655,2460
1,VID_20250114_144655,2470
1,VID_20250114_144655,2480
1,VID_20250114_144655,2490
1,VID_20250114_144655,2500
1,VID_20250114_144655,2510
1,VID_20250114_144655,2520
1,VID_20250114_144655,2530
1,VID_20250114_144655,2540
1,VID_20250114_144655,2550
1,VID_20250114_144655,2560
1,VID_20250114_144655,2570
1,VID_20250114_144655,2580
1,VID_20250114_144655,2590
1,VID_20250114_144655,2600
1,VID_20250114_144655,2610
1,VID_20250114_144655,2620
1,VID_20250114_144655,2630
1,VID_20250114_144655,2640
1,VID_20250114_144655,2650
1,VID_20250114_144655,2660
1,VID_20250114_144655,2670
1,VID_20250114_144655,2680
1,VID_20250114_144655,2690
1,VID_20250114_144655,2700
1,VID_20250114_144655,2710
1,VID_20250114_144655,2720
1,VID_20250114_144655,2730
1,VID_20250114_144655,2740
1,VID_20250114_144655,2750
1,VID_20250114_144655,2760
1,VID_20250114_144655,2770
1,VID_20250114_144655,2780
1,VID_20250114_144655,2790
1,VID_20250114_144655,2800
1,VID_20250114_144655,2810
1,VID_20250114_144655,2820
1,VID_20250114_144655,2830
1,VID_20250114_144655,2840
1,VID_20250114_144655,2850
1,VID_20250114_144655,2860
1,VID_20250114_144655,2870
1,VID_20250114_144655,2880
1,VID_20250114_144655,2890
1,VID_20250114_144655,2900
1,VID_20250114_144655,2910
1,VID_20250114_144655,2920
1,VID_20250114_144655,2930
1,VID_20250114_144655,2940
1,VID_20250114_144655,2950
1,VID_20250114_144655,2960
1,VID_20250114_144655,2970
1,VID_20250114_144655,2980
1,VID_20250114_144655,2990
1,VID_20250114_144655,3000
1,VID_20250114_144655,3010
1,VID_20250114_144655,3020
1,VID_20250114_144655,3030
1,VID_20250114_144655,3040
1,VID_20250114_144655,3050
1,VID_20250114_144655,3060
1,VID_20250114_144655,3070
1,VID_20250114_144655,3080
1,VID_20250114_144655,3090
1,VID_20250114_144655,3100
1,VID_20250114_144655,3110
1,VID_20250114_144655,3120
1,VID_20250114_144655,3130
1,VID_20250114_144655,3140
1,VID_20250114_144655,3150
1,VID_20250114_144655,3160
1,VID_20250114_144655,3170
1,VID_20250114_144655,3180
1,VID_20250114_144655,3190
1,VID_20250114_144655,3200
1,VID_20250114_144655,3210
1,VID_20250114_144655,3220
1,VID_20250114_144655,3230
2,VID_20250114_144655,3330
2,VID_20250114_144655,3340
2,VID_20250114_144655,3350
2,VID_20250114_144655,3360
2,VID_20250114_144655,3370
2,VID_20250114_144655,3380
2,VID_20250114_144655,3390
2,VID_20250114_144655,3400
2,VID_20250114_144655,3410
2,VID_20250114_144655,3420
2,VID_20250114_144655,3430
2,VID_20250114_144655,3440
2,VID_20250114_144655,3450
2,VID_20250114_144655,3460
2,VID_20250114_144655,3470
2,VID_20250114_144655,3480
2,VID_20250114_144655,3490
2,VID_20250114_144655,3500
2,VID_20250114_144655,3510
2,VID_20250114_144655,3520
2,VID_20250114_144655,3530
2,VID_20250114_144655,3540
2,VID_20250114_144655,3550
2,VID_20250114_144655,3560
2,VID_20250114_144655,3570
2,VID_20250114_144655,3580
2,VID_20250114_144655,3590
2,VID_20250114_144655,3600
2,VID_20250114_144655,3610
2,VID_20250114_144655,3620
2,VID_20250114_144655,3630
2,VID_20250114_144655,3640
2,VID_20250114_144655,3650
2,VID_20250114_144655,3660
2,VID_20250114_144655,3670
2,VID_20250114_144655,3680
2,VID_20250114_144655,3690
2,VID_20250114_144655,3700
2,VID_20250114_144655,3710
2,VID_20250114_144655,3720
2,VID_20250114_144655,3730
2,VID_20250114_144655,3740
2,VID_20250114_144655,3750
2,VID_20250114_144655,3760
2,VID_20250114_144655,3770
2,VID_20250114_144655,3780
2,VID_20250114_144655,3790
2,VID_20250114_144655,3800
2,VID_20250114_144655,3810
2,VID_20250114_144655,3820
2,VID_20250114_144655,3830
2,VID_20250114_144655,3840
2,VID_20250114_144655,3850
2,VID_20250114_144655,3860
2,VID_20250114_144655,3870
2,VID_20250114_144655,3880
2,VID_20250114_144655,3890
2,VID_20250114_144655,3900
2,VID_20250114_144655,3910
2,VID_20250114_144655,3920
2,VID_20250114_144655,3930
2,VID_20250114_144655,3940
2,VID_20250114_144655,3950
2,VID_20250114_144655,3960
2,VID_20250114_144655,3970
2,VID_20250114_144655,3980
2,VID_20250114_144655,3990
2,VID_20250114_144655,4000
2,VID_20250114_144655,4010
2,VID_20250114_144655,4020
2,VID_20250114_144655,4030
2,VID_20250114_144655,4040
2,VID_20250114_144655,4050
2,VID_20250114_144655,4060
2,VID_20250114_144655,4070
2,VID_20250114_144655,4080
2,VID_20250114_144655,4090
2,VID_20250114_144655,4100
2,VID_20250114_144655,4110
2,VID_20250114_144655,4120
2,VID_20250114_144655,4130
2,VID_20250114_144655,4140
2,VID_20250114_144655,4150
2,VID_20250114_144655,4160
2,VID_20250114_144655,4170
2,VID_20250114_144655,4180
2,VID_20250114_144655,4190
2,VID_20250114_144655,4200
2,VID_20250114_144655,4210
2,VID_20250114_144655,4220
2,VID_20250114_144655,4230
2,VID_20250114_144655,4240
2,VID_20250114_144655,4250
2,VID_20250114_144655,4260
2,VID_20250114_144655,4270
2,VID_20250114_144655,4280
2,VID_20250114_144655,4290
2,VID_20250114_144655,4300
2,VID_20250114_144655,4310
2,VID_20250114_144655,4320
2,VID_20250114_144655,4330
2,VID_20250114_144655,4340
2,VID_20250114_144655,4350
2,VID_20250114_144655,4360
2,VID_20250114_144655,4370
2,VID_20250114_144655,4380
2,VID_20250114_144655,4390
2,VID_20250114_144655,4400
2,VID_20250114_144655,4410
2,VID_20250114_144655,4420
2,VID_20250114_144655,4430
2,VID_20250114_144655,4440
2,VID_20250114_144655,4450
2,VID_20250114_144655,4460
2,VID_20250114_144655,4470
2,VID_20250114_144655,4480
2,VID_20250114_144655,4490
2,VID_20250114_144655,4500
2,VID_20250114_144655,4510
2,VID_20250114_144655,4520
2,VID_20250114_144655,4530
2,VID_20250114_144655,4540
2,VID_20250114_144655,4550
2,VID_20250114_144655,4560
2,VID_20250114_144655,4570
2,VID_20250114_144655,4580
2,VID_20250114_144655,4590
2,VID_20250114_144655,4600
2,VID_20250114_144655,4610
2,VID_20250114_144655,4620
2,VID_20250114_144655,4630
2,VID_20250114_144655,4640
2,VID_20250114_144655,4650
2,VID_20250114_144655,4660
2,VID_20250114_144655,4670
2,VID_20250114_144655,4680
2,VID_20250114_144655,4690
2,VID_20250114_144655,4700
2,VID_20250114_144655,4710
2,VID_20250114_144655,4720
2,VID_20250114_144655,4730
2,VID_20250114_144655,4740
2,VID_20250114_144655,4750
2,VID_20250114_144655,4760
2,VID_20250114_144655,4770
2,VID_20250114_144655,4780
2,VID_20250114_144655,4790
2,VID_20250114_144655,4800
2,VID_20250114_144655,4810
2,VID_20250114_144655,4820
2,VID_20250114_144655,4830
2,VID_20250114_144655,4840
2,VID_20250114_144655,4850
2,VID_20250114_144655,4860
2,VID_20250114_144655,4870
2,VID_20250114_144655,4880
2,VID_20250114_144655,4890
2,VID_20250114_144655,4900
2,VID_20250114_144655,4910
2,VID_20250114_144655,4920
2,VID_20250114_144655,4930
2,VID_20250114_144655,4940
2,VID_20250114_144655,4950
2,VID_20250114_144655,4960
2,VID_20250114_144655,4970
2,VID_20250114_144655,4980
2,VID_20250114_144655,4990
2,VID_20250114_144655,5000
2,VID_20250114_144655,5010
2,VID_20250114_144655,5020
2,VID_20250114_144655,5030
2,VID_20250114_144655,5040
2,VID_20250114_144655,5050
2,VID_20250114_144655,5060
2,VID_20250114_144655,5070
2,VID_20250114_144655,5080
2,VID_20250114_144655,5090
2,VID_20250114_144655,5100
2,VID_20250114_144655,5110
2,VID_20250114_144655,5120
2,VID_20250114_144655,5130
2,VID_20250114_144655,5140
2,VID_20250114_144655,5150
2,VID_20250114_144655,5160
2,VID_20250114_144655,5170
2,VID_20250114_144655,5180
2,VID_20250114_144655,5190
2,VID_20250114_144655,5200
2,VID_20250114_144655,5210
2,VID_20250114_144655,5220
2,VID_20250114_144655,5230
2,VID_20250114_144655,5240
2,VID_20250114_144655,5250
2,VID_20250114_144655,5260
2,VID_20250114_144655,5270
2,VID_20250114_144655,5280
2,VID_20250114_144655,5290
2,VID_20250114_144655,5300
2,VID_20250114_144655,5310
2,VID_20250114_144655,5320
2,VID_20250114_144655,5330
2,VID_20250114_144655,5340
2,VID_20250114_144655,5350
2,VID_20250114_144655,5360
2,VID_20250114_144655,5370
2,VID_20250114_144655,5380
2,VID_20250114_144655,5390
2,VID_20250114_144655,5400
2,VID_20250114_144655,5410
2,VID_20250114_144655,5420
2,VID_20250114_144655,5430
2,VID_20250114_144655,5440
2,VID_20250114_144655,5450
2,VID_20250114_144655,5460
2,VID_20250114_144655,5470
2,VID_20250114_144655,5480
2,VID_20250114_144655,5490
2,VID_20250114_144655,5500
2,VID_20250114_144655,5510
2,VID_20250114_144655,5520
2,VID_20250114_144655,5530
2,VID_20250114_144655,5540
2,VID_20250114_144655,5550
2,VID_20250114_144655,5560
2,VID_20250114_144655,5570
2,VID_20250114_144655,5580
2,VID_20250114_144655,5590
2,VID_20250114_144655,5600
2,VID_20250114_144655,5610
2,VID_20250114_144655,5620
2,VID_20250114_144655,5630
2,VID_20250114_144655,5640
2,VID_20250114_144655,5650
2,VID_20250114_144655,5660
2,VID_20250114_144655,5670
2,VID_20250114_144655,5680
2,VID_20250114_144655,5690
2,VID_20250114_144655,5700
2,VID_20250114_144655,5710
2,VID_20250114_144655,5720
2,VID_20250114_144655,5730
2,VID_20250114_144655,5740
2,VID_20250114_144655,5750
2,VID_20250114_144655,5760
2,VID_20250114_144655,5770
2,VID_20250114_144655,5780
2,VID_20250114_144655,5790
2,VID_20250114_144655,5800
2,VID_20250114_144655,5810
2,VID_20250114_144655,5820
2,VID_20250114_144655,5830
2,VID_20250114_144655,5840
2,VID_20250114_144655,5850
2,VID_20250114_144655,5860
2,VID_20250114_144655,5870
2,VID_20250114_144655,5880
2,VID_20250114_144655,5890
2,VID_20250114_144655,5900
2,VID_20250114_144655,5910
2,VID_20250114_144655,5920
2,VID_20250114_144655,5930
2,VID_20250114_144655,5940
2,VID_20250114_144655,5950
2,VID_20250114_144655,5960
2,VID_20250114_144655,5970
2,VID_20250114_144655,5980
2,VID_20250114_144655,5990
2,VID_20250114_144655,6000
2,VID_20250114_144655,6010
2,VID_20250114_144655,6020
2,VID_20250114_144655,6030
2,VID_20250114_144655,6040
2,VID_20250114_144655,6050
2,VID_20250114_144655,6060
2,VID_20250114_144655,6070
2,VID_20250114_144655,6080
2,VID_20250114_144655,6090
2,VID_20250114_144655,6100
2,VID_20250114_144655,6110
2,VID_20250114_144655,6120
2,VID_20250114_144655,6130
2,VID_20250114_144655,6140
2,VID_20250114_144655,6150
2,VID_20250114_144655,6160
2,VID_20250114_144655,6170
2,VID_20250114_144655,6180
2,VID_20250114_144655,6190
2,VID_20250114_144655,6200
2,VID_20250114_144655,6210
2,VID_20250114_144655,6220
2,VID_20250114_144655,6230
2,VID_20250114_144655,6240
2,VID_20250114_144655,6250
2,VID_20250114_144655,6260
2,VID_20250114_144655,6270
2,VID_20250114_144655,6280
2,VID_20250114_144655,6290
2,VID_20250114_144655,6300
2,VID_20250114_144655,6310
2,VID_20250114_144655,6320
2,VID_20250114_144655,6330
2,VID_20250114_144655,6340
2,VID_20250114_144655,6350
2,VID_20250114_144655,6360
2,VID_20250114_144655,6370
2,VID_20250114_144655,6380
2,VID_20250114_144655,6390
2,VID_20250114_144655,6400
2,VID_20250114_144655,6410
2,VID_20250114_144655,6420
2,VID_20250114_144655,6430
2,VID_20250114_144655,6440
2,VID_20250114_144655,6450
2,VID_20250114_144655,6460
2,VID_20250114_144655,6470
2,VID_20250114_144655,6480
2,VID_20250114_144655,6490
2,VID_20250114_144655,6500
2,VID_20250114_144655,6510
2,VID_20250114_144655,6520
2,VID_20250114_144655,6530
2,VID_20250114_144655,6540
2,VID_20250114_144655,6550
2,VID_20250114_144655,6560
2,VID_20250114_144655,6570
2,VID_20250114_144655,6580
2,VID_20250114_144655,6590
2,VID_20250114_144655,6600
2,VID_20250114_144655,6610
2,VID_20250114_144655,6620
2,VID_20250114_144655,6630
2,VID_20250114_144655,6640
2,VID_20250114_144655,6650
2,VID_20250114_144655,6660
0,VID_20250114_144657,0
0,VID_20250114_144657,10
0,VID_20250114_144657,20
0,VID_20250114_144657,30
0,VID_20250114_144657,40
0,VID_20250114_144657,50
0,VID_20250114_144657,60
0,VID_20250114_144657,70
0,VID_20250114_144657,80
0,VID_20250114_144657,90
0,VID_20250114_144657,100
0,VID_20250114_144657,110
0,VID_20250114_144657,120
0,VID_20250114_144657,130
0,VID_20250114_144657,140
0,VID_20250114_144657,150
0,VID_20250114_144657,160
0,VID_20250114_144657,170
0,VID_20250114_144657,180
0,VID_20250114_144657,190
0,VID_20250114_144657,200
0,VID_20250114_144657,210
0,VID_20250114_144657,220
0,VID_20250114_144657,230
0,VID_20250114_144657,240
0,VID_20250114_144657,250
0,VID_20250114_144657,260
0,VID_20250114_144657,270
0,VID_20250114_144657,280
0,VID_20250114_144657,290
0,VID_20250114_144657,300
0,VID_20250114_144657,310
0,VID_20250114_144657,320
0,VID_20250114_144657,330
0,VID_20250114_144657,340
0,VID_20250114_144657,350
0,VID_20250114_144657,360
0,VID_20250114_144657,370
0,VID_20250114_144657,380
0,VID_20250114_144657,390
0,VID_20250114_144657,400
0,VID_20250114_144657,410
0,VID_20250114_144657,420
0,VID_20250114_144657,430
0,VID_20250114_144657,440
0,VID_20250114_144657,450
0,VID_20250114_144657,460
0,VID_20250114_144657,470
0,VID_20250114_144657,480
0,VID_20250114_144657,490
0,VID_20250114_144657,500
0,VID_20250114_144657,510
0,VID_20250114_144657,520
0,VID_20250114_144657,530
0,VID_20250114_144657,540
0,VID_20250114_144657,550
0,VID_20250114_144657,560
0,VID_20250114_144657,570
0,VID_20250114_144657,580
0,VID_20250114_144657,590
0,VID_20250114_144657,600
0,VID_20250114_144657,610
0,VID_20250114_144657,620
0,VID_20250114_144657,630
0,VID_20250114_144657,640
0,VID_20250114_144657,650
0,VID_20250114_144657,660
0,VID_20250114_144657,670
0,VID_20250114_144657,680
0,VID_20250114_144657,690
0,VID_20250114_144657,700
0,VID_20250114_144657,710
0,VID_20250114_144657,720
0,VID_20250114_144657,730
0,VID_20250114_144657,740
0,VID_20250114_144657,750
0,VID_20250114_144657,760
0,VID_20250114_144657,770
0,VID_20250114_144657,780
0,VID_20250114_144657,790
0,VID_20250114_144657,800
0,VID_20250114_144657,810
0,VID_20250114_144657,820
0,VID_20250114_144657,830
0,VID_20250114_144657,840
0,VID_20250114_144657,850
0,VID_20250114_144657,860
0,VID_20250114_144657,870
0,VID_20250114_144657,880
0,VID_20250114_144657,890
0,VID_20250114_144657,900
0,VID_20250114_144657,910
0,VID_20250114_144657,920
0,VID_20250114_144657,930
0,VID_20250114_144657,940
0,VID_20250114_144657,950
0,VID_20250114_144657,960
0,VID_20250114_144657,970
0,VID_20250114_144657,980
0,VID_20250114_144657,990
0,VID_20250114_144657,1000
0,VID_20250114_144657,1010
0,VID_20250114_144657,1020
0,VID_20250114_144657,1030
0,VID_20250114_144657,1040
0,VID_20250114_144657,1050
0,VID_20250114_144657,1060
0,VID_20250114_144657,1070
0,VID_20250114_144657,1080
0,VID_20250114_144657,1090
0,VID_20250114_144657,1100
0,VID_20250114_144657,1110
0,VID_20250114_144657,1120
0,VID_20250114_144657,1130
0,VID_20250114_144657,1140
0,VID_20250114_144657,1150
0,VID_20250114_144657,1160
0,VID_20250114_144657,1170
0,VID_20250114_144657,1180
0,VID_20250114_144657,1190
0,VID_20250114_144657,1200
0,VID_20250114_144657,1210
0,VID_20250114_144657,1220
0,VID_20250114_144657,1230
0,VID_20250114_144657,1240
0,VID_20250114_144657,1250
0,VID_20250114_144657,1260
0,VID_20250114_144657,1270
0,VID_20250114_144657,1280
0,VID_20250114_144657,1290
0,VID_20250114_144657,1300
0,VID_20250114_144657,1310
0,VID_20250114_144657,1320
0,VID_20250114_144657,1330
0,VID_20250114_144657,1340
0,VID_20250114_144657,1350
0,VID_20250114_144657,1360
0,VID_20250114_144657,1370
0,VID_20250114_144657,1380
0,VID_20250114_144657,1390
0,VID_20250114_144657,1400
0,VID_20250114_144657,1410
0,VID_20250114_144657,1420
0,VID_20250114_144657,1430
0,VID_20250114_144657,1440
0,VID_20250114_144657,1450
0,VID_20250114_144657,1460
0,VID_20250114_144657,1470
0,VID_20250114_144657,1480
0,VID_20250114_144657,1490
0,VID_20250114_144657,1500
0,VID_20250114_144657,1510
0,VID_20250114_144657,1520
0,VID_20250114_144657,1530
0,VID_20250114_144657,1540
0,VID_20250114_144657,1550
0,VID_20250114_144657,1560
0,VID_20250114_144657,1570
0,VID_20250114_144657,1580
0,VID_20250114_144657,1590
0,VID_20250114_144657,1600
0,VID_20250114_144657,1610
0,VID_20250114_144657,1620
0,VID_20250114_144657,1630
0,VID_20250114_144657,1640
0,VID_20250114_144657,1650
0,VID_20250114_144657,1660
0,VID_20250114_144657,1670
0,VID_20250114_144657,1680
0,VID_20250114_144657,1690
0,VID_20250114_144657,1700
0,VID_20250114_144657,1710
0,VID_20250114_144657,1720
0,VID_20250114_144657,1730
0,VID_20250114_144657,1740
0,VID_20250114_144657,1750
0,VID_20250114_144657,1760
0,VID_20250114_144657,1770
0,VID_20250114_144657,1780
0,VID_20250114_144657,1790
0,VID_20250114_144657,1800
0,VID_20250114_144657,1810
0,VID_20250114_144657,1820
0,VID_20250114_144657,1830
0,VID_20250114_144657,1840
0,VID_20250114_144657,1850
0,VID_20250114_144657,1860
0,VID_20250114_144657,1870
0,VID_20250114_144657,1880
0,VID_20250114_144657,1890
0,VID_20250114_144657,1900
0,VID_20250114_144657,1910
0,VID_20250114_144657,1920
0,VID_20250114_144657,1930
0,VID_20250114_144657,1940
0,VID_20250114_144657,1950
0,VID_20250114_144657,1960
0,VID_20250114_144657,1970
0,VID_20250114_144657,1980
0,VID_20250114_144657,1990
0,VID_20250114_144657,2000
0,VID_20250114_144657,2010
0,VID_20250114_144657,2020
0,VID_20250114_144657,2030
0,VID_20250114_144657,2040
0,VID_20250114_144657,2050
0,VID_20250114_144657,2060
0,VID_20250114_144657,2070
0,VID_20250114_144657,2080
0,VID_20250114_144657,2090
0,VID_20250114_144657,2100
0,VID_20250114_144657,2110
0,VID_20250114_144657,2120
0,VID_20250114_144657,2130
0,VID_20250114_144657,2140
0,VID_20250114_144657,2150
0,VID_20250114_144657,2160
0,VID_20250114_144657,2170
0,VID_20250114_144657,2180
0,VID_20250114_144657,2190
0,VID_20250114_144657,2200
0,VID_20250114_144657,2210
0,VID_20250114_144657,2220
0,VID_20250114_144657,2230
0,VID_20250114_144657,2240
0,VID_20250114_144657,2250
0,VID_20250114_144657,2260
0,VID_20250114_144657,2270
0,VID_20250114_144657,2280
0,VID_20250114_144657,2290
0,VID_20250114_144657,2300
0,VID_20250114_144657,2310
0,VID_20250114_144657,2320
0,VID_20250114_144657,2330
0,VID_20250114_144657,2340
0,VID_20250114_144657,2350
0,VID_20250114_144657,2360
1,VID_20250114_144657,2390
1,VID_20250114_144657,2400
1,VID_20250114_144657,2410
1,VID_20250114_144657,2420
1,VID_20250114_144657,2430
1,VID_20250114_144657,2440
1,VID_20250114_144657,2450
1,VID_20250114_144657,2460
1,VID_20250114_144657,2470
1,VID_20250114_144657,2480
1,VID_20250114_144657,2490
1,VID_20250114_144657,2500
1,VID_20250114_144657,2510
1,VID_20250114_144657,2520
1,VID_20250114_144657,2530
1,VID_20250114_144657,2540
1,VID_20250114_144657,2550
1,VID_20250114_144657,2560
1,VID_20250114_144657,2570
1,VID_20250114_144657,2580
1,VID_20250114_144657,2590
1,VID_20250114_144657,2600
1,VID_20250114_144657,2610
1,VID_20250114_144657,2620
1,VID_20250114_144657,2630
1,VID_20250114_144657,2640
1,VID_20250114_144657,2650
1,VID_20250114_144657,2660
1,VID_20250114_144657,2670
1,VID_20250114_144657,2680
1,VID_20250114_144657,2690
1,VID_20250114_144657,2700
1,VID_20250114_144657,2710
1,VID_20250114_144657,2720
1,VID_20250114_144657,2730
1,VID_20250114_144657,2740
1,VID_20250114_144657,2750
1,VID_20250114_144657,2760
1,VID_20250114_144657,2770
1,VID_20250114_144657,2780
1,VID_20250114_144657,2790
1,VID_20250114_144657,2800
1,VID_20250114_144657,2810
1,VID_20250114_144657,2820
1,VID_20250114_144657,2830
1,VID_20250114_144657,2840
1,VID_20250114_144657,2850
1,VID_20250114_144657,2860
1,VID_20250114_144657,2870
1,VID_20250114_144657,2880
1,VID_20250114_144657,2890
1,VID_20250114_144657,2900
1,VID_20250114_144657,2910
1,VID_20250114_144657,2920
1,VID_20250114_144657,2930
1,VID_20250114_144657,2940
1,VID_20250114_144657,2950
1,VID_20250114_144657,2960
1,VID_20250114_144657,2970
1,VID_20250114_144657,2980
1,VID_20250114_144657,2990
1,VID_20250114_144657,3000
1,VID_20250114_144657,3010
1,VID_20250114_144657,3020
1,VID_20250114_144657,3030
1,VID_20250114_144657,3040
1,VID_20250114_144657,3050
1,VID_20250114_144657,3060
1,VID_20250114_144657,3070
1,VID_20250114_144657,3080
1,VID_20250114_144657,3090
1,VID_20250114_144657,3100
1,VID_20250114_144657,3110
1,VID_20250114_144657,3120
1,VID_20250114_144657,3130
1,VID_20250114_144657,3140
1,VID_20250114_144657,3150
1,VID_20250114_144657,3160
1,VID_20250114_144657,3170
1,VID_20250114_144657,3180
1,VID_20250114_144657,3190
1,VID_20250114_144657,3200
1,VID_20250114_144657,3210
1,VID_20250114_144657,3220
1,VID_20250114_144657,3230
1,VID_20250114_144657,3240
1,VID_20250114_144657,3250
1,VID_20250114_144657,3260
1,VID_20250114_144657,3270
2,VID_20250114_144657,3990
2,VID_20250114_144657,4000
2,VID_20250114_144657,4010
2,VID_20250114_144657,4020
2,VID_20250114_144657,4030
2,VID_20250114_144657,4040
2,VID_20250114_144657,4050
2,VID_20250114_144657,4060
2,VID_20250114_144657,4070
2,VID_20250114_144657,4080
2,VID_20250114_144657,4090
2,VID_20250114_144657,4100
2,VID_20250114_144657,4110
2,VID_20250114_144657,4120
2,VID_20250114_144657,4130
2,VID_20250114_144657,4140
2,VID_20250114_144657,4150
2,VID_20250114_144657,4160
2,VID_20250114_144657,4170
2,VID_20250114_144657,4180
2,VID_20250114_144657,4190
2,VID_20250114_144657,4200
2,VID_20250114_144657,4210
2,VID_20250114_144657,4220
2,VID_20250114_144657,4230
2,VID_20250114_144657,4240
2,VID_20250114_144657,4250
2,VID_20250114_144657,4260
2,VID_20250114_144657,4270
2,VID_20250114_144657,4280
2,VID_20250114_144657,4290
2,VID_20250114_144657,4300
2,VID_20250114_144657,4310
2,VID_20250114_144657,4320
2,VID_20250114_144657,4330
2,VID_20250114_144657,4340
2,VID_20250114_144657,4350
2,VID_20250114_144657,4360
2,VID_20250114_144657,4370
2,VID_20250114_144657,4380
2,VID_20250114_144657,4390
2,VID_20250114_144657,4400
2,VID_20250114_144657,4410
2,VID_20250114_144657,4420
2,VID_20250114_144657,4430
2,VID_20250114_144657,4440
2,VID_20250114_144657,4450
2,VID_20250114_144657,4460
2,VID_20250114_144657,4470
2,VID_20250114_144657,4480
2,VID_20250114_144657,4490
2,VID_20250114_144657,4500
2,VID_20250114_144657,4510
2,VID_20250114_144657,4520
2,VID_20250114_144657,4530
2,VID_20250114_144657,4540
2,VID_20250114_144657,4550
2,VID_20250114_144657,4560
2,VID_20250114_144657,4570
2,VID_20250114_144657,4580
2,VID_20250114_144657,4590
2,VID_20250114_144657,4600
2,VID_20250114_144657,4610
2,VID_20250114_144657,4620
2,VID_20250114_144657,4630
2,VID_20250114_144657,4640
2,VID_20250114_144657,4650
2,VID_20250114_144657,4660
2,VID_20250114_144657,4670
2,VID_20250114_144657,4680
2,VID_20250114_144657,4690
2,VID_20250114_144657,4700
2,VID_20250114_144657,4710
2,VID_20250114_144657,4720
2,VID_20250114_144657,4730
2,VID_20250114_144657,4740
2,VID_20250114_144657,4750
2,VID_20250114_144657,4760
2,VID_20250114_144657,4770
2,VID_20250114_144657,4780
2,VID_20250114_144657,4790
2,VID_20250114_144657,4800
2,VID_20250114_144657,4810
2,VID_20250114_144657,4820
2,VID_20250114_144657,4830
2,VID_20250114_144657,4840
2,VID_20250114_144657,4850
2,VID_20250114_144657,4860
2,VID_20250114_144657,4870
2,VID_20250114_144657,4880
2,VID_20250114_144657,4890
2,VID_20250114_144657,4900
2,VID_20250114_144657,4910
2,VID_20250114_144657,4920
2,VID_20250114_144657,4930
2,VID_20250114_144657,4940
2,VID_20250114_144657,4950
2,VID_20250114_144657,4960
2,VID_20250114_144657,4970
2,VID_20250114_144657,4980
2,VID_20250114_144657,4990
2,VID_20250114_144657,5000
2,VID_20250114_144657,5010
2,VID_20250114_144657,5020
2,VID_20250114_144657,5030
2,VID_20250114_144657,5040
2,VID_20250114_144657,5050
2,VID_20250114_144657,5060
2,VID_20250114_144657,5070
2,VID_20250114_144657,5080
2,VID_20250114_144657,5090
2,VID_20250114_144657,5100
2,VID_20250114_144657,5110
2,VID_20250114_144657,5120
2,VID_20250114_144657,5130
2,VID_20250114_144657,5140
2,VID_20250114_144657,5150
2,VID_20250114_144657,5160
2,VID_20250114_144657,5170
2,VID_20250114_144657,5180
2,VID_20250114_144657,5190
2,VID_20250114_144657,5200
2,VID_20250114_144657,5210
2,VID_20250114_144657,5220
2,VID_20250114_144657,5230
2,VID_20250114_144657,5240
2,VID_20250114_144657,5250
2,VID_20250114_144657,5260
2,VID_20250114_144657,5270
2,VID_20250114_144657,5280
2,VID_20250114_144657,5290
2,VID_20250114_144657,5300
2,VID_20250114_144657,5310
2,VID_20250114_144657,5320
2,VID_20250114_144657,5330
2,VID_20250114_144657,5340
2,VID_20250114_144657,5350
2,VID_20250114_144657,5360
2,VID_20250114_144657,5370
2,VID_20250114_144657,5380
2,VID_20250114_144657,5390
2,VID_20250114_144657,5400
2,VID_20250114_144657,5410
2,VID_20250114_144657,5420
2,VID_20250114_144657,5430
2,VID_20250114_144657,5440
2,VID_20250114_144657,5450
2,VID_20250114_144657,5460
2,VID_20250114_144657,5470
2,VID_20250114_144657,5480
2,VID_20250114_144657,5490
2,VID_20250114_144657,5500
2,VID_20250114_144657,5510
2,VID_20250114_144657,5520
2,VID_20250114_144657,5530
2,VID_20250114_144657,5540
2,VID_20250114_144657,5550
2,VID_20250114_144657,5560
2,VID_20250114_144657,5570
2,VID_20250114_144657,5580
2,VID_20250114_144657,5590
2,VID_20250114_144657,5600
2,VID_20250114_144657,5610
2,VID_20250114_144657,5620
2,VID_20250114_144657,5630
2,VID_20250114_144657,5640
2,VID_20250114_144657,5650
2,VID_20250114_144657,5660
2,VID_20250114_144657,5670
2,VID_20250114_144657,5680
2,VID_20250114_144657,5690
2,VID_20250114_144657,5700
2,VID_20250114_144657,5710
2,VID_20250114_144657,5720
2,VID_20250114_144657,5730
2,VID_20250114_144657,5740
2,VID_20250114_144657,5750
2,VID_20250114_144657,5760
2,VID_20250114_144657,5770
2,VID_20250114_144657,5780
2,VID_20250114_144657,5790
2,VID_20250114_144657,5800
2,VID_20250114_144657,5810
2,VID_20250114_144657,5820
2,VID_20250114_144657,5830
2,VID_20250114_144657,5840
2,VID_20250114_144657,5850
2,VID_20250114_144657,5860
2,VID_20250114_144657,5870
2,VID_20250114_144657,5880
2,VID_20250114_144657,5890
2,VID_20250114_144657,5900
2,VID_20250114_144657,5910
2,VID_20250114_144657,5920
2,VID_20250114_144657,5930
2,VID_20250114_144657,5940
2,VID_20250114_144657,5950
2,VID_20250114_144657,5960
2,VID_20250114_144657,5970
2,VID_20250114_144657,5980
2,VID_20250114_144657,5990
2,VID_20250114_144657,6000
2,VID_20250114_144657,6010
2,VID_20250114_144657,6020
2,VID_20250114_144657,6030
2,VID_20250114_144657,6040
2,VID_20250114_144657,6050
2,VID_20250114_144657,6060
2,VID_20250114_144657,6070
2,VID_20250114_144657,6080
2,VID_20250114_144657,6090
2,VID_20250114_144657,6100
2,VID_20250114_144657,6110
2,VID_20250114_144657,6120
2,VID_20250114_144657,6130
2,VID_20250114_144657,6140
2,VID_20250114_144657,6150
2,VID_20250114_144657,6160
2,VID_20250114_144657,6170
2,VID_20250114_144657,6180
2,VID_20250114_144657,6190
2,VID_20250114_144657,6200
2,VID_20250114_144657,6210
2,VID_20250114_144657,6220
2,VID_20250114_144657,6230
2,VID_20250114_144657,6240
2,VID_20250114_144657,6250
2,VID_20250114_144657,6260
2,VID_20250114_144657,6270
2,VID_20250114_144657,6280
2,VID_20250114_144657,6290
2,VID_20250114_144657,6300
2,VID_20250114_144657,6310
2,VID_20250114_144657,6320
2,VID_20250114_144657,6330
2,VID_20250114_144657,6340
2,VID_20250114_144657,6350
2,VID_20250114_144657,6360
2,VID_20250114_144657,6370
2,VID_20250114_144657,6380
2,VID_20250114_144657,6390
2,VID_20250114_144657,6400
2,VID_20250114_144657,6410
2,VID_20250114_144657,6420
2,VID_20250114_144657,6430
2,VID_20250114_144657,6440
2,VID_20250114_144657,6450
2,VID_20250114_144657,6460
2,VID_20250114_144657,6470
2,VID_20250114_144657,6480
2,VID_20250114_144657,6490
2,VID_20250114_144657,6500
2,VID_20250114_144657,6510
2,VID_20250114_144657,6520
2,VID_20250114_144657,6530
2,VID_20250114_144657,6540
2,VID_20250114_144657,6550
2,VID_20250114_144657,6560
2,VID_20250114_144657,6570
2,VID_20250114_144657,6580
2,VID_20250114_144657,6590
2,VID_20250114_144657,6600
2,VID_20250114_144657,6610
2,VID_20250114_144657,6620
2,VID_20250114_144657,6630
2,VID_20250114_144657,6640
2,VID_20250114_144657,6650
2,VID_20250114_144657,6660
0,VID_20250114_145738,0
0,VID_20250114_145738,10
0,VID_20250114_145738,20
0,VID_20250114_145738,30
0,VID_20250114_145738,40
0,VID_20250114_145738,50
0,VID_20250114_145738,60
0,VID_20250114_145738,70
0,VID_20250114_145738,80
0,VID_20250114_145738,90
0,VID_20250114_145738,100
0,VID_20250114_145738,110
0,VID_20250114_145738,120
0,VID_20250114_145738,130
0,VID_20250114_145738,140
0,VID_20250114_145738,150
0,VID_20250114_145738,160
0,VID_20250114_145738,170
0,VID_20250114_145738,180
0,VID_20250114_145738,190
0,VID_20250114_145738,200
0,VID_20250114_145738,210
0,VID_20250114_145738,220
0,VID_20250114_145738,230
0,VID_20250114_145738,240
0,VID_20250114_145738,250
0,VID_20250114_145738,260
0,VID_20250114_145738,270
0,VID_20250114_145738,280
0,VID_20250114_145738,290
0,VID_20250114_145738,300
0,VID_20250114_145738,310
0,VID_20250114_145738,320
0,VID_20250114_145738,330
0,VID_20250114_145738,340
0,VID_20250114_145738,350
0,VID_20250114_145738,360
0,VID_20250114_145738,370
0,VID_20250114_145738,380
0,VID_20250114_145738,390
0,VID_20250114_145738,400
0,VID_20250114_145738,410
0,VID_20250114_145738,420
0,VID_20250114_145738,430
0,VID_20250114_145738,440
0,VID_20250114_145738,450
0,VID_20250114_145738,460
0,VID_20250114_145738,470
0,VID_20250114_145738,480
0,VID_20250114_145738,490
0,VID_20250114_145738,500
0,VID_20250114_145738,510
0,VID_20250114_145738,520
0,VID_20250114_145738,530
0,VID_20250114_145738,540
0,VID_20250114_145738,550
0,VID_20250114_145738,560
0,VID_20250114_145738,570
0,VID_20250114_145738,580
0,VID_20250114_145738,590
0,VID_20250114_145738,600
0,VID_20250114_145738,610
0,VID_20250114_145738,620
0,VID_20250114_145738,630
0,VID_20250114_145738,640
0,VID_20250114_145738,650
0,VID_20250114_145738,660
0,VID_20250114_145738,670
0,VID_20250114_145738,680
0,VID_20250114_145738,690
0,VID_20250114_145738,700
0,VID_20250114_145738,710
0,VID_20250114_145738,720
0,VID_20250114_145738,730
0,VID_20250114_145738,740
0,VID_20250114_145738,750
0,VID_20250114_145738,760
0,VID_20250114_145738,770
0,VID_20250114_145738,780
0,VID_20250114_145738,790
0,VID_20250114_145738,800
0,VID_20250114_145738,810
0,VID_20250114_145738,820
0,VID_20250114_145738,830
0,VID_20250114_145738,840
0,VID_20250114_145738,850
0,VID_20250114_145738,860
0,VID_20250114_145738,870
0,VID_20250114_145738,880
0,VID_20250114_145738,890
0,VID_20250114_145738,900
0,VID_20250114_145738,910
0,VID_20250114_145738,920
0,VID_20250114_145738,930
0,VID_20250114_145738,940
0,VID_20250114_145738,950
0,VID_20250114_145738,960
0,VID_20250114_145738,970
0,VID_20250114_145738,980
0,VID_20250114_145738,990
0,VID_20250114_145738,1000
0,VID_20250114_145738,1010
0,VID_20250114_145738,1020
0,VID_20250114_145738,1030
0,VID_20250114_145738,1040
0,VID_20250114_145738,1050
0,VID_20250114_145738,1060
0,VID_20250114_145738,1070
0,VID_20250114_145738,1080
0,VID_20250114_145738,1090
0,VID_20250114_145738,1100
0,VID_20250114_145738,1110
0,VID_20250114_145738,1120
0,VID_20250114_145738,1130
0,VID_20250114_145738,1140
0,VID_20250114_145738,1150
0,VID_20250114_145738,1160
0,VID_20250114_145738,1170
0,VID_20250114_145738,1180
0,VID_20250114_145738,1190
0,VID_20250114_145738,1200
0,VID_20250114_145738,1210
0,VID_20250114_145738,1220
0,VID_20250114_145738,1230
0,VID_20250114_145738,1240
0,VID_20250114_145738,1250
0,VID_20250114_145738,1260
0,VID_20250114_145738,1270
0,VID_20250114_145738,1280
0,VID_20250114_145738,1290
0,VID_20250114_145738,1300
0,VID_20250114_145738,1310
0,VID_20250114_145738,1320
0,VID_20250114_145738,1330
0,VID_20250114_145738,1340
0,VID_20250114_145738,1350
0,VID_20250114_145738,1360
0,VID_20250114_145738,1370
0,VID_20250114_145738,1380
0,VID_20250114_145738,1390
0,VID_20250114_145738,1400
0,VID_20250114_145738,1410
0,VID_20250114_145738,1420
0,VID_20250114_145738,1430
0,VID_20250114_145738,1440
0,VID_20250114_145738,1450
0,VID_20250114_145738,1460
0,VID_20250114_145738,1470
0,VID_20250114_145738,1480
0,VID_20250114_145738,1490
0,VID_20250114_145738,1500
0,VID_20250114_145738,1510
0,VID_20250114_145738,1520
0,VID_20250114_145738,1530
0,VID_20250114_145738,1540
0,VID_20250114_145738,1550
0,VID_20250114_145738,1560
0,VID_20250114_145738,1570
0,VID_20250114_145738,1580
0,VID_20250114_145738,1590
0,VID_20250114_145738,1600
0,VID_20250114_145738,1610
0,VID_20250114_145738,1620
0,VID_20250114_145738,1630
0,VID_20250114_145738,1640
0,VID_20250114_145738,1650
0,VID_20250114_145738,1660
0,VID_20250114_145738,1670
0,VID_20250114_145738,1680
0,VID_20250114_145738,1690
0,VID_20250114_145738,1700
0,VID_20250114_145738,1710
0,VID_20250114_145738,1720
0,VID_20250114_145738,1730
0,VID_20250114_145738,1740
0,VID_20250114_145738,1750
0,VID_20250114_145738,1760
0,VID_20250114_145738,1770
0,VID_20250114_145738,1780
0,VID_20250114_145738,1790
0,VID_20250114_145738,1800
0,VID_20250114_145738,1810
0,VID_20250114_145738,1820
0,VID_20250114_145738,1830
0,VID_20250114_145738,1840
0,VID_20250114_145738,1850
0,VID_20250114_145738,1860
0,VID_20250114_145738,1870
0,VID_20250114_145738,1880
0,VID_20250114_145738,1890
0,VID_20250114_145738,1900
0,VID_20250114_145738,1910
0,VID_20250114_145738,1920
0,VID_20250114_145738,1930
0,VID_20250114_145738,1940
0,VID_20250114_145738,1950
0,VID_20250114_145738,1960
0,VID_20250114_145738,1970
0,VID_20250114_145738,1980
0,VID_20250114_145738,1990
0,VID_20250114_145738,2000
0,VID_20250114_145738,2010
0,VID_20250114_145738,2020
0,VID_20250114_145738,2030
0,VID_20250114_145738,2040
0,VID_20250114_145738,2050
0,VID_20250114_145738,2060
0,VID_20250114_145738,2070
0,VID_20250114_145738,2080
0,VID_20250114_145738,2090
0,VID_20250114_145738,2100
0,VID_20250114_145738,2110
0,VID_20250114_145738,2120
0,VID_20250114_145738,2130
0,VID_20250114_145738,2140
0,VID_20250114_145738,2150
0,VID_20250114_145738,2160
0,VID_20250114_145738,2170
0,VID_20250114_145738,2180
0,VID_20250114_145738,2190
0,VID_20250114_145738,2200
0,VID_20250114_145738,2210
0,VID_20250114_145738,2220
0,VID_20250114_145738,2230
0,VID_20250114_145738,2240
0,VID_20250114_145738,2250
0,VID_20250114_145738,2260
0,VID_20250114_145738,2270
0,VID_20250114_145738,2280
0,VID_20250114_145738,2290
0,VID_20250114_145738,2300
0,VID_20250114_145738,2310
0,VID_20250114_145738,2320
0,VID_20250114_145738,2330
0,VID_20250114_145738,2340
0,VID_20250114_145738,2350
0,VID_20250114_145738,2360
0,VID_20250114_145738,2370
0,VID_20250114_145738,2380
0,VID_20250114_145738,2390
0,VID_20250114_145738,2400
0,VID_20250114_145738,2410
0,VID_20250114_145738,2420
0,VID_20250114_145738,2430
0,VID_20250114_145738,2440
0,VID_20250114_145738,2450
0,VID_20250114_145738,2460
0,VID_20250114_145738,2470
0,VID_20250114_145738,2480
0,VID_20250114_145738,2490
0,VID_20250114_145738,2500
0,VID_20250114_145738,2510
0,VID_20250114_145738,2520
0,VID_20250114_145738,2530
0,VID_20250114_145738,2540
0,VID_20250114_145738,2550
0,VID_20250114_145738,2560
0,VID_20250114_145738,2570
0,VID_20250114_145738,2580
0,VID_20250114_145738,2590
0,VID_20250114_145738,2600
0,VID_20250114_145738,2610
0,VID_20250114_145738,2620
0,VID_20250114_145738,2630
0,VID_20250114_145738,2640
0,VID_20250114_145738,2650
0,VID_20250114_145738,2660
0,VID_20250114_145738,2670
0,VID_20250114_145738,2680
0,VID_20250114_145738,2690
0,VID_20250114_145738,2700
0,VID_20250114_145738,2710
0,VID_20250114_145738,2720
0,VID_20250114_145738,2730
0,VID_20250114_145738,2740
0,VID_20250114_145738,2750
0,VID_20250114_145738,2760
0,VID_20250114_145738,2770
0,VID_20250114_145738,2780
0,VID_20250114_145738,2790
0,VID_20250114_145738,2800
0,VID_20250114_145738,2810
0,VID_20250114_145738,2820
0,VID_20250114_145738,2830
0,VID_20250114_145738,2840
0,VID_20250114_145738,2850
0,VID_20250114_145738,2860
0,VID_20250114_145738,2870
0,VID_20250114_145738,2880
0,VID_20250114_145738,2890
0,VID_20250114_145738,2900
0,VID_20250114_145738,2910
0,VID_20250114_145738,2920
0,VID_20250114_145738,2930
0,VID_20250114_145738,2940
0,VID_20250114_145738,2950
0,VID_20250114_145738,2960
0,VID_20250114_145738,2970
0,VID_20250114_145738,2980
0,VID_20250114_145738,2990
0,VID_20250114_145738,3000
0,VID_20250114_145738,3010
0,VID_20250114_145738,3020
0,VID_20250114_145738,3030
0,VID_20250114_145738,3040
0,VID_20250114_145738,3050
0,VID_20250114_145738,3060
0,VID_20250114_145738,3070
0,VID_20250114_145738,3080
0,VID_20250114_145738,3090
0,VID_20250114_145738,3100
0,VID_20250114_145738,3110
0,VID_20250114_145738,3120
0,VID_20250114_145738,3130
0,VID_20250114_145738,3140
0,VID_20250114_145738,3150
0,VID_20250114_145738,3160
0,VID_20250114_145738,3170
0,VID_20250114_145738,3180
0,VID_20250114_145738,3190
0,VID_20250114_145738,3200
0,VID_20250114_145738,3210
0,VID_20250114_145738,3220
0,VID_20250114_145738,3230
0,VID_20250114_145738,3240
0,VID_20250114_145738,3250
0,VID_20250114_145738,3260
0,VID_20250114_145738,3270
0,VID_20250114_145738,3280
0,VID_20250114_145738,3290
0,VID_20250114_145738,3300
0,VID_20250114_145738,3310
0,VID_20250114_145738,3320
0,VID_20250114_145738,3330
0,VID_20250114_145738,3340
0,VID_20250114_145738,3350
0,VID_20250114_145738,3360
0,VID_20250114_145738,3370
0,VID_20250114_145738,3380
0,VID_20250114_145738,3390
0,VID_20250114_145738,3400
0,VID_20250114_145738,3410
0,VID_20250114_145738,3420
0,VID_20250114_145738,3430
0,VID_20250114_145738,3440
0,VID_20250114_145738,3450
0,VID_20250114_145738,3460
0,VID_20250114_145738,3470
0,VID_20250114_145738,3480
0,VID_20250114_145738,3490
0,VID_20250114_145738,3500
0,VID_20250114_145738,3510
0,VID_20250114_145738,3520
0,VID_20250114_145738,3530
0,VID_20250114_145738,3540
0,VID_20250114_145738,3550
0,VID_20250114_145738,3560
0,VID_20250114_145738,3570
0,VID_20250114_145738,3580
0,VID_20250114_145738,3590
0,VID_20250114_145738,3600
0,VID_20250114_145738,3610
0,VID_20250114_145738,3620
0,VID_20250114_145738,3630
0,VID_20250114_145738,3640
0,VID_20250114_145738,3650
0,VID_20250114_145738,3660
0,VID_20250114_145738,3670
0,VID_20250114_145738,3680
0,VID_20250114_145738,3690
0,VID_20250114_145738,3700
0,VID_20250114_145738,3710
0,VID_20250114_145738,3720
0,VID_20250114_145738,3730
0,VID_20250114_145738,3740
0,VID_20250114_145738,3750
0,VID_20250114_145738,3760
0,VID_20250114_145738,3770
0,VID_20250114_145738,3780
0,VID_20250114_145738,3790
0,VID_20250114_145738,3800
0,VID_20250114_145738,3810
0,VID_20250114_145738,3820
0,VID_20250114_145738,3830
0,VID_20250114_145738,3840
0,VID_20250114_145738,3850
0,VID_20250114_145738,3860
0,VID_20250114_145738,3870
0,VID_20250114_145738,3880
0,VID_20250114_145738,3890
0,VID_20250114_145738,3900
0,VID_20250114_145738,3910
0,VID_20250114_145738,3920
0,VID_20250114_145738,3930
0,VID_20250114_145738,3940
0,VID_20250114_145738,3950
0,VID_20250114_145738,3960
0,VID_20250114_145738,3970
0,VID_20250114_145738,3980
0,VID_20250114_145738,3990
0,VID_20250114_145738,4000
0,VID_20250114_145738,4010
0,VID_20250114_145738,4020
0,VID_20250114_145738,4030
0,VID_20250114_145738,4040
0,VID_20250114_145738,4050
0,VID_20250114_145738,4060
0,VID_20250114_145738,4070
0,VID_20250114_145738,4080
0,VID_20250114_145738,4090
0,VID_20250114_145738,4100
0,VID_20250114_145738,4110
0,VID_20250114_145738,4120
0,VID_20250114_145738,4130
0,VID_20250114_145738,4140
0,VID_20250114_145738,4150
0,VID_20250114_145738,4160
0,VID_20250114_145738,4170
0,VID_20250114_145738,4180
0,VID_20250114_145738,4190
0,VID_20250114_145738,4200
0,VID_20250114_145738,4210
0,VID_20250114_145738,4220
0,VID_20250114_145738,4230
0,VID_20250114_145738,4240
0,VID_20250114_145738,4250
0,VID_20250114_145738,4260
0,VID_20250114_145738,4270
0,VID_20250114_145738,4280
0,VID_20250114_145738,4290
0,VID_20250114_145738,4300
0,VID_20250114_145738,4310
0,VID_20250114_145738,4320
0,VID_20250114_145738,4330
0,VID_20250114_145738,4340
0,VID_20250114_145738,4350
0,VID_20250114_145738,4360
0,VID_20250114_145738,4370
0,VID_20250114_145738,4380
0,VID_20250114_145738,4390
0,VID_20250114_145738,4400
0,VID_20250114_145738,4410
0,VID_20250114_145738,4420
0,VID_20250114_145738,4430
0,VID_20250114_145738,4440
1,VID_20250114_145738,4480
1,VID_20250114_145738,4490
1,VID_20250114_145738,4500
1,VID_20250114_145738,4510
1,VID_20250114_145738,4520
1,VID_20250114_145738,4530
1,VID_20250114_145738,4540
1,VID_20250114_145738,4550
1,VID_20250114_145738,4560
1,VID_20250114_145738,4570
1,VID_20250114_145738,4580
1,VID_20250114_145738,4590
1,VID_20250114_145738,4600
1,VID_20250114_145738,4610
1,VID_20250114_145738,4620
1,VID_20250114_145738,4630
1,VID_20250114_145738,4640
1,VID_20250114_145738,4650
1,VID_20250114_145738,4660
1,VID_20250114_145738,4670
1,VID_20250114_145738,4680
1,VID_20250114_145738,4690
1,VID_20250114_145738,4700
1,VID_20250114_145738,4710
1,VID_20250114_145738,4720
1,VID_20250114_145738,4730
1,VID_20250114_145738,4740
1,VID_20250114_145738,4750
1,VID_20250114_145738,4760
1,VID_20250114_145738,4770
1,VID_20250114_145738,4780
1,VID_20250114_145738,4790
1,VID_20250114_145738,4800
1,VID_20250114_145738,4810
1,VID_20250114_145738,4820
1,VID_20250114_145738,4830
1,VID_20250114_145738,4840
1,VID_20250114_145738,4850
1,VID_20250114_145738,4860
1,VID_20250114_145738,4870
1,VID_20250114_145738,4880
1,VID_20250114_145738,4890
1,VID_20250114_145738,4900
1,VID_20250114_145738,4910
1,VID_20250114_145738,4920
1,VID_20250114_145738,4930
1,VID_20250114_145738,4940
1,VID_20250114_145738,4950
1,VID_20250114_145738,4960
1,VID_20250114_145738,4970
1,VID_20250114_145738,4980
1,VID_20250114_145738,4990
1,VID_20250114_145738,5000
1,VID_20250114_145738,5010
1,VID_20250114_145738,5020
1,VID_20250114_145738,5030
1,VID_20250114_145738,5040
1,VID_20250114_145738,5050
1,VID_20250114_145738,5060
1,VID_20250114_145738,5070
1,VID_20250114_145738,5080
1,VID_20250114_145738,5090
1,VID_20250114_145738,5100
1,VID_20250114_145738,5110
1,VID_20250114_145738,5120
1,VID_20250114_145738,5130
1,VID_20250114_145738,5140
1,VID_20250114_145738,5150
1,VID_20250114_145738,5160
1,VID_20250114_145738,5170
1,VID_20250114_145738,5180
1,VID_20250114_145738,5190
1,VID_20250114_145738,5200
1,VID_20250114_145738,5210
1,VID_20250114_145738,5220
1,VID_20250114_145738,5230
1,VID_20250114_145738,5240
1,VID_20250114_145738,5250
1,VID_20250114_145738,5260
1,VID_20250114_145738,5270
1,VID_20250114_145738,5280
1,VID_20250114_145738,5290
1,VID_20250114_145738,5300
1,VID_20250114_145738,5310
1,VID_20250114_145738,5320
1,VID_20250114_145738,5330
1,VID_20250114_145738,5340
1,VID_20250114_145738,5350
1,VID_20250114_145738,5360
1,VID_20250114_145738,5370
1,VID_20250114_145738,5380
1,VID_20250114_145738,5390
1,VID_20250114_145738,5400
1,VID_20250114_145738,5410
1,VID_20250114_145738,5420
1,VID_20250114_145738,5430
1,VID_20250114_145738,5440
1,VID_20250114_145738,5450
1,VID_20250114_145738,5460
1,VID_20250114_145738,5470
1,VID_20250114_145738,5480
1,VID_20250114_145738,5490
1,VID_20250114_145738,5500
1,VID_20250114_145738,5510
1,VID_20250114_145738,5520
1,VID_20250114_145738,5530
1,VID_20250114_145738,5540
1,VID_20250114_145738,5550
1,VID_20250114_145738,5560
1,VID_20250114_145738,5570
1,VID_20250114_145738,5580
1,VID_20250114_145738,5590
1,VID_20250114_145738,5600
1,VID_20250114_145738,5610
1,VID_20250114_145738,5660
1,VID_20250114_145738,5670
1,VID_20250114_145738,5680
1,VID_20250114_145738,5690
1,VID_20250114_145738,5700
1,VID_20250114_145738,5710
1,VID_20250114_145738,5720
1,VID_20250114_145738,5730
1,VID_20250114_145738,5740
1,VID_20250114_145738,5750
1,VID_20250114_145738,5760
1,VID_20250114_145738,5770
1,VID_20250114_145738,5780
1,VID_20250114_145738,5790
1,VID_20250114_145738,5800
1,VID_20250114_145738,5810
1,VID_20250114_145738,5820
1,VID_20250114_145738,5830
1,VID_20250114_145738,5840
1,VID_20250114_145738,5850
1,VID_20250114_145738,5860
1,VID_20250114_145738,5870
1,VID_20250114_145738,5880
1,VID_20250114_145738,5890
1,VID_20250114_145738,5900
1,VID_20250114_145738,5910
1,VID_20250114_145738,5920
1,VID_20250114_145738,5930
1,VID_20250114_145738,5940
1,VID_20250114_145738,5950
1,VID_20250114_145738,5960
1,VID_20250114_145738,5970
1,VID_20250114_145738,5980
1,VID_20250114_145738,5990
1,VID_20250114_145738,6000
1,VID_20250114_145738,6010
1,VID_20250114_145738,6020
1,VID_20250114_145738,6030
1,VID_20250114_145738,6040
1,VID_20250114_145738,6050
1,VID_20250114_145738,6060
1,VID_20250114_145738,6070
1,VID_20250114_145738,6080
1,VID_20250114_145738,6090
1,VID_20250114_145738,6100
1,VID_20250114_145738,6110
1,VID_20250114_145738,6120
1,VID_20250114_145738,6130
1,VID_20250114_145738,6140
1,VID_20250114_145738,6150
1,VID_20250114_145738,6160
1,VID_20250114_145738,6170
1,VID_20250114_145738,6180
1,VID_20250114_145738,6190
1,VID_20250114_145738,6200
1,VID_20250114_145738,6210
1,VID_20250114_145738,6220
1,VID_20250114_145738,6230
1,VID_20250114_145738,6240
1,VID_20250114_145738,6250
1,VID_20250114_145738,6260
1,VID_20250114_145738,6270
1,VID_20250114_145738,6280
1,VID_20250114_145738,6290
1,VID_20250114_145738,6300
1,VID_20250114_145738,6310
1,VID_20250114_145738,6320
1,VID_20250114_145738,6330
1,VID_20250114_145738,6340
1,VID_20250114_145738,6350
1,VID_20250114_145738,6360
1,VID_20250114_145738,6370
1,VID_20250114_145738,6380
1,VID_20250114_145738,6390
1,VID_20250114_145738,6400
1,VID_20250114_145738,6410
1,VID_20250114_145738,6420
1,VID_20250114_145738,6430
1,VID_20250114_145738,6440
1,VID_20250114_145738,6450
1,VID_20250114_145738,6460
1,VID_20250114_145738,6470
1,VID_20250114_145738,6480
1,VID_20250114_145738,6490
1,VID_20250114_145738,6500
1,VID_20250114_145738,6510
1,VID_20250114_145738,6520
1,VID_20250114_145738,6530
1,VID_20250114_145738,6540
1,VID_20250114_145738,6550
1,VID_20250114_145738,6560
1,VID_20250114_145738,6570
1,VID_20250114_145738,6580
1,VID_20250114_145738,6590
1,VID_20250114_145738,6600
1,VID_20250114_145738,6610
1,VID_20250114_145738,6620
1,VID_20250114_145738,6630
1,VID_20250114_145738,6640
1,VID_20250114_145738,6650
1,VID_20250114_145738,6660
1,VID_20250114_145738,6670
1,VID_20250114_145738,6680
1,VID_20250114_145738,6690
1,VID_20250114_145738,6700
1,VID_20250114_145738,6710
1,VID_20250114_145738,6720
1,VID_20250114_145738,6730
1,VID_20250114_145738,6740
1,VID_20250114_145738,6750
1,VID_20250114_145738,6760
1,VID_20250114_145738,6770
1,VID_20250114_145738,6780
1,VID_20250114_145738,6790
1,VID_20250114_145738,6800
1,VID_20250114_145738,6810
1,VID_20250114_145738,6820
1,VID_20250114_145738,6830
1,VID_20250114_145738,6840
1,VID_20250114_145738,6850
1,VID_20250114_145738,6860
1,VID_20250114_145738,6870
1,VID_20250114_145738,6880
1,VID_20250114_145738,6890
1,VID_20250114_145738,6900
1,VID_20250114_145738,6910
1,VID_20250114_145738,6920
1,VID_20250114_145738,6930
1,VID_20250114_145738,6940
1,VID_20250114_145738,6950
1,VID_20250114_145738,6960
1,VID_20250114_145738,6970
1,VID_20250114_145738,6980
1,VID_20250114_145738,6990
1,VID_20250114_145738,7000
1,VID_20250114_145738,7010
1,VID_20250114_145738,7020
1,VID_20250114_145738,7030
1,VID_20250114_145738,7040
1,VID_20250114_145738,7050
1,VID_20250114_145738,7060
1,VID_20250114_145738,7070
1,VID_20250114_145738,7080
1,VID_20250114_145738,7090
1,VID_20250114_145738,7100
1,VID_20250114_145738,7110
1,VID_20250114_145738,7120
1,VID_20250114_145738,7130
1,VID_20250114_145738,7140
1,VID_20250114_145738,7150
1,VID_20250114_145738,7160
1,VID_20250114_145738,7170
1,VID_20250114_145738,7180
1,VID_20250114_145738,7190
1,VID_20250114_145738,7200
1,VID_20250114_145738,7210
1,VID_20250114_145738,7220
1,VID_20250114_145738,7230
1,VID_20250114_145738,7240
1,VID_20250114_145738,7250
1,VID_20250114_145738,7260
1,VID_20250114_145738,7270
1,VID_20250114_145738,7280
1,VID_20250114_145738,7290
1,VID_20250114_145738,7300
1,VID_20250114_145738,7310
1,VID_20250114_145738,7320
1,VID_20250114_145738,7330
1,VID_20250114_145738,7340
1,VID_20250114_145738,7350
1,VID_20250114_145738,7360
1,VID_20250114_145738,7370
1,VID_20250114_145738,7380
1,VID_20250114_145738,7390
1,VID_20250114_145738,7400
1,VID_20250114_145738,7410
1,VID_20250114_145738,7420
1,VID_20250114_145738,7430
1,VID_20250114_145738,7440
1,VID_20250114_145738,7450
1,VID_20250114_145738,7460
1,VID_20250114_145738,7470
1,VID_20250114_145738,7480
1,VID_20250114_145738,7490
1,VID_20250114_145738,7500
1,VID_20250114_145738,7510
1,VID_20250114_145738,7520
1,VID_20250114_145738,7530
1,VID_20250114_145738,7540
1,VID_20250114_145738,7550
1,VID_20250114_145738,7560
1,VID_20250114_145738,7570
1,VID_20250114_145738,7580
1,VID_20250114_145738,7590
1,VID_20250114_145738,7600
3,VID_20250114_145738,7630
3,VID_20250114_145738,7640
3,VID_20250114_145738,7650
3,VID_20250114_145738,7660
3,VID_20250114_145738,7670
3,VID_20250114_145738,7680
3,VID_20250114_145738,7690
3,VID_20250114_145738,7700
3,VID_20250114_145738,7710
3,VID_20250114_145738,7720
3,VID_20250114_145738,7730
3,VID_20250114_145738,7740
3,VID_20250114_145738,7750
3,VID_20250114_145738,7760
3,VID_20250114_145738,7770
3,VID_20250114_145738,7780
3,VID_20250114_145738,7790
3,VID_20250114_145738,7800
3,VID_20250114_145738,7810
3,VID_20250114_145738,7820
3,VID_20250114_145738,7830
3,VID_20250114_145738,7840
3,VID_20250114_145738,7850
3,VID_20250114_145738,7860
3,VID_20250114_145738,7870
3,VID_20250114_145738,7880
3,VID_20250114_145738,7890
3,VID_20250114_145738,7900
3,VID_20250114_145738,7910
3,VID_20250114_145738,7920
3,VID_20250114_145738,7930
3,VID_20250114_145738,7940
3,VID_20250114_145738,7950
3,VID_20250114_145738,7960
3,VID_20250114_145738,7970
3,VID_20250114_145738,7980
3,VID_20250114_145738,7990
3,VID_20250114_145738,8000
3,VID_20250114_145738,8010
3,VID_20250114_145738,8020
3,VID_20250114_145738,8030
3,VID_20250114_145738,8040
3,VID_20250114_145738,8050
3,VID_20250114_145738,8060
3,VID_20250114_145738,8070
0,VID_20250114_145739,0
0,VID_20250114_145739,10
0,VID_20250114_145739,20
0,VID_20250114_145739,30
0,VID_20250114_145739,40
0,VID_20250114_145739,50
0,VID_20250114_145739,60
0,VID_20250114_145739,70
0,VID_20250114_145739,80
0,VID_20250114_145739,90
0,VID_20250114_145739,100
0,VID_20250114_145739,110
0,VID_20250114_145739,120
0,VID_20250114_145739,130
0,VID_20250114_145739,140
0,VID_20250114_145739,150
0,VID_20250114_145739,160
0,VID_20250114_145739,170
0,VID_20250114_145739,180
0,VID_20250114_145739,190
0,VID_20250114_145739,200
0,VID_20250114_145739,210
0,VID_20250114_145739,220
0,VID_20250114_145739,230
0,VID_20250114_145739,240
0,VID_20250114_145739,250
0,VID_20250114_145739,260
0,VID_20250114_145739,270
0,VID_20250114_145739,280
0,VID_20250114_145739,290
0,VID_20250114_145739,300
0,VID_20250114_145739,310
0,VID_20250114_145739,320
0,VID_20250114_145739,330
0,VID_20250114_145739,340
0,VID_20250114_145739,350
0,VID_20250114_145739,360
0,VID_20250114_145739,370
0,VID_20250114_145739,380
0,VID_20250114_145739,390
0,VID_20250114_145739,400
0,VID_20250114_145739,410
0,VID_20250114_145739,420
0,VID_20250114_145739,430
0,VID_20250114_145739,440
0,VID_20250114_145739,450
0,VID_20250114_145739,460
0,VID_20250114_145739,470
0,VID_20250114_145739,480
0,VID_20250114_145739,490
0,VID_20250114_145739,500
0,VID_20250114_145739,510
0,VID_20250114_145739,520
0,VID_20250114_145739,530
0,VID_20250114_145739,540
0,VID_20250114_145739,550
0,VID_20250114_145739,560
0,VID_20250114_145739,570
0,VID_20250114_145739,580
0,VID_20250114_145739,590
0,VID_20250114_145739,600
0,VID_20250114_145739,610
0,VID_20250114_145739,620
0,VID_20250114_145739,630
0,VID_20250114_145739,640
0,VID_20250114_145739,650
0,VID_20250114_145739,660
0,VID_20250114_145739,670
0,VID_20250114_145739,680
0,VID_20250114_145739,690
0,VID_20250114_145739,700
0,VID_20250114_145739,710
0,VID_20250114_145739,720
0,VID_20250114_145739,730
0,VID_20250114_145739,740
0,VID_20250114_145739,750
0,VID_20250114_145739,760
0,VID_20250114_145739,770
0,VID_20250114_145739,780
0,VID_20250114_145739,790
0,VID_20250114_145739,800
0,VID_20250114_145739,810
0,VID_20250114_145739,820
0,VID_20250114_145739,830
0,VID_20250114_145739,840
0,VID_20250114_145739,850
0,VID_20250114_145739,860
0,VID_20250114_145739,870
0,VID_20250114_145739,880
0,VID_20250114_145739,890
0,VID_20250114_145739,900
0,VID_20250114_145739,910
0,VID_20250114_145739,920
0,VID_20250114_145739,930
0,VID_20250114_145739,940
0,VID_20250114_145739,950
0,VID_20250114_145739,960
0,VID_20250114_145739,970
0,VID_20250114_145739,980
0,VID_20250114_145739,990
0,VID_20250114_145739,1000
0,VID_20250114_145739,1010
0,VID_20250114_145739,1020
0,VID_20250114_145739,1030
0,VID_20250114_145739,1040
0,VID_20250114_145739,1050
0,VID_20250114_145739,1060
0,VID_20250114_145739,1070
0,VID_20250114_145739,1080
0,VID_20250114_145739,1090
0,VID_20250114_145739,1100
0,VID_20250114_145739,1110
0,VID_20250114_145739,1120
0,VID_20250114_145739,1130
0,VID_20250114_145739,1140
0,VID_20250114_145739,1150
0,VID_20250114_145739,1160
0,VID_20250114_145739,1170
0,VID_20250114_145739,1180
0,VID_20250114_145739,1190
0,VID_20250114_145739,1200
0,VID_20250114_145739,1210
0,VID_20250114_145739,1220
0,VID_20250114_145739,1230
0,VID_20250114_145739,1240
0,VID_20250114_145739,1250
0,VID_20250114_145739,1260
0,VID_20250114_145739,1270
0,VID_20250114_145739,1280
0,VID_20250114_145739,1290
0,VID_20250114_145739,1300
0,VID_20250114_145739,1310
0,VID_20250114_145739,1320
0,VID_20250114_145739,1330
0,VID_20250114_145739,1340
0,VID_20250114_145739,1350
0,VID_20250114_145739,1360
0,VID_20250114_145739,1370
0,VID_20250114_145739,1380
0,VID_20250114_145739,1390
0,VID_20250114_145739,1400
0,VID_20250114_145739,1410
0,VID_20250114_145739,1420
0,VID_20250114_145739,1430
0,VID_20250114_145739,1440
0,VID_20250114_145739,1450
0,VID_20250114_145739,1460
0,VID_20250114_145739,1470
0,VID_20250114_145739,1480
0,VID_20250114_145739,1490
0,VID_20250114_145739,1500
0,VID_20250114_145739,1510
0,VID_20250114_145739,1520
0,VID_20250114_145739,1530
0,VID_20250114_145739,1540
0,VID_20250114_145739,1550
0,VID_20250114_145739,1560
0,VID_20250114_145739,1570
0,VID_20250114_145739,1580
0,VID_20250114_145739,1590
0,VID_20250114_145739,1600
0,VID_20250114_145739,1610
0,VID_20250114_145739,1620
0,VID_20250114_145739,1630
0,VID_20250114_145739,1640
0,VID_20250114_145739,1650
0,VID_20250114_145739,1660
0,VID_20250114_145739,1670
0,VID_20250114_145739,1680
0,VID_20250114_145739,1690
0,VID_20250114_145739,1700
0,VID_20250114_145739,1710
0,VID_20250114_145739,1720
0,VID_20250114_145739,1730
0,VID_20250114_145739,1740
0,VID_20250114_145739,1750
0,VID_20250114_145739,1760
0,VID_20250114_145739,1770
0,VID_20250114_145739,1780
0,VID_20250114_145739,1790
0,VID_20250114_145739,1800
0,VID_20250114_145739,1810
0,VID_20250114_145739,1820
0,VID_20250114_145739,1830
0,VID_20250114_145739,1840
0,VID_20250114_145739,1850
0,VID_20250114_145739,1860
0,VID_20250114_145739,1870
0,VID_20250114_145739,1880
0,VID_20250114_145739,1890
0,VID_20250114_145739,1900
0,VID_20250114_145739,1910
0,VID_20250114_145739,1920
0,VID_20250114_145739,1930
0,VID_20250114_145739,1940
0,VID_20250114_145739,1950
0,VID_20250114_145739,1960
0,VID_20250114_145739,1970
0,VID_20250114_145739,1980
0,VID_20250114_145739,1990
0,VID_20250114_145739,2000
0,VID_20250114_145739,2010
0,VID_20250114_145739,2020
0,VID_20250114_145739,2030
0,VID_20250114_145739,2040
0,VID_20250114_145739,2050
0,VID_20250114_145739,2060
0,VID_20250114_145739,2070
0,VID_20250114_145739,2080
0,VID_20250114_145739,2090
0,VID_20250114_145739,2100
0,VID_20250114_145739,2110
0,VID_20250114_145739,2120
0,VID_20250114_145739,2130
0,VID_20250114_145739,2140
0,VID_20250114_145739,2150
0,VID_20250114_145739,2160
0,VID_20250114_145739,2170
0,VID_20250114_145739,2180
0,VID_20250114_145739,2190
0,VID_20250114_145739,2200
0,VID_20250114_145739,2210
0,VID_20250114_145739,2220
0,VID_20250114_145739,2230
0,VID_20250114_145739,2240
0,VID_20250114_145739,2250
0,VID_20250114_145739,2260
0,VID_20250114_145739,2270
0,VID_20250114_145739,2280
0,VID_20250114_145739,2290
0,VID_20250114_145739,2300
0,VID_20250114_145739,2310
0,VID_20250114_145739,2320
0,VID_20250114_145739,2330
0,VID_20250114_145739,2340
0,VID_20250114_145739,2350
0,VID_20250114_145739,2360
0,VID_20250114_145739,2370
0,VID_20250114_145739,2380
0,VID_20250114_145739,2390
0,VID_20250114_145739,2400
0,VID_20250114_145739,2410
0,VID_20250114_145739,2420
0,VID_20250114_145739,2430
0,VID_20250114_145739,2440
0,VID_20250114_145739,2450
0,VID_20250114_145739,2460
0,VID_20250114_145739,2470
0,VID_20250114_145739,2480
0,VID_20250114_145739,2490
0,VID_20250114_145739,2500
0,VID_20250114_145739,2510
0,VID_20250114_145739,2520
0,VID_20250114_145739,2530
0,VID_20250114_145739,2540
0,VID_20250114_145739,2550
0,VID_20250114_145739,2560
0,VID_20250114_145739,2570
0,VID_20250114_145739,2580
0,VID_20250114_145739,2590
0,VID_20250114_145739,2600
0,VID_20250114_145739,2610
0,VID_20250114_145739,2620
0,VID_20250114_145739,2630
0,VID_20250114_145739,2640
0,VID_20250114_145739,2650
0,VID_20250114_145739,2660
0,VID_20250114_145739,2670
0,VID_20250114_145739,2680
0,VID_20250114_145739,2690
0,VID_20250114_145739,2700
0,VID_20250114_145739,2710
0,VID_20250114_145739,2720
0,VID_20250114_145739,2730
0,VID_20250114_145739,2740
0,VID_20250114_145739,2750
0,VID_20250114_145739,2760
0,VID_20250114_145739,2770
0,VID_20250114_145739,2780
0,VID_20250114_145739,2790
0,VID_20250114_145739,2800
0,VID_20250114_145739,2810
0,VID_20250114_145739,2820
0,VID_20250114_145739,2830
0,VID_20250114_145739,2840
0,VID_20250114_145739,2850
0,VID_20250114_145739,2860
0,VID_20250114_145739,2870
0,VID_20250114_145739,2880
0,VID_20250114_145739,2890
0,VID_20250114_145739,2900
0,VID_20250114_145739,2910
0,VID_20250114_145739,2920
0,VID_20250114_145739,2930
0,VID_20250114_145739,2940
0,VID_20250114_145739,2950
0,VID_20250114_145739,2960
0,VID_20250114_145739,2970
0,VID_20250114_145739,2980
0,VID_20250114_145739,2990
0,VID_20250114_145739,3000
0,VID_20250114_145739,3010
0,VID_20250114_145739,3020
0,VID_20250114_145739,3030
0,VID_20250114_145739,3040
0,VID_20250114_145739,3050
0,VID_20250114_145739,3060
0,VID_20250114_145739,3070
0,VID_20250114_145739,3080
0,VID_20250114_145739,3090
0,VID_20250114_145739,3100
0,VID_20250114_145739,3110
0,VID_20250114_145739,3120
0,VID_20250114_145739,3130
0,VID_20250114_145739,3140
0,VID_20250114_145739,3150
0,VID_20250114_145739,3160
0,VID_20250114_145739,3170
0,VID_20250114_145739,3180
0,VID_20250114_145739,3190
0,VID_20250114_145739,3200
0,VID_20250114_145739,3210
0,VID_20250114_145739,3220
0,VID_20250114_145739,3230
0,VID_20250114_145739,3240
0,VID_20250114_145739,3250
0,VID_20250114_145739,3260
0,VID_20250114_145739,3270
0,VID_20250114_145739,3280
0,VID_20250114_145739,3290
0,VID_20250114_145739,3300
0,VID_20250114_145739,3310
0,VID_20250114_145739,3320
0,VID_20250114_145739,3330
0,VID_20250114_145739,3340
0,VID_20250114_145739,3350
0,VID_20250114_145739,3360
0,VID_20250114_145739,3370
0,VID_20250114_145739,3380
0,VID_20250114_145739,3390
0,VID_20250114_145739,3400
0,VID_20250114_145739,3410
0,VID_20250114_145739,3420
0,VID_20250114_145739,3430
0,VID_20250114_145739,3440
0,VID_20250114_145739,3450
0,VID_20250114_145739,3460
0,VID_20250114_145739,3470
0,VID_20250114_145739,3480
0,VID_20250114_145739,3490
0,VID_20250114_145739,3500
0,VID_20250114_145739,3510
0,VID_20250114_145739,3520
0,VID_20250114_145739,3530
0,VID_20250114_145739,3540
0,VID_20250114_145739,3550
0,VID_20250114_145739,3560
0,VID_20250114_145739,3570
0,VID_20250114_145739,3580
0,VID_20250114_145739,3590
0,VID_20250114_145739,3600
0,VID_20250114_145739,3610
0,VID_20250114_145739,3620
0,VID_20250114_145739,3630
0,VID_20250114_145739,3640
0,VID_20250114_145739,3650
0,VID_20250114_145739,3660
0,VID_20250114_145739,3670
0,VID_20250114_145739,3680
0,VID_20250114_145739,3690
0,VID_20250114_145739,3700
0,VID_20250114_145739,3710
0,VID_20250114_145739,3720
0,VID_20250114_145739,3730
0,VID_20250114_145739,3740
0,VID_20250114_145739,3750
0,VID_20250114_145739,3760
0,VID_20250114_145739,3770
0,VID_20250114_145739,3780
0,VID_20250114_145739,3790
0,VID_20250114_145739,3800
0,VID_20250114_145739,3810
0,VID_20250114_145739,3820
0,VID_20250114_145739,3830
0,VID_20250114_145739,3840
0,VID_20250114_145739,3850
0,VID_20250114_145739,3860
0,VID_20250114_145739,3870
0,VID_20250114_145739,3880
0,VID_20250114_145739,3890
0,VID_20250114_145739,3900
0,VID_20250114_145739,3910
0,VID_20250114_145739,3920
0,VID_20250114_145739,3930
0,VID_20250114_145739,3940
0,VID_20250114_145739,3950
0,VID_20250114_145739,3960
0,VID_20250114_145739,3970
0,VID_20250114_145739,3980
0,VID_20250114_145739,3990
0,VID_20250114_145739,4000
0,VID_20250114_145739,4010
0,VID_20250114_145739,4020
0,VID_20250114_145739,4030
0,VID_20250114_145739,4040
0,VID_20250114_145739,4050
0,VID_20250114_145739,4060
0,VID_20250114_145739,4070
0,VID_20250114_145739,4080
0,VID_20250114_145739,4090
0,VID_20250114_145739,4100
0,VID_20250114_145739,4110
0,VID_20250114_145739,4120
0,VID_20250114_145739,4130
0,VID_20250114_145739,4140
0,VID_20250114_145739,4150
0,VID_20250114_145739,4160
0,VID_20250114_145739,4170
0,VID_20250114_145739,4180
0,VID_20250114_145739,4190
0,VID_20250114_145739,4200
0,VID_20250114_145739,4210
0,VID_20250114_145739,4220
0,VID_20250114_145739,4230
0,VID_20250114_145739,4240
0,VID_20250114_145739,4250
0,VID_20250114_145739,4260
0,VID_20250114_145739,4270
0,VID_20250114_145739,4280
0,VID_20250114_145739,4290
0,VID_20250114_145739,4300
0,VID_20250114_145739,4310
0,VID_20250114_145739,4320
0,VID_20250114_145739,4330
0,VID_20250114_145739,4340
0,VID_20250114_145739,4350
0,VID_20250114_145739,4360
0,VID_20250114_145739,4370
0,VID_20250114_145739,4380
0,VID_20250114_145739,4390
0,VID_20250114_145739,4400
0,VID_20250114_145739,4410
0,VID_20250114_145739,4420
0,VID_20250114_145739,4430
0,VID_20250114_145739,4440
0,VID_20250114_145739,4450
0,VID_20250114_145739,4460
0,VID_20250114_145739,4470
1,VID_20250114_145739,4490
1,VID_20250114_145739,4500
1,VID_20250114_145739,4510
1,VID_20250114_145739,4520
1,VID_20250114_145739,4530
1,VID_20250114_145739,4540
1,VID_20250114_145739,4550
1,VID_20250114_145739,4560
1,VID_20250114_145739,4570
1,VID_20250114_145739,4580
1,VID_20250114_145739,4590
1,VID_20250114_145739,4600
1,VID_20250114_145739,4610
1,VID_20250114_145739,4620
1,VID_20250114_145739,4630
1,VID_20250114_145739,4640
1,VID_20250114_145739,4650
1,VID_20250114_145739,4660
1,VID_20250114_145739,4670
1,VID_20250114_145739,4680
1,VID_20250114_145739,4690
1,VID_20250114_145739,4700
1,VID_20250114_145739,4710
1,VID_20250114_145739,4720
1,VID_20250114_145739,4730
1,VID_20250114_145739,4740
1,VID_20250114_145739,4750
1,VID_20250114_145739,4760
1,VID_20250114_145739,4770
1,VID_20250114_145739,4780
1,VID_20250114_145739,4790
1,VID_20250114_145739,4800
1,VID_20250114_145739,4810
1,VID_20250114_145739,4820
1,VID_20250114_145739,4830
1,VID_20250114_145739,4840
1,VID_20250114_145739,4850
1,VID_20250114_145739,4860
1,VID_20250114_145739,4870
1,VID_20250114_145739,4880
1,VID_20250114_145739,4890
1,VID_20250114_145739,4900
1,VID_20250114_145739,4910
1,VID_20250114_145739,4920
1,VID_20250114_145739,4930
1,VID_20250114_145739,4940
1,VID_20250114_145739,4950
1,VID_20250114_145739,4960
1,VID_20250114_145739,4970
1,VID_20250114_145739,4980
1,VID_20250114_145739,4990
1,VID_20250114_145739,5000
1,VID_20250114_145739,5010
1,VID_20250114_145739,5020
1,VID_20250114_145739,5030
1,VID_20250114_145739,5040
1,VID_20250114_145739,5050
1,VID_20250114_145739,5060
1,VID_20250114_145739,5070
1,VID_20250114_145739,5080
1,VID_20250114_145739,5090
1,VID_20250114_145739,5100
1,VID_20250114_145739,5110
1,VID_20250114_145739,5120
1,VID_20250114_145739,5130
1,VID_20250114_145739,5140
1,VID_20250114_145739,5150
1,VID_20250114_145739,5160
1,VID_20250114_145739,5170
1,VID_20250114_145739,5180
1,VID_20250114_145739,5190
1,VID_20250114_145739,5200
1,VID_20250114_145739,5210
1,VID_20250114_145739,5220
1,VID_20250114_145739,5230
1,VID_20250114_145739,5240
1,VID_20250114_145739,5250
1,VID_20250114_145739,5260
1,VID_20250114_145739,5270
1,VID_20250114_145739,5280
1,VID_20250114_145739,5290
1,VID_20250114_145739,5300
1,VID_20250114_145739,5310
1,VID_20250114_145739,5320
1,VID_20250114_145739,5330
1,VID_20250114_145739,5340
1,VID_20250114_145739,5350
1,VID_20250114_145739,5360
1,VID_20250114_145739,5370
1,VID_20250114_145739,5380
1,VID_20250114_145739,5390
1,VID_20250114_145739,5400
1,VID_20250114_145739,5410
1,VID_20250114_145739,5420
1,VID_20250114_145739,5430
1,VID_20250114_145739,5440
1,VID_20250114_145739,5450
1,VID_20250114_145739,5460
1,VID_20250114_145739,5470
1,VID_20250114_145739,5480
1,VID_20250114_145739,5490
1,VID_20250114_145739,5500
1,VID_20250114_145739,5510
1,VID_20250114_145739,5520
1,VID_20250114_145739,5530
1,VID_20250114_145739,5540
1,VID_20250114_145739,5550
1,VID_20250114_145739,5560
1,VID_20250114_145739,5570
1,VID_20250114_145739,5580
1,VID_20250114_145739,5590
1,VID_20250114_145739,5600
1,VID_20250114_145739,5610
1,VID_20250114_145739,5620
1,VID_20250114_145739,5630
1,VID_20250114_145739,5640
1,VID_20250114_145739,5690
1,VID_20250114_145739,5700
1,VID_20250114_145739,5710
1,VID_20250114_145739,5720
1,VID_20250114_145739,5730
1,VID_20250114_145739,5740
1,VID_20250114_145739,5750
1,VID_20250114_145739,5760
1,VID_20250114_145739,5770
1,VID_20250114_145739,5780
1,VID_20250114_145739,5790
1,VID_20250114_145739,5800
1,VID_20250114_145739,5810
1,VID_20250114_145739,5820
1,VID_20250114_145739,5830
1,VID_20250114_145739,5840
1,VID_20250114_145739,5850
1,VID_20250114_145739,5860
1,VID_20250114_145739,5870
1,VID_20250114_145739,5880
1,VID_20250114_145739,5890
1,VID_20250114_145739,5900
1,VID_20250114_145739,5910
1,VID_20250114_145739,5920
1,VID_20250114_145739,5930
1,VID_20250114_145739,5940
1,VID_20250114_145739,5950
1,VID_20250114_145739,5960
1,VID_20250114_145739,5970
1,VID_20250114_145739,5980
1,VID_20250114_145739,5990
1,VID_20250114_145739,6000
1,VID_20250114_145739,6010
1,VID_20250114_145739,6020
1,VID_20250114_145739,6030
1,VID_20250114_145739,6040
1,VID_20250114_145739,6050
1,VID_20250114_145739,6060
1,VID_20250114_145739,6070
1,VID_20250114_145739,6080
1,VID_20250114_145739,6090
1,VID_20250114_145739,6100
1,VID_20250114_145739,6110
1,VID_20250114_145739,6120
1,VID_20250114_145739,6130
1,VID_20250114_145739,6140
1,VID_20250114_145739,6150
1,VID_20250114_145739,6160
1,VID_20250114_145739,6170
1,VID_20250114_145739,6180
1,VID_20250114_145739,6190
1,VID_20250114_145739,6200
1,VID_20250114_145739,6210
1,VID_20250114_145739,6220
1,VID_20250114_145739,6230
1,VID_20250114_145739,6240
1,VID_20250114_145739,6250
1,VID_20250114_145739,6260
1,VID_20250114_145739,6270
1,VID_20250114_145739,6280
1,VID_20250114_145739,6290
1,VID_20250114_145739,6300
1,VID_20250114_145739,6310
1,VID_20250114_145739,6320
1,VID_20250114_145739,6330
1,VID_20250114_145739,6340
1,VID_20250114_145739,6350
1,VID_20250114_145739,6360
1,VID_20250114_145739,6370
1,VID_20250114_145739,6380
1,VID_20250114_145739,6390
1,VID_20250114_145739,6400
1,VID_20250114_145739,6410
1,VID_20250114_145739,6420
1,VID_20250114_145739,6430
1,VID_20250114_145739,6440
1,VID_20250114_145739,6450
1,VID_20250114_145739,6460
1,VID_20250114_145739,6470
1,VID_20250114_145739,6480
1,VID_20250114_145739,6490
1,VID_20250114_145739,6500
1,VID_20250114_145739,6510
1,VID_20250114_145739,6520
1,VID_20250114_145739,6530
1,VID_20250114_145739,6540
1,VID_20250114_145739,6550
1,VID_20250114_145739,6560
1,VID_20250114_145739,6570
1,VID_20250114_145739,6580
1,VID_20250114_145739,6590
1,VID_20250114_145739,6600
1,VID_20250114_145739,6610
1,VID_20250114_145739,6620
1,VID_20250114_145739,6630
1,VID_20250114_145739,6640
1,VID_20250114_145739,6650
1,VID_20250114_145739,6660
1,VID_20250114_145739,6670
1,VID_20250114_145739,6680
1,VID_20250114_145739,6690
1,VID_20250114_145739,6700
1,VID_20250114_145739,6710
1,VID_20250114_145739,6720
1,VID_20250114_145739,6730
1,VID_20250114_145739,6740
1,VID_20250114_145739,6750
1,VID_20250114_145739,6760
1,VID_20250114_145739,6770
1,VID_20250114_145739,6780
1,VID_20250114_145739,6790
1,VID_20250114_145739,6800
1,VID_20250114_145739,6810
1,VID_20250114_145739,6820
1,VID_20250114_145739,6830
1,VID_20250114_145739,6840
1,VID_20250114_145739,6850
1,VID_20250114_145739,6860
1,VID_20250114_145739,6870
1,VID_20250114_145739,6880
1,VID_20250114_145739,6890
1,VID_20250114_145739,6900
1,VID_20250114_145739,6910
1,VID_20250114_145739,6920
1,VID_20250114_145739,6930
1,VID_20250114_145739,6940
1,VID_20250114_145739,6950
1,VID_20250114_145739,6960
1,VID_20250114_145739,6970
1,VID_20250114_145739,6980
1,VID_20250114_145739,6990
1,VID_20250114_145739,7000
1,VID_20250114_145739,7010
1,VID_20250114_145739,7020
1,VID_20250114_145739,7030
1,VID_20250114_145739,7040
1,VID_20250114_145739,7050
1,VID_20250114_145739,7060
1,VID_20250114_145739,7070
1,VID_20250114_145739,7080
1,VID_20250114_145739,7090
1,VID_20250114_145739,7100
1,VID_20250114_145739,7110
1,VID_20250114_145739,7120
1,VID_20250114_145739,7130
1,VID_20250114_145739,7140
1,VID_20250114_145739,7150
1,VID_20250114_145739,7160
1,VID_20250114_145739,7170
1,VID_20250114_145739,7180
1,VID_20250114_145739,7190
1,VID_20250114_145739,7200
1,VID_20250114_145739,7210
1,VID_20250114_145739,7220
1,VID_20250114_145739,7230
1,VID_20250114_145739,7240
1,VID_20250114_145739,7250
1,VID_20250114_145739,7260
1,VID_20250114_145739,7270
1,VID_20250114_145739,7280
1,VID_20250114_145739,7290
1,VID_20250114_145739,7300
1,VID_20250114_145739,7310
1,VID_20250114_145739,7320
1,VID_20250114_145739,7330
1,VID_20250114_145739,7340
1,VID_20250114_145739,7350
1,VID_20250114_145739,7360
1,VID_20250114_145739,7370
1,VID_20250114_145739,7380
1,VID_20250114_145739,7390
1,VID_20250114_145739,7400
1,VID_20250114_145739,7410
1,VID_20250114_145739,7420
1,VID_20250114_145739,7430
1,VID_20250114_145739,7440
1,VID_20250114_145739,7450
1,VID_20250114_145739,7460
1,VID_20250114_145739,7470
1,VID_20250114_145739,7480
1,VID_20250114_145739,7490
1,VID_20250114_145739,7500
1,VID_20250114_145739,7510
1,VID_20250114_145739,7520
1,VID_20250114_145739,7530
1,VID_20250114_145739,7540
1,VID_20250114_145739,7550
1,VID_20250114_145739,7560
1,VID_20250114_145739,7570
1,VID_20250114_145739,7580
1,VID_20250114_145739,7590
1,VID_20250114_145739,7600
1,VID_20250114_145739,7610
1,VID_20250114_145739,7620
1,VID_20250114_145739,7630
3,VID_20250114_145739,7650
3,VID_20250114_145739,7660
3,VID_20250114_145739,7670
3,VID_20250114_145739,7680
3,VID_20250114_145739,7690
3,VID_20250114_145739,7700
3,VID_20250114_145739,7710
3,VID_20250114_145739,7720
3,VID_20250114_145739,7730
3,VID_20250114_145739,7740
3,VID_20250114_145739,7750
3,VID_20250114_145739,7760
3,VID_20250114_145739,7770
3,VID_20250114_145739,7780
3,VID_20250114_145739,7790
3,VID_20250114_145739,7800
3,VID_20250114_145739,7810
3,VID_20250114_145739,7820
3,VID_20250114_145739,7830
3,VID_20250114_145739,7840
3,VID_20250114_145739,7850
3,VID_20250114_145739,7860
3,VID_20250114_145739,7870
3,VID_20250114_145739,7880
3,VID_20250114_145739,7890
3,VID_20250114_145739,7900
3,VID_20250114_145739,7910
3,VID_20250114_145739,7920
3,VID_20250114_145739,7930
3,VID_20250114_145739,7940
3,VID_20250114_145739,7950
3,VID_20250114_145739,7960
3,VID_20250114_145739,7970
3,VID_20250114_145739,7980
3,VID_20250114_145739,7990
3,VID_20250114_145739,8000
3,VID_20250114_145739,8010
3,VID_20250114_145739,8020
3,VID_20250114_145739,8030
3,VID_20250114_145739,8040
3,VID_20250114_145739,8050
3,VID_20250114_145739,8060
0,video_20250114_120232,0
0,video_20250114_120232,10
0,video_20250114_120232,20
0,video_20250114_120232,30
0,video_20250114_120232,40
0,video_20250114_120232,50
0,video_20250114_120232,60
0,video_20250114_120232,70
0,video_20250114_120232,80
0,video_20250114_120232,90
0,video_20250114_120232,100
0,video_20250114_120232,110
0,video_20250114_120232,120
0,video_20250114_120232,130
0,video_20250114_120232,140
0,video_20250114_120232,150
0,video_20250114_120232,160
0,video_20250114_120232,170
0,video_20250114_120232,180
0,video_20250114_120232,190
0,video_20250114_120232,200
0,video_20250114_120232,210
0,video_20250114_120232,220
0,video_20250114_120232,230
0,video_20250114_120232,240
0,video_20250114_120232,250
0,video_20250114_120232,260
0,video_20250114_120232,270
0,video_20250114_120232,280
0,video_20250114_120232,290
0,video_20250114_120232,300
0,video_20250114_120232,310
0,video_20250114_120232,320
0,video_20250114_120232,330
0,video_20250114_120232,340
0,video_20250114_120232,350
0,video_20250114_120232,360
0,video_20250114_120232,370
0,video_20250114_120232,380
0,video_20250114_120232,390
0,video_20250114_120232,400
0,video_20250114_120232,410
0,video_20250114_120232,420
0,video_20250114_120232,430
0,video_20250114_120232,440
0,video_20250114_120232,450
0,video_20250114_120232,460
0,video_20250114_120232,470
0,video_20250114_120232,480
0,video_20250114_120232,490
0,video_20250114_120232,500
0,video_20250114_120232,510
0,video_20250114_120232,520
0,video_20250114_120232,530
0,video_20250114_120232,540
0,video_20250114_120232,550
0,video_20250114_120232,560
0,video_20250114_120232,570
0,video_20250114_120232,580
0,video_20250114_120232,590
0,video_20250114_120232,600
0,video_20250114_120232,610
0,video_20250114_120232,620
0,video_20250114_120232,630
0,video_20250114_120232,640
0,video_20250114_120232,650
0,video_20250114_120232,660
0,video_20250114_120232,670
0,video_20250114_120232,680
0,video_20250114_120232,690
0,video_20250114_120232,700
0,video_20250114_120232,710
0,video_20250114_120232,720
0,video_20250114_120232,730
0,video_20250114_120232,740
0,video_20250114_120232,750
0,video_20250114_120232,760
0,video_20250114_120232,770
0,video_20250114_120232,780
0,video_20250114_120232,790
0,video_20250114_120232,800
0,video_20250114_120232,810
0,video_20250114_120232,820
0,video_20250114_120232,830
0,video_20250114_120232,840
0,video_20250114_120232,850
0,video_20250114_120232,860
0,video_20250114_120232,870
0,video_20250114_120232,880
0,video_20250114_120232,890
0,video_20250114_120232,900
0,video_20250114_120232,910
0,video_20250114_120232,920
0,video_20250114_120232,930
0,video_20250114_120232,940
0,video_20250114_120232,950
0,video_20250114_120232,960
0,video_20250114_120232,970
0,video_20250114_120232,980
0,video_20250114_120232,990
0,video_20250114_120232,1000
0,video_20250114_120232,1010
0,video_20250114_120232,1020
0,video_20250114_120232,1030
0,video_20250114_120232,1040
0,video_20250114_120232,1050
0,video_20250114_120232,1060
0,video_20250114_120232,1070
0,video_20250114_120232,1080
0,video_20250114_120232,1090
0,video_20250114_120232,1100
0,video_20250114_120232,1110
0,video_20250114_120232,1120
0,video_20250114_120232,1130
0,video_20250114_120232,1140
0,video_20250114_120232,1150
0,video_20250114_120232,1160
0,video_20250114_120232,1170
0,video_20250114_120232,1180
0,video_20250114_120232,1190
0,video_20250114_120232,1200
0,video_20250114_120232,1210
0,video_20250114_120232,1220
0,video_20250114_120232,1230
0,video_20250114_120232,1240
0,video_20250114_120232,1250
0,video_20250114_120232,1260
0,video_20250114_120232,1270
0,video_20250114_120232,1280
0,video_20250114_120232,1290
0,video_20250114_120232,1300
0,video_20250114_120232,1310
0,video_20250114_120232,1320
0,video_20250114_120232,1330
0,video_20250114_120232,1340
0,video_20250114_120232,1350
0,video_20250114_120232,1360
0,video_20250114_120232,1370
0,video_20250114_120232,1380
0,video_20250114_120232,1390
0,video_20250114_120232,1400
0,video_20250114_120232,1410
0,video_20250114_120232,1420
0,video_20250114_120232,1430
0,video_20250114_120232,1440
0,video_20250114_120232,1450
0,video_20250114_120232,1460
0,video_20250114_120232,1470
0,video_20250114_120232,1480
0,video_20250114_120232,1490
0,video_20250114_120232,1500
0,video_20250114_120232,1510
0,video_20250114_120232,1520
0,video_20250114_120232,1530
0,video_20250114_120232,1540
0,video_20250114_120232,1550
0,video_20250114_120232,1560
0,video_20250114_120232,1570
0,video_20250114_120232,1580
0,video_20250114_120232,1590
0,video_20250114_120232,1600
0,video_20250114_120232,1610
0,video_20250114_120232,1620
0,video_20250114_120232,1630
0,video_20250114_120232,1640
0,video_20250114_120232,1650
0,video_20250114_120232,1660
0,video_20250114_120232,1670
0,video_20250114_120232,1680
0,video_20250114_120232,1690
0,video_20250114_120232,1700
0,video_20250114_120232,1710
0,video_20250114_120232,1720
0,video_20250114_120232,1730
0,video_20250114_120232,1740
0,video_20250114_120232,1750
0,video_20250114_120232,1760
0,video_20250114_120232,1770
0,video_20250114_120232,1780
0,video_20250114_120232,1790
0,video_20250114_120232,1800
0,video_20250114_120232,1810
0,video_20250114_120232,1820
0,video_20250114_120232,1830
0,video_20250114_120232,1840
0,video_20250114_120232,1850
0,video_20250114_120232,1860
0,video_20250114_120232,1870
0,video_20250114_120232,1880
0,video_20250114_120232,1890
0,video_20250114_120232,1900
0,video_20250114_120232,1910
0,video_20250114_120232,1920
0,video_20250114_120232,1930
0,video_20250114_120232,1940
0,video_20250114_120232,1950
0,video_20250114_120232,1960
0,video_20250114_120232,1970
0,video_20250114_120232,1980
0,video_20250114_120232,1990
0,video_20250114_120232,2000
0,video_20250114_120232,2010
0,video_20250114_120232,2020
0,video_20250114_120232,2030
0,video_20250114_120232,2040
0,video_20250114_120232,2050
0,video_20250114_120232,2060
0,video_20250114_120232,2070
0,video_20250114_120232,2080
0,video_20250114_120232,2090
0,video_20250114_120232,2100
0,video_20250114_120232,2110
0,video_20250114_120232,2120
0,video_20250114_120232,2130
0,video_20250114_120232,2140
0,video_20250114_120232,2150
0,video_20250114_120232,2160
0,video_20250114_120232,2170
0,video_20250114_120232,2180
0,video_20250114_120232,2190
0,video_20250114_120232,2200
0,video_20250114_120232,2210
0,video_20250114_120232,2220
0,video_20250114_120232,2230
0,video_20250114_120232,2240
0,video_20250114_120232,2250
0,video_20250114_120232,2260
0,video_20250114_120232,2270
0,video_20250114_120232,2280
0,video_20250114_120232,2290
0,video_20250114_120232,2300
0,video_20250114_120232,2310
0,video_20250114_120232,2320
0,video_20250114_120232,2330
0,video_20250114_120232,2340
0,video_20250114_120232,2350
0,video_20250114_120232,2360
0,video_20250114_120232,2370
0,video_20250114_120232,2380
0,video_20250114_120232,2390
0,video_20250114_120232,2400
0,video_20250114_120232,2410
0,video_20250114_120232,2420
0,video_20250114_120232,2430
0,video_20250114_120232,2440
0,video_20250114_120232,2450
0,video_20250114_120232,2460
0,video_20250114_120232,2470
0,video_20250114_120232,2480
0,video_20250114_120232,2490
0,video_20250114_120232,2500
0,video_20250114_120232,2510
0,video_20250114_120232,2520
0,video_20250114_120232,2530
0,video_20250114_120232,2540
0,video_20250114_120232,2550
0,video_20250114_120232,2560
0,video_20250114_120232,2570
0,video_20250114_120232,2580
0,video_20250114_120232,2590
0,video_20250114_120232,2600
0,video_20250114_120232,2610
0,video_20250114_120232,2620
0,video_20250114_120232,2630
0,video_20250114_120232,2640
0,video_20250114_120232,2650
0,video_20250114_120232,2660
0,video_20250114_120232,2670
0,video_20250114_120232,2680
0,video_20250114_120232,2690
0,video_20250114_120232,2700
0,video_20250114_120232,2710
0,video_20250114_120232,2720
0,video_20250114_120232,2730
0,video_20250114_120232,2740
0,video_20250114_120232,2750
0,video_20250114_120232,2760
0,video_20250114_120232,2770
0,video_20250114_120232,2780
0,video_20250114_120232,2790
0,video_20250114_120232,2800
0,video_20250114_120232,2810
0,video_20250114_120232,2820
0,video_20250114_120232,2830
0,video_20250114_120232,2840
0,video_20250114_120232,2850
0,video_20250114_120232,2860
0,video_20250114_120232,2870
0,video_20250114_120232,2880
0,video_20250114_120232,2890
0,video_20250114_120232,2900
0,video_20250114_120232,2910
0,video_20250114_120232,2920
0,video_20250114_120232,2930
0,video_20250114_120232,2940
0,video_20250114_120232,2950
0,video_20250114_120232,2960
0,video_20250114_120232,2970
0,video_20250114_120232,2980
0,video_20250114_120232,2990
0,video_20250114_120232,3000
0,video_20250114_120232,3010
0,video_20250114_120232,3020
0,video_20250114_120232,3030
0,video_20250114_120232,3040
0,video_20250114_120232,3050
0,video_20250114_120232,3060
0,video_20250114_120232,3070
0,video_20250114_120232,3080
0,video_20250114_120232,3090
0,video_20250114_120232,3100
0,video_20250114_120232,3110
0,video_20250114_120232,3120
0,video_20250114_120232,3130
0,video_20250114_120232,3140
0,video_20250114_120232,3150
0,video_20250114_120232,3160
0,video_20250114_120232,3170
0,video_20250114_120232,3180
0,video_20250114_120232,3190
0,video_20250114_120232,3200
0,video_20250114_120232,3210
0,video_20250114_120232,3220
0,video_20250114_120232,3230
0,video_20250114_120232,3240
0,video_20250114_120232,3250
0,video_20250114_120232,3260
0,video_20250114_120232,3270
0,video_20250114_120232,3280
0,video_20250114_120232,3290
0,video_20250114_120232,3300
0,video_20250114_120232,3310
0,video_20250114_120232,3320
0,video_20250114_120232,3330
0,video_20250114_120232,3340
0,video_20250114_120232,3350
0,video_20250114_120232,3360
0,video_20250114_120232,3370
0,video_20250114_120232,3380
0,video_20250114_120232,3390
0,video_20250114_120232,3400
0,video_20250114_120232,3410
0,video_20250114_120232,3420
0,video_20250114_120232,3430
0,video_20250114_120232,3440
0,video_20250114_120232,3450
0,video_20250114_120232,3460
0,video_20250114_120232,3470
0,video_20250114_120232,3480
0,video_20250114_120232,3490
0,video_20250114_120232,3500
0,video_20250114_120232,3510
0,video_20250114_120232,3520
0,video_20250114_120232,3530
0,video_20250114_120232,3540
0,video_20250114_120232,3550
0,video_20250114_120232,3560
0,video_20250114_120232,3570
0,video_20250114_120232,3580
0,video_20250114_120232,3590
0,video_20250114_120232,3600
0,video_20250114_120232,3610
0,video_20250114_120232,3620
0,video_20250114_120232,3630
0,video_20250114_120232,3640
0,video_20250114_120232,3650
0,video_20250114_120232,3660
0,video_20250114_120232,3670
0,video_20250114_120232,3680
0,video_20250114_120232,3690
0,video_20250114_120232,3700
0,video_20250114_120232,3710
0,video_20250114_120232,3720
0,video_20250114_120232,3730
0,video_20250114_120232,3740
0,video_20250114_120232,3750
0,video_20250114_120232,3760
0,video_20250114_120232,3770
0,video_20250114_120232,3780
0,video_20250114_120232,3790
0,video_20250114_120232,3800
0,video_20250114_120232,3810
0,video_20250114_120232,3820
0,video_20250114_120232,3830
0,video_20250114_120232,3840
0,video_20250114_120232,3850
0,video_20250114_120232,3860
0,video_20250114_120232,3870
0,video_20250114_120232,3880
0,video_20250114_120232,3890
0,video_20250114_120232,3900
0,video_20250114_120232,3910
0,video_20250114_120232,3920
0,video_20250114_120232,3930
0,video_20250114_120232,3940
0,video_20250114_120232,3950
0,video_20250114_120232,3960
0,video_20250114_120232,3970
0,video_20250114_120232,3980
0,video_20250114_120232,3990
0,video_20250114_120232,4000
0,video_20250114_120232,4010
0,video_20250114_120232,4020
0,video_20250114_120232,4030
0,video_20250114_120232,4040
0,video_20250114_120232,4050
0,video_20250114_120232,4060
0,video_20250114_120232,4070
0,video_20250114_120232,4080
0,video_20250114_120232,4090
0,video_20250114_120232,4100
0,video_20250114_120232,4110
0,video_20250114_120232,4120
0,video_20250114_120232,4130
0,video_20250114_120232,4140
0,video_20250114_120232,4150
0,video_20250114_120232,4160
0,video_20250114_120232,4170
0,video_20250114_120232,4180
0,video_20250114_120232,4190
0,video_20250114_120232,4200
0,video_20250114_120232,4210
0,video_20250114_120232,4220
0,video_20250114_120232,4230
0,video_20250114_120232,4240
0,video_20250114_120232,4250
0,video_20250114_120232,4260
0,video_20250114_120232,4270
0,video_20250114_120232,4280
0,video_20250114_120232,4290
0,video_20250114_120232,4300
0,video_20250114_120232,4310
0,video_20250114_120232,4320
0,video_20250114_120232,4330
0,video_20250114_120232,4340
0,video_20250114_120232,4350
0,video_20250114_120232,4360
0,video_20250114_120232,4370
0,video_20250114_120232,4380
0,video_20250114_120232,4390
0,video_20250114_120232,4400
0,video_20250114_120232,4410
0,video_20250114_120232,4420
0,video_20250114_120232,4430
0,video_20250114_120232,4440
0,video_20250114_120232,4450
0,video_20250114_120232,4460
0,video_20250114_120232,4470
0,video_20250114_120232,4480
0,video_20250114_120232,4490
0,video_20250114_120232,4500
0,video_20250114_120232,4510
0,video_20250114_120232,4520
0,video_20250114_120232,4530
0,video_20250114_120232,4540
0,video_20250114_120232,4550
0,video_20250114_120232,4560
0,video_20250114_120232,4570
3,video_20250114_120232,4600
3,video_20250114_120232,4610
3,video_20250114_120232,4620
3,video_20250114_120232,4630
3,video_20250114_120232,4640
3,video_20250114_120232,4650
3,video_20250114_120232,4660
3,video_20250114_120232,4670
3,video_20250114_120232,4680
3,video_20250114_120232,4690
3,video_20250114_120232,4700
3,video_20250114_120232,4710
3,video_20250114_120232,4720
3,video_20250114_120232,4730
3,video_20250114_120232,4740
3,video_20250114_120232,4750
3,video_20250114_120232,4760
3,video_20250114_120232,4770
3,video_20250114_120232,4780
3,video_20250114_120232,4790
0,video_20250114_122349,0
0,video_20250114_122349,10
0,video_20250114_122349,20
0,video_20250114_122349,30
0,video_20250114_122349,40
0,video_20250114_122349,50
0,video_20250114_122349,60
0,video_20250114_122349,70
0,video_20250114_122349,80
0,video_20250114_122349,90
0,video_20250114_122349,100
0,video_20250114_122349,110
0,video_20250114_122349,120
0,video_20250114_122349,130
0,video_20250114_122349,140
0,video_20250114_122349,150
0,video_20250114_122349,160
0,video_20250114_122349,170
0,video_20250114_122349,180
0,video_20250114_122349,190
0,video_20250114_122349,200
0,video_20250114_122349,210
0,video_20250114_122349,220
0,video_20250114_122349,230
0,video_20250114_122349,240
0,video_20250114_122349,250
0,video_20250114_122349,260
0,video_20250114_122349,270
0,video_20250114_122349,280
0,video_20250114_122349,290
0,video_20250114_122349,300
0,video_20250114_122349,310
0,video_20250114_122349,320
0,video_20250114_122349,330
0,video_20250114_122349,340
0,video_20250114_122349,350
0,video_20250114_122349,360
0,video_20250114_122349,370
0,video_20250114_122349,380
0,video_20250114_122349,390
0,video_20250114_122349,400
0,video_20250114_122349,410
0,video_20250114_122349,420
0,video_20250114_122349,430
0,video_20250114_122349,440
0,video_20250114_122349,450
0,video_20250114_122349,460
0,video_20250114_122349,470
0,video_20250114_122349,480
0,video_20250114_122349,490
0,video_20250114_122349,500
0,video_20250114_122349,510
0,video_20250114_122349,520
0,video_20250114_122349,530
0,video_20250114_122349,540
0,video_20250114_122349,550
0,video_20250114_122349,560
0,video_20250114_122349,570
0,video_20250114_122349,580
0,video_20250114_122349,590
0,video_20250114_122349,600
0,video_20250114_122349,610
0,video_20250114_122349,620
0,video_20250114_122349,630
0,video_20250114_122349,640
0,video_20250114_122349,650
0,video_20250114_122349,660
0,video_20250114_122349,670
0,video_20250114_122349,680
0,video_20250114_122349,690
0,video_20250114_122349,700
0,video_20250114_122349,710
0,video_20250114_122349,720
0,video_20250114_122349,730
0,video_20250114_122349,740
0,video_20250114_122349,750
0,video_20250114_122349,760
0,video_20250114_122349,770
0,video_20250114_122349,780
0,video_20250114_122349,790
0,video_20250114_122349,800
0,video_20250114_122349,810
0,video_20250114_122349,820
0,video_20250114_122349,830
0,video_20250114_122349,840
0,video_20250114_122349,850
0,video_20250114_122349,860
0,video_20250114_122349,870
0,video_20250114_122349,880
0,video_20250114_122349,890
0,video_20250114_122349,900
0,video_20250114_122349,910
0,video_20250114_122349,920
0,video_20250114_122349,930
0,video_20250114_122349,940
0,video_20250114_122349,950
0,video_20250114_122349,960
0,video_20250114_122349,970
0,video_20250114_122349,980
0,video_20250114_122349,990
0,video_20250114_122349,1000
0,video_20250114_122349,1010
0,video_20250114_122349,1020
0,video_20250114_122349,1030
0,video_20250114_122349,1040
0,video_20250114_122349,1050
0,video_20250114_122349,1060
0,video_20250114_122349,1070
0,video_20250114_122349,1080
0,video_20250114_122349,1090
0,video_20250114_122349,1100
0,video_20250114_122349,1110
0,video_20250114_122349,1120
0,video_20250114_122349,1130
0,video_20250114_122349,1140
0,video_20250114_122349,1150
0,video_20250114_122349,1160
0,video_20250114_122349,1170
0,video_20250114_122349,1180
0,video_20250114_122349,1190
0,video_20250114_122349,1200
0,video_20250114_122349,1210
0,video_20250114_122349,1220
0,video_20250114_122349,1230
0,video_20250114_122349,1240
0,video_20250114_122349,1250
0,video_20250114_122349,1260
0,video_20250114_122349,1270
0,video_20250114_122349,1280
0,video_20250114_122349,1290
0,video_20250114_122349,1300
0,video_20250114_122349,1310
0,video_20250114_122349,1320
0,video_20250114_122349,1330
0,video_20250114_122349,1340
0,video_20250114_122349,1350
0,video_20250114_122349,1360
0,video_20250114_122349,1370
0,video_20250114_122349,1380
0,video_20250114_122349,1390
0,video_20250114_122349,1400
0,video_20250114_122349,1410
0,video_20250114_122349,1420
0,video_20250114_122349,1430
0,video_20250114_122349,1440
0,video_20250114_122349,1450
0,video_20250114_122349,1460
0,video_20250114_122349,1470
0,video_20250114_122349,1480
0,video_20250114_122349,1490
0,video_20250114_122349,1500
0,video_20250114_122349,1510
0,video_20250114_122349,1520
0,video_20250114_122349,1530
0,video_20250114_122349,1540
0,video_20250114_122349,1550
0,video_20250114_122349,1560
0,video_20250114_122349,1570
0,video_20250114_122349,1580
0,video_20250114_122349,1590
0,video_20250114_122349,1600
0,video_20250114_122349,1610
0,video_20250114_122349,1620
0,video_20250114_122349,1630
0,video_20250114_122349,1640
0,video_20250114_122349,1650
0,video_20250114_122349,1660
0,video_20250114_122349,1670
0,video_20250114_122349,1680
0,video_20250114_122349,1690
0,video_20250114_122349,1700
0,video_20250114_122349,1710
0,video_20250114_122349,1720
0,video_20250114_122349,1730
0,video_20250114_122349,1740
0,video_20250114_122349,1750
0,video_20250114_122349,1760
0,video_20250114_122349,1770
0,video_20250114_122349,1780
0,video_20250114_122349,1790
0,video_20250114_122349,1800
0,video_20250114_122349,1810
0,video_20250114_122349,1820
0,video_20250114_122349,1830
0,video_20250114_122349,1840
0,video_20250114_122349,1850
0,video_20250114_122349,1860
0,video_20250114_122349,1870
0,video_20250114_122349,1880
0,video_20250114_122349,1890
0,video_20250114_122349,1900
0,video_20250114_122349,1910
0,video_20250114_122349,1920
0,video_20250114_122349,1930
0,video_20250114_122349,1940
0,video_20250114_122349,1950
0,video_20250114_122349,1960
0,video_20250114_122349,1970
0,video_20250114_122349,1980
0,video_20250114_122349,1990
0,video_20250114_122349,2000
0,video_20250114_122349,2010
0,video_20250114_122349,2020
0,video_20250114_122349,2030
0,video_20250114_122349,2040
0,video_20250114_122349,2050
0,video_20250114_122349,2060
0,video_20250114_122349,2070
0,video_20250114_122349,2080
0,video_20250114_122349,2090
0,video_20250114_122349,2100
0,video_20250114_122349,2110
0,video_20250114_122349,2120
0,video_20250114_122349,2130
0,video_20250114_122349,2140
0,video_20250114_122349,2150
0,video_20250114_122349,2160
0,video_20250114_122349,2170
0,video_20250114_122349,2180
0,video_20250114_122349,2190
0,video_20250114_122349,2200
0,video_20250114_122349,2210
0,video_20250114_122349,2220
0,video_20250114_122349,2230
0,video_20250114_122349,2240
0,video_20250114_122349,2250
0,video_20250114_122349,2260
0,video_20250114_122349,2270
0,video_20250114_122349,2280
0,video_20250114_122349,2290
0,video_20250114_122349,2300
0,video_20250114_122349,2310
0,video_20250114_122349,2320
0,video_20250114_122349,2330
0,video_20250114_122349,2340
0,video_20250114_122349,2350
0,video_20250114_122349,2360
0,video_20250114_122349,2370
0,video_20250114_122349,2380
0,video_20250114_122349,2390
0,video_20250114_122349,2400
0,video_20250114_122349,2410
0,video_20250114_122349,2420
0,video_20250114_122349,2430
0,video_20250114_122349,2440
0,video_20250114_122349,2450
0,video_20250114_122349,2460
0,video_20250114_122349,2470
0,video_20250114_122349,2480
0,video_20250114_122349,2490
0,video_20250114_122349,2500
0,video_20250114_122349,2510
0,video_20250114_122349,2520
0,video_20250114_122349,2530
0,video_20250114_122349,2540
0,video_20250114_122349,2550
0,video_20250114_122349,2560
0,video_20250114_122349,2570
0,video_20250114_122349,2580
0,video_20250114_122349,2590
0,video_20250114_122349,2600
0,video_20250114_122349,2610
0,video_20250114_122349,2620
0,video_20250114_122349,2630
0,video_20250114_122349,2640
0,video_20250114_122349,2650
0,video_20250114_122349,2660
0,video_20250114_122349,2670
0,video_20250114_122349,2680
0,video_20250114_122349,2690
0,video_20250114_122349,2700
0,video_20250114_122349,2710
0,video_20250114_122349,2720
0,video_20250114_122349,2730
0,video_20250114_122349,2740
0,video_20250114_122349,2750
0,video_20250114_122349,2760
0,video_20250114_122349,2770
0,video_20250114_122349,2780
0,video_20250114_122349,2790
0,video_20250114_122349,2800
0,video_20250114_122349,2810
0,video_20250114_122349,2820
0,video_20250114_122349,2830
0,video_20250114_122349,2840
0,video_20250114_122349,2850
0,video_20250114_122349,2860
0,video_20250114_122349,2870
0,video_20250114_122349,2880
0,video_20250114_122349,2890
0,video_20250114_122349,2900
0,video_20250114_122349,2910
0,video_20250114_122349,2920
0,video_20250114_122349,2930
0,video_20250114_122349,2940
0,video_20250114_122349,2950
0,video_20250114_122349,2960
0,video_20250114_122349,2970
0,video_20250114_122349,2980
0,video_20250114_122349,2990
0,video_20250114_122349,3000
0,video_20250114_122349,3010
0,video_20250114_122349,3020
0,video_20250114_122349,3030
0,video_20250114_122349,3040
0,video_20250114_122349,3050
0,video_20250114_122349,3060
0,video_20250114_122349,3070
0,video_20250114_122349,3080
0,video_20250114_122349,3090
0,video_20250114_122349,3100
0,video_20250114_122349,3110
0,video_20250114_122349,3120
0,video_20250114_122349,3130
0,video_20250114_122349,3140
0,video_20250114_122349,3150
0,video_20250114_122349,3160
0,video_20250114_122349,3170
0,video_20250114_122349,3180
0,video_20250114_122349,3190
0,video_20250114_122349,3200
0,video_20250114_122349,3210
0,video_20250114_122349,3220
0,video_20250114_122349,3230
0,video_20250114_122349,3240
0,video_20250114_122349,3250
0,video_20250114_122349,3260
0,video_20250114_122349,3270
0,video_20250114_122349,3280
0,video_20250114_122349,3290
0,video_20250114_122349,3300
0,video_20250114_122349,3310
0,video_20250114_122349,3320
0,video_20250114_122349,3330
0,video_20250114_122349,3340
0,video_20250114_122349,3350
0,video_20250114_122349,3360
0,video_20250114_122349,3370
0,video_20250114_122349,3380
0,video_20250114_122349,3390
0,video_20250114_122349,3400
0,video_20250114_122349,3410
0,video_20250114_122349,3420
0,video_20250114_122349,3430
0,video_20250114_122349,3440
0,video_20250114_122349,3450
0,video_20250114_122349,3460
0,video_20250114_122349,3470
0,video_20250114_122349,3480
0,video_20250114_122349,3490
0,video_20250114_122349,3500
0,video_20250114_122349,3510
0,video_20250114_122349,3520
0,video_20250114_122349,3530
0,video_20250114_122349,3540
0,video_20250114_122349,3550
0,video_20250114_122349,3560
0,video_20250114_122349,3570
0,video_20250114_122349,3580
0,video_20250114_122349,3590
0,video_20250114_122349,3600
0,video_20250114_122349,3610
0,video_20250114_122349,3620
0,video_20250114_122349,3630
0,video_20250114_122349,3640
0,video_20250114_122349,3650
0,video_20250114_122349,3660
0,video_20250114_122349,3670
0,video_20250114_122349,3680
0,video_20250114_122349,3690
0,video_20250114_122349,3700
0,video_20250114_122349,3710
0,video_20250114_122349,3720
0,video_20250114_122349,3730
0,video_20250114_122349,3740
0,video_20250114_122349,3750
0,video_20250114_122349,3760
0,video_20250114_122349,3770
0,video_20250114_122349,3780
0,video_20250114_122349,3790
0,video_20250114_122349,3800
0,video_20250114_122349,3810
0,video_20250114_122349,3820
0,video_20250114_122349,3830
0,video_20250114_122349,3840
0,video_20250114_122349,3850
0,video_20250114_122349,3860
0,video_20250114_122349,3870
0,video_20250114_122349,3880
0,video_20250114_122349,3890
0,video_20250114_122349,3900
0,video_20250114_122349,3910
0,video_20250114_122349,3920
0,video_20250114_122349,3930
0,video_20250114_122349,3940
0,video_20250114_122349,3950
0,video_20250114_122349,3960
0,video_20250114_122349,3970
0,video_20250114_122349,3980
0,video_20250114_122349,3990
0,video_20250114_122349,4000
0,video_20250114_122349,4010
0,video_20250114_122349,4020
0,video_20250114_122349,4030
0,video_20250114_122349,4040
0,video_20250114_122349,4050
0,video_20250114_122349,4060
0,video_20250114_122349,4070
0,video_20250114_122349,4080
0,video_20250114_122349,4090
0,video_20250114_122349,4100
0,video_20250114_122349,4110
0,video_20250114_122349,4120
0,video_20250114_122349,4130
0,video_20250114_122349,4140
0,video_20250114_122349,4150
0,video_20250114_122349,4160
0,video_20250114_122349,4170
0,video_20250114_122349,4180
0,video_20250114_122349,4190
0,video_20250114_122349,4200
0,video_20250114_122349,4220
0,video_20250114_122349,4230
0,video_20250114_122349,4240
0,video_20250114_122349,4250
0,video_20250114_122349,4300
0,video_20250114_122349,4310
0,video_20250114_122349,4320
0,video_20250114_122349,4330
0,video_20250114_122349,4340
0,video_20250114_122349,4350
0,video_20250114_122349,4360
0,video_20250114_122349,4370
0,video_20250114_122349,4380
0,video_20250114_122349,4390
0,video_20250114_122349,4400
0,video_20250114_122349,4410
0,video_20250114_122349,4420
0,video_20250114_122349,4430
0,video_20250114_122349,4440
0,video_20250114_122349,4450
0,video_20250114_122349,4460
0,video_20250114_122349,4470
0,video_20250114_122349,4480
0,video_20250114_122349,4490
0,video_20250114_122349,4500
0,video_20250114_122349,4510
0,video_20250114_122349,4520
0,video_20250114_122349,4530
0,video_20250114_122349,4540
0,video_20250114_122349,4550
0,video_20250114_122349,4560
0,video_20250114_122349,4570
0,video_20250114_122349,4580
0,video_20250114_122349,4590
0,video_20250114_122349,4600
0,video_20250114_122349,4610
0,video_20250114_122349,4690
0,video_20250114_122349,4700
0,video_20250114_122349,4710
0,video_20250114_122349,4720
0,video_20250114_122349,4730
0,video_20250114_122349,4740
0,video_20250114_122349,4750
0,video_20250114_122349,4760
0,video_20250114_122349,4770
0,video_20250114_122349,4780
0,video_20250114_122349,4790
0,video_20250114_122349,4800
0,video_20250114_122349,4810
0,video_20250114_122349,4820
0,video_20250114_122349,4830
2,video_20250114_122349,4940
2,video_20250114_122349,4950
2,video_20250114_122349,4960
2,video_20250114_122349,4970
2,video_20250114_122349,4980
2,video_20250114_122349,4990
2,video_20250114_122349,5000
2,video_20250114_122349,5010
2,video_20250114_122349,5020
2,video_20250114_122349,5030
2,video_20250114_122349,5040
2,video_20250114_122349,5050
2,video_20250114_122349,5060
2,video_20250114_122349,5070
2,video_20250114_122349,5080
2,video_20250114_122349,5090
2,video_20250114_122349,5100
2,video_20250114_122349,5110
2,video_20250114_122349,5120
2,video_20250114_122349,5130
2,video_20250114_122349,5140
2,video_20250114_122349,5150
2,video_20250114_122349,5160
2,video_20250114_122349,5170
2,video_20250114_122349,5180
2,video_20250114_122349,5190
2,video_20250114_122349,5200
2,video_20250114_122349,5210
2,video_20250114_122349,5220
2,video_20250114_122349,5230
2,video_20250114_122349,5240
2,video_20250114_122349,5250
2,video_20250114_122349,5260
2,video_20250114_122349,5270
2,video_20250114_122349,5280
2,video_20250114_122349,5290
2,video_20250114_122349,5300
2,video_20250114_122349,5310
2,video_20250114_122349,5320
2,video_20250114_122349,5330
2,video_20250114_122349,5340
2,video_20250114_122349,5350
2,video_20250114_122349,5360
2,video_20250114_122349,5370
2,video_20250114_122349,5380
2,video_20250114_122349,5390
2,video_20250114_122349,5400
2,video_20250114_122349,5410
2,video_20250114_122349,5420
2,video_20250114_122349,5430
2,video_20250114_122349,5440
2,video_20250114_122349,5450
2,video_20250114_122349,5460
2,video_20250114_122349,5470
2,video_20250114_122349,5480
2,video_20250114_122349,5490
2,video_20250114_122349,5500
2,video_20250114_122349,5510
2,video_20250114_122349,5520
2,video_20250114_122349,5530
2,video_20250114_122349,5540
3,video_20250114_122349,4840
3,video_20250114_122349,4850
3,video_20250114_122349,4860
3,video_20250114_122349,4870
3,video_20250114_122349,4880
3,video_20250114_122349,4890
3,video_20250114_122349,4900
3,video_20250114_122349,4910
0,video_20250114_123706,0
0,video_20250114_123706,10
0,video_20250114_123706,20
0,video_20250114_123706,30
0,video_20250114_123706,40
0,video_20250114_123706,50
0,video_20250114_123706,60
0,video_20250114_123706,70
0,video_20250114_123706,80
0,video_20250114_123706,90
0,video_20250114_123706,100
0,video_20250114_123706,110
0,video_20250114_123706,120
0,video_20250114_123706,130
0,video_20250114_123706,140
0,video_20250114_123706,150
0,video_20250114_123706,160
0,video_20250114_123706,170
0,video_20250114_123706,180
0,video_20250114_123706,190
0,video_20250114_123706,200
0,video_20250114_123706,210
0,video_20250114_123706,220
0,video_20250114_123706,230
0,video_20250114_123706,240
0,video_20250114_123706,250
0,video_20250114_123706,260
0,video_20250114_123706,270
0,video_20250114_123706,280
0,video_20250114_123706,290
0,video_20250114_123706,300
0,video_20250114_123706,310
0,video_20250114_123706,320
0,video_20250114_123706,330
0,video_20250114_123706,340
0,video_20250114_123706,350
0,video_20250114_123706,360
0,video_20250114_123706,370
0,video_20250114_123706,380
0,video_20250114_123706,390
0,video_20250114_123706,400
0,video_20250114_123706,410
0,video_20250114_123706,420
0,video_20250114_123706,430
0,video_20250114_123706,440
0,video_20250114_123706,450
0,video_20250114_123706,460
0,video_20250114_123706,470
0,video_20250114_123706,480
0,video_20250114_123706,490
0,video_20250114_123706,500
0,video_20250114_123706,510
0,video_20250114_123706,520
0,video_20250114_123706,530
0,video_20250114_123706,540
0,video_20250114_123706,550
0,video_20250114_123706,560
0,video_20250114_123706,570
0,video_20250114_123706,580
0,video_20250114_123706,590
0,video_20250114_123706,600
0,video_20250114_123706,610
0,video_20250114_123706,620
0,video_20250114_123706,630
0,video_20250114_123706,640
0,video_20250114_123706,650
0,video_20250114_123706,660
0,video_20250114_123706,670
0,video_20250114_123706,680
0,video_20250114_123706,690
0,video_20250114_123706,700
0,video_20250114_123706,710
0,video_20250114_123706,720
0,video_20250114_123706,730
0,video_20250114_123706,740
0,video_20250114_123706,750
0,video_20250114_123706,760
0,video_20250114_123706,770
0,video_20250114_123706,780
0,video_20250114_123706,790
0,video_20250114_123706,800
0,video_20250114_123706,810
0,video_20250114_123706,820
0,video_20250114_123706,830
0,video_20250114_123706,840
0,video_20250114_123706,850
0,video_20250114_123706,860
0,video_20250114_123706,870
0,video_20250114_123706,880
0,video_20250114_123706,890
0,video_20250114_123706,900
0,video_20250114_123706,910
0,video_20250114_123706,920
0,video_20250114_123706,930
0,video_20250114_123706,940
0,video_20250114_123706,950
0,video_20250114_123706,960
0,video_20250114_123706,970
0,video_20250114_123706,980
0,video_20250114_123706,990
0,video_20250114_123706,1000
0,video_20250114_123706,1010
0,video_20250114_123706,1020
0,video_20250114_123706,1030
0,video_20250114_123706,1040
0,video_20250114_123706,1050
0,video_20250114_123706,1060
0,video_20250114_123706,1070
0,video_20250114_123706,1080
0,video_20250114_123706,1090
0,video_20250114_123706,1100
0,video_20250114_123706,1110
0,video_20250114_123706,1120
0,video_20250114_123706,1130
0,video_20250114_123706,1140
0,video_20250114_123706,1150
0,video_20250114_123706,1160
0,video_20250114_123706,1170
0,video_20250114_123706,1180
0,video_20250114_123706,1190
0,video_20250114_123706,1200
0,video_20250114_123706,1210
0,video_20250114_123706,1220
0,video_20250114_123706,1230
0,video_20250114_123706,1240
0,video_20250114_123706,1250
0,video_20250114_123706,1260
0,video_20250114_123706,1270
0,video_20250114_123706,1280
0,video_20250114_123706,1290
0,video_20250114_123706,1300
0,video_20250114_123706,1310
0,video_20250114_123706,1320
0,video_20250114_123706,1330
0,video_20250114_123706,1340
0,video_20250114_123706,1350
0,video_20250114_123706,1360
0,video_20250114_123706,1370
0,video_20250114_123706,1380
0,video_20250114_123706,1390
0,video_20250114_123706,1400
0,video_20250114_123706,1410
0,video_20250114_123706,1420
0,video_20250114_123706,1430
0,video_20250114_123706,1440
0,video_20250114_123706,1450
0,video_20250114_123706,1460
0,video_20250114_123706,1470
0,video_20250114_123706,1480
0,video_20250114_123706,1490
0,video_20250114_123706,1500
0,video_20250114_123706,1510
0,video_20250114_123706,1520
0,video_20250114_123706,1530
0,video_20250114_123706,1540
0,video_20250114_123706,1550
0,video_20250114_123706,1560
0,video_20250114_123706,1570
0,video_20250114_123706,1580
0,video_20250114_123706,1590
0,video_20250114_123706,1600
0,video_20250114_123706,1610
0,video_20250114_123706,1620
0,video_20250114_123706,1630
0,video_20250114_123706,1640
0,video_20250114_123706,1650
0,video_20250114_123706,1660
0,video_20250114_123706,1670
0,video_20250114_123706,1680
0,video_20250114_123706,1690
0,video_20250114_123706,1700
0,video_20250114_123706,1710
0,video_20250114_123706,1720
0,video_20250114_123706,1730
0,video_20250114_123706,1740
0,video_20250114_123706,1750
0,video_20250114_123706,1760
0,video_20250114_123706,1770
0,video_20250114_123706,1780
0,video_20250114_123706,1790
0,video_20250114_123706,1800
0,video_20250114_123706,1810
0,video_20250114_123706,1820
0,video_20250114_123706,1830
0,video_20250114_123706,1840
0,video_20250114_123706,1850
0,video_20250114_123706,1860
0,video_20250114_123706,1870
0,video_20250114_123706,1880
0,video_20250114_123706,1890
0,video_20250114_123706,1900
0,video_20250114_123706,1910
0,video_20250114_123706,1920
0,video_20250114_123706,1930
0,video_20250114_123706,1940
0,video_20250114_123706,1950
0,video_20250114_123706,1960
0,video_20250114_123706,1970
0,video_20250114_123706,1980
0,video_20250114_123706,1990
0,video_20250114_123706,2000
0,video_20250114_123706,2010
0,video_20250114_123706,2020
0,video_20250114_123706,2030
0,video_20250114_123706,2040
0,video_20250114_123706,2050
0,video_20250114_123706,2060
0,video_20250114_123706,2070
0,video_20250114_123706,2080
0,video_20250114_123706,2090
0,video_20250114_123706,2100
0,video_20250114_123706,2110
0,video_20250114_123706,2120
0,video_20250114_123706,2130
0,video_20250114_123706,2140
0,video_20250114_123706,2150
0,video_20250114_123706,2160
0,video_20250114_123706,2170
0,video_20250114_123706,2180
0,video_20250114_123706,2190
0,video_20250114_123706,2200
0,video_20250114_123706,2210
0,video_20250114_123706,2220
0,video_20250114_123706,2230
0,video_20250114_123706,2240
0,video_20250114_123706,2250
0,video_20250114_123706,2260
0,video_20250114_123706,2270
0,video_20250114_123706,2280
0,video_20250114_123706,2290
0,video_20250114_123706,2300
0,video_20250114_123706,2310
0,video_20250114_123706,2320
0,video_20250114_123706,2330
0,video_20250114_123706,2340
0,video_20250114_123706,2350
0,video_20250114_123706,2360
0,video_20250114_123706,2370
0,video_20250114_123706,2380
0,video_20250114_123706,2390
0,video_20250114_123706,2400
0,video_20250114_123706,2410
0,video_20250114_123706,2420
0,video_20250114_123706,2430
0,video_20250114_123706,2440
0,video_20250114_123706,2450
0,video_20250114_123706,2460
0,video_20250114_123706,2470
0,video_20250114_123706,2480
0,video_20250114_123706,2490
0,video_20250114_123706,2500
0,video_20250114_123706,2510
0,video_20250114_123706,2520
0,video_20250114_123706,2530
0,video_20250114_123706,2540
0,video_20250114_123706,2550
0,video_20250114_123706,2560
0,video_20250114_123706,2570
0,video_20250114_123706,2580
0,video_20250114_123706,2590
0,video_20250114_123706,2600
0,video_20250114_123706,2610
0,video_20250114_123706,2620
0,video_20250114_123706,2630
0,video_20250114_123706,2640
0,video_20250114_123706,2650
0,video_20250114_123706,2660
0,video_20250114_123706,2670
0,video_20250114_123706,2680
0,video_20250114_123706,2690
0,video_20250114_123706,2700
0,video_20250114_123706,2710
0,video_20250114_123706,2720
0,video_20250114_123706,2730
0,video_20250114_123706,2740
0,video_20250114_123706,2750
0,video_20250114_123706,2760
0,video_20250114_123706,2770
0,video_20250114_123706,2780
0,video_20250114_123706,2790
0,video_20250114_123706,2800
0,video_20250114_123706,2810
0,video_20250114_123706,2820
0,video_20250114_123706,2830
0,video_20250114_123706,2840
0,video_20250114_123706,2850
0,video_20250114_123706,2860
0,video_20250114_123706,2870
0,video_20250114_123706,2880
0,video_20250114_123706,2890
0,video_20250114_123706,2900
0,video_20250114_123706,2910
0,video_20250114_123706,2920
0,video_20250114_123706,2930
0,video_20250114_123706,2940
0,video_20250114_123706,2950
0,video_20250114_123706,2960
0,video_20250114_123706,2970
0,video_20250114_123706,2980
0,video_20250114_123706,2990
0,video_20250114_123706,3000
0,video_20250114_123706,3010
0,video_20250114_123706,3020
0,video_20250114_123706,3030
0,video_20250114_123706,3040
0,video_20250114_123706,3050
0,video_20250114_123706,3060
0,video_20250114_123706,3070
0,video_20250114_123706,3080
1,video_20250114_123706,3120
1,video_20250114_123706,3130
1,video_20250114_123706,3140
1,video_20250114_123706,3150
1,video_20250114_123706,3160
1,video_20250114_123706,3170
1,video_20250114_123706,3180
1,video_20250114_123706,3190
1,video_20250114_123706,3200
1,video_20250114_123706,3210
1,video_20250114_123706,3220
1,video_20250114_123706,3230
1,video_20250114_123706,3240
1,video_20250114_123706,3250
1,video_20250114_123706,3260
1,video_20250114_123706,3270
1,video_20250114_123706,3280
1,video_20250114_123706,3290
1,video_20250114_123706,3300
1,video_20250114_123706,3310
1,video_20250114_123706,3320
1,video_20250114_123706,3330
1,video_20250114_123706,3340
1,video_20250114_123706,3350
1,video_20250114_123706,3360
1,video_20250114_123706,3370
1,video_20250114_123706,3380
1,video_20250114_123706,3390
1,video_20250114_123706,3400
1,video_20250114_123706,3410
1,video_20250114_123706,3420
1,video_20250114_123706,3430
1,video_20250114_123706,3440
1,video_20250114_123706,3450
1,video_20250114_123706,3460
1,video_20250114_123706,3470
1,video_20250114_123706,3480
1,video_20250114_123706,3490
1,video_20250114_123706,3500
1,video_20250114_123706,3510
1,video_20250114_123706,3520
1,video_20250114_123706,3530
1,video_20250114_123706,3540
1,video_20250114_123706,3550
1,video_20250114_123706,3560
1,video_20250114_123706,3570
1,video_20250114_123706,3580
1,video_20250114_123706,3590
1,video_20250114_123706,3600
1,video_20250114_123706,3610
1,video_20250114_123706,3620
1,video_20250114_123706,3630
1,video_20250114_123706,3640
1,video_20250114_123706,3650
1,video_20250114_123706,3660
1,video_20250114_123706,3670
1,video_20250114_123706,3680
1,video_20250114_123706,3690
1,video_20250114_123706,3700
1,video_20250114_123706,3710
1,video_20250114_123706,3720
1,video_20250114_123706,3730
1,video_20250114_123706,3740
1,video_20250114_123706,3750
1,video_20250114_123706,3760
1,video_20250114_123706,3770
1,video_20250114_123706,3780
1,video_20250114_123706,3790
1,video_20250114_123706,3800
1,video_20250114_123706,3810
1,video_20250114_123706,3820
1,video_20250114_123706,3830
1,video_20250114_123706,3840
1,video_20250114_123706,3850
1,video_20250114_123706,3860
1,video_20250114_123706,3870
1,video_20250114_123706,3880
1,video_20250114_123706,3890
1,video_20250114_123706,3900
1,video_20250114_123706,3910
1,video_20250114_123706,4220
1,video_20250114_123706,4230
1,video_20250114_123706,4240
1,video_20250114_123706,4250
1,video_20250114_123706,4260
1,video_20250114_123706,4270
1,video_20250114_123706,4280
1,video_20250114_123706,4290
1,video_20250114_123706,4300
1,video_20250114_123706,4310
1,video_20250114_123706,4320
1,video_20250114_123706,4330
1,video_20250114_123706,4340
1,video_20250114_123706,4350
1,video_20250114_123706,4360
1,video_20250114_123706,4370
2,video_20250114_123706,4460
2,video_20250114_123706,4470
2,video_20250114_123706,4480
2,video_20250114_123706,4490
2,video_20250114_123706,4500
2,video_20250114_123706,4510
2,video_20250114_123706,4520
2,video_20250114_123706,4530
2,video_20250114_123706,4540
2,video_20250114_123706,4550
2,video_20250114_123706,4560
2,video_20250114_123706,4570
2,video_20250114_123706,4580
2,video_20250114_123706,4590
2,video_20250114_123706,4600
2,video_20250114_123706,4610
2,video_20250114_123706,4620
2,video_20250114_123706,4630
2,video_20250114_123706,4640
2,video_20250114_123706,4650
2,video_20250114_123706,4660
2,video_20250114_123706,4670
2,video_20250114_123706,4680
2,video_20250114_123706,4690
2,video_20250114_123706,4700
2,video_20250114_123706,4710
2,video_20250114_123706,4720
2,video_20250114_123706,4730
2,video_20250114_123706,4740
2,video_20250114_123706,4750
2,video_20250114_123706,4760
2,video_20250114_123706,4770
2,video_20250114_123706,4780
2,video_20250114_123706,4790
2,video_20250114_123706,4800
2,video_20250114_123706,4810
2,video_20250114_123706,4820
2,video_20250114_123706,4830
2,video_20250114_123706,4840
2,video_20250114_123706,4850
2,video_20250114_123706,4860
2,video_20250114_123706,4870
2,video_20250114_123706,4880
2,video_20250114_123706,4890
2,video_20250114_123706,4900
2,video_20250114_123706,4910
2,video_20250114_123706,4920
2,video_20250114_123706,4930
2,video_20250114_123706,4940
2,video_20250114_123706,4950
2,video_20250114_123706,4960
2,video_20250114_123706,4970
2,video_20250114_123706,4980
2,video_20250114_123706,4990
2,video_20250114_123706,5000
2,video_20250114_123706,5010
2,video_20250114_123706,5020
2,video_20250114_123706,5030
2,video_20250114_123706,5040
2,video_20250114_123706,5050
2,video_20250114_123706,5060
2,video_20250114_123706,5070
2,video_20250114_123706,5080
2,video_20250114_123706,5090
2,video_20250114_123706,5100
2,video_20250114_123706,5110
2,video_20250114_123706,5120
2,video_20250114_123706,5130
2,video_20250114_123706,5140
2,video_20250114_123706,5150
2,video_20250114_123706,5160
2,video_20250114_123706,5170
2,video_20250114_123706,5180
2,video_20250114_123706,5190
2,video_20250114_123706,5200
2,video_20250114_123706,5210
2,video_20250114_123706,5220
2,video_20250114_123706,5230
2,video_20250114_123706,5240
2,video_20250114_123706,5250
2,video_20250114_123706,5260
2,video_20250114_123706,5270
2,video_20250114_123706,5280
2,video_20250114_123706,5290
2,video_20250114_123706,5300
2,video_20250114_123706,5310
2,video_20250114_123706,5320
2,video_20250114_123706,5330
2,video_20250114_123706,5340
2,video_20250114_123706,5350
2,video_20250114_123706,5360
2,video_20250114_123706,5370
2,video_20250114_123706,5380
2,video_20250114_123706,5390
2,video_20250114_123706,5400
2,video_20250114_123706,5410
2,video_20250114_123706,5420
2,video_20250114_123706,5430
2,video_20250114_123706,5440
2,video_20250114_123706,5450
2,video_20250114_123706,5460
2,video_20250114_123706,5470
2,video_20250114_123706,5480
2,video_20250114_123706,5490
2,video_20250114_123706,5500
2,video_20250114_123706,5510
2,video_20250114_123706,5520
2,video_20250114_123706,5530
2,video_20250114_123706,5540
2,video_20250114_123706,5550
2,video_20250114_123706,5560
2,video_20250114_123706,5570
2,video_20250114_123706,5580
2,video_20250114_123706,5590
2,video_20250114_123706,5600
2,video_20250114_123706,5610
2,video_20250114_123706,5620
2,video_20250114_123706,5630
2,video_20250114_123706,5640
2,video_20250114_123706,5650
2,video_20250114_123706,5660
2,video_20250114_123706,5670
2,video_20250114_123706,5680
2,video_20250114_123706,5690
2,video_20250114_123706,5700
3,video_20250114_123706,4380
3,video_20250114_123706,4390
3,video_20250114_123706,4400
3,video_20250114_123706,4410
3,video_20250114_123706,4420
0,video_20250114_125414,0
0,video_20250114_125414,10
0,video_20250114_125414,20
0,video_20250114_125414,30
0,video_20250114_125414,40
0,video_20250114_125414,50
0,video_20250114_125414,60
0,video_20250114_125414,70
0,video_20250114_125414,80
0,video_20250114_125414,90
0,video_20250114_125414,100
0,video_20250114_125414,110
0,video_20250114_125414,120
0,video_20250114_125414,130
0,video_20250114_125414,140
0,video_20250114_125414,150
0,video_20250114_125414,160
0,video_20250114_125414,170
0,video_20250114_125414,180
0,video_20250114_125414,190
0,video_20250114_125414,200
0,video_20250114_125414,210
0,video_20250114_125414,220
0,video_20250114_125414,230
0,video_20250114_125414,240
0,video_20250114_125414,250
0,video_20250114_125414,260
0,video_20250114_125414,270
0,video_20250114_125414,280
0,video_20250114_125414,290
0,video_20250114_125414,300
0,video_20250114_125414,310
0,video_20250114_125414,320
0,video_20250114_125414,330
0,video_20250114_125414,340
0,video_20250114_125414,350
0,video_20250114_125414,360
0,video_20250114_125414,370
0,video_20250114_125414,380
0,video_20250114_125414,390
0,video_20250114_125414,400
0,video_20250114_125414,410
0,video_20250114_125414,420
0,video_20250114_125414,430
0,video_20250114_125414,440
0,video_20250114_125414,450
0,video_20250114_125414,460
0,video_20250114_125414,470
0,video_20250114_125414,480
0,video_20250114_125414,490
0,video_20250114_125414,500
0,video_20250114_125414,510
0,video_20250114_125414,520
0,video_20250114_125414,530
0,video_20250114_125414,540
0,video_20250114_125414,550
0,video_20250114_125414,560
0,video_20250114_125414,570
0,video_20250114_125414,580
0,video_20250114_125414,590
0,video_20250114_125414,600
0,video_20250114_125414,610
0,video_20250114_125414,620
0,video_20250114_125414,630
0,video_20250114_125414,640
0,video_20250114_125414,650
0,video_20250114_125414,660
0,video_20250114_125414,670
0,video_20250114_125414,680
0,video_20250114_125414,690
0,video_20250114_125414,700
0,video_20250114_125414,710
0,video_20250114_125414,720
0,video_20250114_125414,730
0,video_20250114_125414,740
0,video_20250114_125414,750
0,video_20250114_125414,760
0,video_20250114_125414,770
0,video_20250114_125414,780
0,video_20250114_125414,790
0,video_20250114_125414,800
0,video_20250114_125414,810
0,video_20250114_125414,820
0,video_20250114_125414,830
0,video_20250114_125414,840
0,video_20250114_125414,850
0,video_20250114_125414,860
0,video_20250114_125414,870
0,video_20250114_125414,880
0,video_20250114_125414,890
0,video_20250114_125414,900
0,video_20250114_125414,910
0,video_20250114_125414,920
0,video_20250114_125414,930
0,video_20250114_125414,940
0,video_20250114_125414,950
0,video_20250114_125414,960
0,video_20250114_125414,970
0,video_20250114_125414,980
0,video_20250114_125414,990
0,video_20250114_125414,1000
0,video_20250114_125414,1010
0,video_20250114_125414,1020
0,video_20250114_125414,1030
0,video_20250114_125414,1040
0,video_20250114_125414,1050
0,video_20250114_125414,1060
0,video_20250114_125414,1070
0,video_20250114_125414,1080
0,video_20250114_125414,1090
0,video_20250114_125414,1100
0,video_20250114_125414,1110
0,video_20250114_125414,1120
0,video_20250114_125414,1130
0,video_20250114_125414,1140
0,video_20250114_125414,1150
0,video_20250114_125414,1160
0,video_20250114_125414,1170
0,video_20250114_125414,1180
0,video_20250114_125414,1190
0,video_20250114_125414,1200
0,video_20250114_125414,1210
0,video_20250114_125414,1220
0,video_20250114_125414,1230
0,video_20250114_125414,1240
0,video_20250114_125414,1250
0,video_20250114_125414,1260
0,video_20250114_125414,1270
0,video_20250114_125414,1280
0,video_20250114_125414,1290
0,video_20250114_125414,1300
0,video_20250114_125414,1310
0,video_20250114_125414,1320
0,video_20250114_125414,1330
0,video_20250114_125414,1340
0,video_20250114_125414,1350
0,video_20250114_125414,1360
0,video_20250114_125414,1370
0,video_20250114_125414,1380
0,video_20250114_125414,1390
0,video_20250114_125414,1400
0,video_20250114_125414,1410
0,video_20250114_125414,1420
0,video_20250114_125414,1430
0,video_20250114_125414,1440
0,video_20250114_125414,1450
0,video_20250114_125414,1460
0,video_20250114_125414,1470
0,video_20250114_125414,1480
0,video_20250114_125414,1490
0,video_20250114_125414,1500
0,video_20250114_125414,1510
0,video_20250114_125414,1520
0,video_20250114_125414,1530
0,video_20250114_125414,1540
0,video_20250114_125414,1550
0,video_20250114_125414,1560
0,video_20250114_125414,1570
0,video_20250114_125414,1580
0,video_20250114_125414,1590
0,video_20250114_125414,1600
0,video_20250114_125414,1610
0,video_20250114_125414,1620
0,video_20250114_125414,1630
0,video_20250114_125414,1640
0,video_20250114_125414,1650
0,video_20250114_125414,1660
0,video_20250114_125414,1670
1,video_20250114_125414,1700
1,video_20250114_125414,1710
1,video_20250114_125414,1720
1,video_20250114_125414,1730
1,video_20250114_125414,1740
1,video_20250114_125414,1750
1,video_20250114_125414,1760
1,video_20250114_125414,1770
1,video_20250114_125414,1780
1,video_20250114_125414,1790
1,video_20250114_125414,1800
1,video_20250114_125414,1810
1,video_20250114_125414,1820
1,video_20250114_125414,1830
1,video_20250114_125414,1840
1,video_20250114_125414,1850
1,video_20250114_125414,1860
1,video_20250114_125414,1870
1,video_20250114_125414,1880
1,video_20250114_125414,1890
1,video_20250114_125414,1900
1,video_20250114_125414,1910
1,video_20250114_125414,1920
1,video_20250114_125414,1930
1,video_20250114_125414,1940
1,video_20250114_125414,1950
1,video_20250114_125414,1960
1,video_20250114_125414,1970
1,video_20250114_125414,1980
1,video_20250114_125414,1990
1,video_20250114_125414,2000
1,video_20250114_125414,2010
1,video_20250114_125414,2020
1,video_20250114_125414,2030
1,video_20250114_125414,2040
1,video_20250114_125414,2050
1,video_20250114_125414,2060
1,video_20250114_125414,2070
1,video_20250114_125414,2080
1,video_20250114_125414,2090
1,video_20250114_125414,2100
1,video_20250114_125414,2110
1,video_20250114_125414,2120
1,video_20250114_125414,2130
1,video_20250114_125414,2140
1,video_20250114_125414,2150
1,video_20250114_125414,2160
1,video_20250114_125414,2170
1,video_20250114_125414,2180
1,video_20250114_125414,2190
1,video_20250114_125414,2200
1,video_20250114_125414,2210
1,video_20250114_125414,2220
1,video_20250114_125414,2230
1,video_20250114_125414,2240
1,video_20250114_125414,2250
1,video_20250114_125414,2260
1,video_20250114_125414,2270
1,video_20250114_125414,2280
1,video_20250114_125414,2290
1,video_20250114_125414,2300
1,video_20250114_125414,2310
1,video_20250114_125414,2320
1,video_20250114_125414,2330
1,video_20250114_125414,2340
1,video_20250114_125414,2350
1,video_20250114_125414,2360
1,video_20250114_125414,2370
1,video_20250114_125414,2380
1,video_20250114_125414,2390
1,video_20250114_125414,2400
1,video_20250114_125414,2410
1,video_20250114_125414,2420
1,video_20250114_125414,2430
1,video_20250114_125414,2440
1,video_20250114_125414,2450
1,video_20250114_125414,2460
1,video_20250114_125414,2470
1,video_20250114_125414,2480
1,video_20250114_125414,2490
1,video_20250114_125414,2500
1,video_20250114_125414,2510
1,video_20250114_125414,2520
1,video_20250114_125414,2530
1,video_20250114_125414,2540
1,video_20250114_125414,2550
1,video_20250114_125414,2560
1,video_20250114_125414,2570
1,video_20250114_125414,2580
1,video_20250114_125414,2590
1,video_20250114_125414,2600
1,video_20250114_125414,2610
1,video_20250114_125414,2620
1,video_20250114_125414,2630
1,video_20250114_125414,2640
1,video_20250114_125414,2650
1,video_20250114_125414,2660
1,video_20250114_125414,2670
1,video_20250114_125414,2680
1,video_20250114_125414,2690
1,video_20250114_125414,2700
1,video_20250114_125414,2710
1,video_20250114_125414,2720
1,video_20250114_125414,2730
1,video_20250114_125414,2740
1,video_20250114_125414,2750
1,video_20250114_125414,2760
1,video_20250114_125414,2770
1,video_20250114_125414,2780
1,video_20250114_125414,2790
1,video_20250114_125414,2800
1,video_20250114_125414,2810
1,video_20250114_125414,2820
1,video_20250114_125414,2830
1,video_20250114_125414,2840
1,video_20250114_125414,2850
1,video_20250114_125414,2860
1,video_20250114_125414,2870
1,video_20250114_125414,2880
1,video_20250114_125414,2890
1,video_20250114_125414,3150
1,video_20250114_125414,3160
1,video_20250114_125414,3170
1,video_20250114_125414,3180
1,video_20250114_125414,3190
1,video_20250114_125414,3200
1,video_20250114_125414,3210
1,video_20250114_125414,3220
1,video_20250114_125414,3230
1,video_20250114_125414,3240
1,video_20250114_125414,3250
1,video_20250114_125414,3260
1,video_20250114_125414,3270
1,video_20250114_125414,3280
1,video_20250114_125414,3290
1,video_20250114_125414,3300
1,video_20250114_125414,3310
1,video_20250114_125414,3320
1,video_20250114_125414,3330
1,video_20250114_125414,3340
1,video_20250114_125414,3350
1,video_20250114_125414,3360
1,video_20250114_125414,3370
1,video_20250114_125414,3380
1,video_20250114_125414,3390
1,video_20250114_125414,3400
1,video_20250114_125414,3410
1,video_20250114_125414,3420
1,video_20250114_125414,3430
1,video_20250114_125414,3440
1,video_20250114_125414,3450
1,video_20250114_125414,3460
1,video_20250114_125414,3470
1,video_20250114_125414,3480
1,video_20250114_125414,3490
1,video_20250114_125414,3500
1,video_20250114_125414,3510
1,video_20250114_125414,3520
1,video_20250114_125414,3530
1,video_20250114_125414,3540
1,video_20250114_125414,3550
1,video_20250114_125414,3560
1,video_20250114_125414,3570
1,video_20250114_125414,3580
1,video_20250114_125414,3590
1,video_20250114_125414,3600
1,video_20250114_125414,3610
1,video_20250114_125414,3620
1,video_20250114_125414,3630
1,video_20250114_125414,3640
1,video_20250114_125414,3650
1,video_20250114_125414,3660
1,video_20250114_125414,3670
1,video_20250114_125414,3680
1,video_20250114_125414,3690
1,video_20250114_125414,3700
1,video_20250114_125414,3710
1,video_20250114_125414,3720
1,video_20250114_125414,3730
1,video_20250114_125414,3740
1,video_20250114_125414,3750
1,video_20250114_125414,3760
1,video_20250114_125414,3770
1,video_20250114_125414,3780
1,video_20250114_125414,3790
1,video_20250114_125414,3800
1,video_20250114_125414,3810
1,video_20250114_125414,3820
1,video_20250114_125414,3830
1,video_20250114_125414,3840
1,video_20250114_125414,3850
1,video_20250114_125414,3860
1,video_20250114_125414,3870
1,video_20250114_125414,3880
1,video_20250114_125414,3890
1,video_20250114_125414,3900
1,video_20250114_125414,3910
1,video_20250114_125414,3920
1,video_20250114_125414,3930
1,video_20250114_125414,3940
1,video_20250114_125414,3950
1,video_20250114_125414,3960
1,video_20250114_125414,3970
1,video_20250114_125414,3980
1,video_20250114_125414,3990
1,video_20250114_125414,4000
1,video_20250114_125414,4010
1,video_20250114_125414,4020
1,video_20250114_125414,4030
1,video_20250114_125414,4040
1,video_20250114_125414,4050
1,video_20250114_125414,4060
1,video_20250114_125414,4070
1,video_20250114_125414,4080
1,video_20250114_125414,4090
1,video_20250114_125414,4100
1,video_20250114_125414,4110
1,video_20250114_125414,4120
1,video_20250114_125414,4130
1,video_20250114_125414,4140
1,video_20250114_125414,4150
1,video_20250114_125414,4160
1,video_20250114_125414,4170
1,video_20250114_125414,4180
1,video_20250114_125414,4190
1,video_20250114_125414,4200
1,video_20250114_125414,4210
1,video_20250114_125414,4220
1,video_20250114_125414,4230
1,video_20250114_125414,4240
1,video_20250114_125414,4250
1,video_20250114_125414,4260
1,video_20250114_125414,4270
1,video_20250114_125414,4280
1,video_20250114_125414,4290
1,video_20250114_125414,4300
1,video_20250114_125414,4310
1,video_20250114_125414,4320
1,video_20250114_125414,4330
1,video_20250114_125414,4340
1,video_20250114_125414,4350
1,video_20250114_125414,4360
1,video_20250114_125414,4370
1,video_20250114_125414,4380
1,video_20250114_125414,4390
1,video_20250114_125414,4400
1,video_20250114_125414,4410
1,video_20250114_125414,4420
1,video_20250114_125414,4430
1,video_20250114_125414,4440
1,video_20250114_125414,4450
1,video_20250114_125414,4460
1,video_20250114_125414,4470
1,video_20250114_125414,4480
1,video_20250114_125414,4490
1,video_20250114_125414,4500
1,video_20250114_125414,4510
1,video_20250114_125414,4520
1,video_20250114_125414,4530
1,video_20250114_125414,4540
1,video_20250114_125414,4550
1,video_20250114_125414,4560
1,video_20250114_125414,4570
1,video_20250114_125414,4580
1,video_20250114_125414,4590
1,video_20250114_125414,4600
1,video_20250114_125414,4610
1,video_20250114_125414,4620
1,video_20250114_125414,4630
1,video_20250114_125414,4640
1,video_20250114_125414,4650
1,video_20250114_125414,4660
1,video_20250114_125414,4670
1,video_20250114_125414,4680
1,video_20250114_125414,4690
1,video_20250114_125414,4700
1,video_20250114_125414,4710
1,video_20250114_125414,4720
1,video_20250114_125414,4730
1,video_20250114_125414,4740
1,video_20250114_125414,4750
1,video_20250114_125414,4760
1,video_20250114_125414,4770
1,video_20250114_125414,4780
1,video_20250114_125414,4790
1,video_20250114_125414,4800
1,video_20250114_125414,4810
1,video_20250114_125414,4820
1,video_20250114_125414,4830
1,video_20250114_125414,4840
1,video_20250114_125414,4850
1,video_20250114_125414,4860
1,video_20250114_125414,4870
1,video_20250114_125414,4880
1,video_20250114_125414,4890
1,video_20250114_125414,4900
1,video_20250114_125414,4910
1,video_20250114_125414,4920
1,video_20250114_125414,4930
1,video_20250114_125414,4940
1,video_20250114_125414,4950
1,video_20250114_125414,4960
1,video_20250114_125414,4970
1,video_20250114_125414,4980
1,video_20250114_125414,4990
1,video_20250114_125414,5000
1,video_20250114_125414,5010
1,video_20250114_125414,5020
1,video_20250114_125414,5030
1,video_20250114_125414,5040
1,video_20250114_125414,5050
1,video_20250114_125414,5060
1,video_20250114_125414,5070
1,video_20250114_125414,5080
1,video_20250114_125414,5090
1,video_20250114_125414,5100
1,video_20250114_125414,5110
1,video_20250114_125414,5120
1,video_20250114_125414,5130
1,video_20250114_125414,5140
1,video_20250114_125414,5150
1,video_20250114_125414,5160
1,video_20250114_125414,5170
1,video_20250114_125414,5180
1,video_20250114_125414,5190
1,video_20250114_125414,5200
1,video_20250114_125414,5210
1,video_20250114_125414,5220
1,video_20250114_125414,5230
1,video_20250114_125414,5240
1,video_20250114_125414,5250
1,video_20250114_125414,5260
1,video_20250114_125414,5270
1,video_20250114_125414,5280
1,video_20250114_125414,5290
1,video_20250114_125414,5300
1,video_20250114_125414,5310
1,video_20250114_125414,5320
1,video_20250114_125414,5330
1,video_20250114_125414,5340
1,video_20250114_125414,5350
1,video_20250114_125414,5360
1,video_20250114_125414,5370
1,video_20250114_125414,5380
1,video_20250114_125414,5390
1,video_20250114_125414,5400
1,video_20250114_125414,5410
1,video_20250114_125414,5420
1,video_20250114_125414,5430
1,video_20250114_125414,5440
1,video_20250114_125414,5450
1,video_20250114_125414,5460
1,video_20250114_125414,5470
1,video_20250114_125414,5480
1,video_20250114_125414,5490
1,video_20250114_125414,5500
1,video_20250114_125414,5510
1,video_20250114_125414,5520
1,video_20250114_125414,5530
1,video_20250114_125414,5540
1,video_20250114_125414,5550
1,video_20250114_125414,5560
1,video_20250114_125414,5570
1,video_20250114_125414,5580
1,video_20250114_125414,5590
1,video_20250114_125414,5600
1,video_20250114_125414,5610
1,video_20250114_125414,5620
1,video_20250114_125414,5630
1,video_20250114_125414,5640
1,video_20250114_125414,5650
1,video_20250114_125414,5660
1,video_20250114_125414,5670
1,video_20250114_125414,5680
1,video_20250114_125414,5690
1,video_20250114_125414,5700
1,video_20250114_125414,5710
1,video_20250114_125414,5720
1,video_20250114_125414,5730
1,video_20250114_125414,5740
1,video_20250114_125414,5750
1,video_20250114_125414,5760
1,video_20250114_125414,5770
1,video_20250114_125414,5780
1,video_20250114_125414,5790
1,video_20250114_125414,5800
1,video_20250114_125414,5810
1,video_20250114_125414,5820
1,video_20250114_125414,5830
1,video_20250114_125414,5840
1,video_20250114_125414,5850
1,video_20250114_125414,5860
1,video_20250114_125414,5870
1,video_20250114_125414,5880
1,video_20250114_125414,5890
1,video_20250114_125414,5900
1,video_20250114_125414,5910
1,video_20250114_125414,5920
1,video_20250114_125414,5930
1,video_20250114_125414,5940
1,video_20250114_125414,5950
1,video_20250114_125414,5960
1,video_20250114_125414,5970
1,video_20250114_125414,5980
1,video_20250114_125414,5990
1,video_20250114_125414,6000
1,video_20250114_125414,6010
1,video_20250114_125414,6020
1,video_20250114_125414,6030
1,video_20250114_125414,6040
1,video_20250114_125414,6050
1,video_20250114_125414,6060
1,video_20250114_125414,6070
3,video_20250114_125414,6090
3,video_20250114_125414,6100
3,video_20250114_125414,6110
3,video_20250114_125414,6120
3,video_20250114_125414,6130
3,video_20250114_125414,6140
3,video_20250114_125414,6150
3,video_20250114_125414,6160
3,video_20250114_125414,6170
3,video_20250114_125414,6180
3,video_20250114_125414,6190
3,video_20250114_125414,6200
3,video_20250114_125414,6210
3,video_20250114_125414,6220
3,video_20250114_125414,6230
3,video_20250114_125414,6240
3,video_20250114_125414,6250
3,video_20250114_125414,6260
3,video_20250114_125414,6270
3,video_20250114_125414,6280
3,video_20250114_125414,6290
3,video_20250114_125414,6300
3,video_20250114_125414,6310
3,video_20250114_125414,6320
3,video_20250114_125414,6330
3,video_20250114_125414,6340
3,video_20250114_125414,6350
3,video_20250114_125414,6360
3,video_20250114_125414,6370
3,video_20250114_125414,6380
3,video_20250114_125414,6390
3,video_20250114_125414,6400
3,video_20250114_125414,6410
3,video_20250114_125414,6420
3,video_20250114_125414,6430
3,video_20250114_125414,6440
3,video_20250114_125414,6450
3,video_20250114_125414,6460
3,video_20250114_125414,6470
3,video_20250114_125414,6480
3,video_20250114_125414,6490
3,video_20250114_125414,6500
3,video_20250114_125414,6510
3,video_20250114_125414,6520
3,video_20250114_125414,6530
3,video_20250114_125414,6540
3,video_20250114_125414,6550
3,video_20250114_125414,6560
3,video_20250114_125414,6570
3,video_20250114_125414,6580
3,video_20250114_125414,6590
3,video_20250114_125414,6600
3,video_20250114_125414,6610
3,video_20250114_125414,6620
3,video_20250114_125414,6630
3,video_20250114_125414,6640
3,video_20250114_125414,6650
3,video_20250114_125414,6660
3,video_20250114_125414,6670
3,video_20250114_125414,6680
3,video_20250114_125414,6690
3,video_20250114_125414,6700
3,video_20250114_125414,6710
3,video_20250114_125414,6720
3,video_20250114_125414,6730
3,video_20250114_125414,6740
3,video_20250114_125414,6750
3,video_20250114_125414,6760
3,video_20250114_125414,6770
3,video_20250114_125414,6780
3,video_20250114_125414,6790
3,video_20250114_125414,6800
3,video_20250114_125414,6810
3,video_20250114_125414,6820
3,video_20250114_125414,6830
3,video_20250114_125414,6840
3,video_20250114_125414,6850
3,video_20250114_125414,6860
3,video_20250114_125414,6870
3,video_20250114_125414,6880
3,video_20250114_125414,6890
3,video_20250114_125414,6900
3,video_20250114_125414,6910
3,video_20250114_125414,6920
3,video_20250114_125414,6930
3,video_20250114_125414,6940
3,video_20250114_125414,6950
3,video_20250114_125414,6960
3,video_20250114_125414,6970
3,video_20250114_125414,6980
3,video_20250114_125414,6990
3,video_20250114_125414,7000
3,video_20250114_125414,7010
3,video_20250114_125414,7020
3,video_20250114_125414,7030
3,video_20250114_125414,7040
3,video_20250114_125414,7050
3,video_20250114_125414,7060
3,video_20250114_125414,7070
3,video_20250114_125414,7080
3,video_20250114_125414,7090
3,video_20250114_125414,7100
3,video_20250114_125414,7110
3,video_20250114_125414,7120
3,video_20250114_125414,7130
3,video_20250114_125414,7140
3,video_20250114_125414,7150
3,video_20250114_125414,7160
3,video_20250114_125414,7170
3,video_20250114_125414,7180
3,video_20250114_125414,7190
3,video_20250114_125414,7200
3,video_20250114_125414,7210
3,video_20250114_125414,7220
3,video_20250114_125414,7230
3,video_20250114_125414,7240
3,video_20250114_125414,7250
3,video_20250114_125414,7260
3,video_20250114_125414,7270
3,video_20250114_125414,7280
3,video_20250114_125414,7290
3,video_20250114_125414,7300
3,video_20250114_125414,7310
3,video_20250114_125414,7320
3,video_20250114_125414,7330
3,video_20250114_125414,7340
3,video_20250114_125414,7350
3,video_20250114_125414,7360
3,video_20250114_125414,7370
3,video_20250114_125414,7380
3,video_20250114_125414,7390
3,video_20250114_125414,7400
3,video_20250114_125414,7410
3,video_20250114_125414,7420
3,video_20250114_125414,7430
3,video_20250114_125414,7440
3,video_20250114_125414,7450
3,video_20250114_125414,7460
3,video_20250114_125414,7470
3,video_20250114_125414,7480
3,video_20250114_125414,7490
3,video_20250114_125414,7500
3,video_20250114_125414,7510
3,video_20250114_125414,7520
